"n_500_d_10_tr_20_a_250x250_idx_1_p_abba2"
0.13397536144791
0.12995875683413
0.13549794497502
0.13373249915704
0.13729217615437
0.13370344410378
0.13278618551766
0.13162983284448
0.134128827329
0.13428970061843
0.13235464428642
0.13081772259751
0.13674290942613
0.13322705984483
0.13494261525596
0.13442087752664
0.13135666459958
0.13404227471701
0.13267076768703
0.13355089139182
0.13542359151038
0.1356489703118
0.13472450484996
0.13611959634274
0.13262853768525
0.1358078618793
0.13481507560546
0.13319685156793
0.1308962361547
0.13525969169928
0.13084130245539
0.13065347627529
0.13185774142056
0.13342240049733
0.13541607040951
0.13169107273848
0.13632372353262
0.13712999889894
0.13464524983894
0.13673216563357
0.13636946010199
0.13385302495322
0.13638404331063
0.12955089742644
0.13536449294931
0.13115720638061
0.13518901862012
0.13449273583673
0.13675157543912
0.13617109027154
0.13489239802587
0.13230730628097
0.13347140749155
0.1330928932093
0.13525217943988
0.13423491096436
0.13048420654824
0.13325843686507
0.13171635231788
0.13107104837719
0.1368007338978
0.13585308071132
0.13196668056978
0.1352715157565
0.13595582871018
0.13586750361858
0.13679730347274
0.13331447863838
0.13593966633594
0.13377689063449
0.13737416794961
0.1304149307958
0.13495334266435
0.13349557543458
0.13079637567852
0.13449277427078
0.13604892628362
0.13750577528447
0.13332811081117
0.13311936447534
0.13253108439066
0.13670942353852
0.13368475722379
0.13195505767719
0.13458615859255
0.13661010554862
0.12864702900308
0.13125841599048
0.13561634629353
0.13406480263408
0.13103110430517
0.13430153851395
0.13528734024265
0.13702359010665
0.13640065276046
0.13029587605099
0.13756269052391
0.13388956084688
0.13535610088661
0.13518760112238
0.13389597811103
0.13564082930613
0.13447433805065
0.13571543398849
0.13109777170683
0.13307857040333
0.13242436469464
0.13290197807033
0.12720392732452
0.13391801051858
0.13470805050462
0.13576497401862
0.13364826324775
0.13626200463767
0.13347473005733
0.1326577208952
0.13101712317388
0.13018839341349
0.13159693190389
0.13321277164769
0.13058151425287
0.13418408678287
0.13454689974503
0.13183592298463
0.13517944282766
0.13067118643577
0.13022152818481
0.1340179683594
0.13106415820072
0.13256616090541
0.13262960819711
0.13242711622823
0.13211054976287
0.13253475785976
0.13340973203817
0.13281016199764
0.12996714942874
0.13423390270667
0.12946185698362
0.13374382681003
0.13059119958501
0.13566285136364
0.13576320212536
0.13517889923732
0.13463314817423
0.13631542283904
0.13325174305077
0.13623783793002
0.13664253053613
0.13554504031597
0.13395434662649
0.13314296485585
0.13661609721314
0.13514432080217
0.13374303873228
0.13229059812924
0.13308709629236
0.13559756639077
0.13369442227066
0.13546464656205
0.13459422515768
0.13426690387274
0.13094490623992
0.13588873113594
0.13499378134586
0.13198041011366
0.13327522033185
0.13434040849433
0.13478355148261
0.13415009358636
0.13632036294158
0.13550976307814
0.1313913333865
0.13469210747241
0.13147175291678
0.13335219599473
0.13443403948022
0.12813376815742
0.13132893125562
0.13508777930203
0.13196552322685
0.13434232337012
0.13286270970643
0.13141654694843
0.13406057923042
0.13087015111309
0.1350986814909
0.13059534295012
0.13431393279509
0.1347995614933
0.13077267607321
0.13510906573705
0.13465382423371
0.13187656942431
0.13626934403964
0.13546527089759
0.13626239302102
0.13605439000589
0.13074654476091
0.13549783115695
0.13264458778928
0.13192413034928
0.12943722099797
0.13309762613849
0.12751288419622
0.13622174118134
0.13756770739228
0.13269364011124
0.13465984933557
0.13614779270889
0.13571748586839
0.12994965978853
0.13620244498453
0.13587810573988
0.13541181217917
0.13554490934095
0.13647014963623
0.13521958459641
0.13279720291244
0.13409848587067
0.13449685107887
0.13584467962004
0.13612312751618
0.1339615593885
0.13610818745102
0.13576653718243
0.1302526785467
0.13335609387751
0.13572640852386
0.13363405209317
0.12824640965117
0.13000169240509
0.13072744328425
0.13076945846064
0.13205507840864
0.13330400899688
0.13086767562409
0.13423254811566
0.13349490448522
0.13532291390955
0.13253670226058
0.13580601863676
0.13256209371537
0.1355922266046
0.13563664070109
0.13073132730793
0.13079601154348
0.1340349442203
0.13045745267284
0.13284195031218
0.13168092445166
0.13175779442544
0.12901160544586
0.12972010238914
0.13263857449567
0.13528689362855
0.13487106163741
0.13382222950793
0.13027384750272
0.12939487134672
0.13390138637896
0.12939973564504
0.13239350629533
0.13558500615096
0.12910551853444
0.13602685017381
0.12783810137501
0.13584863746738
0.13248232958707
0.13433023313677
0.13300072463817
0.13195262401446
0.13442888980987
0.13536330206532
0.12895380094546
0.13597117723786
0.13522986293052
0.13577318441123
0.13523823261205
0.13070144702147
0.13568993747182
0.13322327826665
0.13463141128134
0.13313490307811
0.13232180303099
0.13305985184369
0.13454067738984
0.13473525583795
0.13070691045539
0.13566383410533
0.13251794723699
0.13599501801448
0.13495913513266
0.13368271771495
0.13613855194019
0.13556025783878
0.13573307781063
0.1299141041434
0.13551539213773
0.13549577901731
0.13460818997266
0.13593641988686
0.13605220117414
0.13368874306717
0.13152421037957
0.13583340523324
0.13681774233289
0.13279082001122
0.13256919722009
0.13552619955871
0.13669452684962
0.13556258679159
0.13629289641535
0.13386896267595
0.136116896344
0.1357724580532
0.1350141247628
0.13668498814421
0.13545078042247
0.13565265678971
0.13541981750369
0.13440159003692
0.1305408911347
0.13484690436817
0.13223795590064
0.13461767389912
0.13370019533359
0.13283340236892
0.13242318539246
0.13595173791197
0.13481385094952
0.13617444043738
0.13622146551117
0.13310414731423
0.13475504643879
0.13565730368035
0.1320433570747
0.13290399092796
0.13033712637709
0.13323773493041
0.13697684258685
0.1361977288213
0.12991306215398
0.13489296923922
0.12922411173864
0.13272157884659
0.13680211409775
0.13626256711331
0.13508875598165
0.13553716829855
0.1322639126015
0.13110649749843
0.13523563863267
0.13153571101702
0.13683038561883
0.13498491782796
0.13539492295995
0.13035032011894
0.13679549482173
0.13682993638684
0.13482674112379
0.13370532834308
0.12875838524982
0.12856203331633
0.13576536402596
0.1368920744219
0.13529025318369
0.13395609486909
0.13363138397091
0.13542025266534
0.13494815185217
0.1327798583791
0.13322182261451
0.13627736451269
0.13694918270674
0.13625025293217
0.13619515738046
0.13370565538572
0.13420288901648
0.13513197112608
0.13381556657427
0.1349443880727
0.13359935709627
0.13587528434479
0.13508280098209
0.13615828408605
0.1352434957064
0.13167474819232
0.13642570917537
0.1343931014038
0.1331143595756
0.1271940511336
0.13651038508785
0.13553900999583
0.13358217675773
0.13464465718019
0.13584845565076
0.13317514437759
0.13289511454441
0.13453088316027
0.13477173166305
0.13510523813471
0.13642856309907
0.13337561203834
0.13115444089337
0.13649409185894
0.13423925111536
0.13515316117039
0.13403881639762
0.13582676775435
0.13389099779422
0.13452118504207
0.13186919322408
0.13487255163586
0.13470675314841
0.13075424530473
0.13557101990953
0.13548851212667
0.13577157401836
0.13620048133157
0.13570789802294
0.13616029777134
0.13530283880982
0.13626761386508
0.13613881155071
0.13299643396974
0.13639200912301
0.13294701925459
0.13571449033221
0.13543666945598
0.13543765206546
0.13643625908837
0.13582118120437
0.13154490044167
0.13323859765667
0.13545813809002
0.12895944354662
0.13169222936758
0.13085771844426
0.1344203187229
0.13614132622118
0.12811273138664
0.1355275704372
0.13236277285908
0.13558569713809
0.13566569705539
0.13489965276341
0.13461196812382
0.13549021288452
0.13594837463824
0.13558639927216
0.13558639944232
0.13557578311815
0.13598762149266
0.13139085025266
0.13452313958523
0.13598573799085
0.13623502568863
0.1360034967493
0.1341146393661
0.13490012285829
0.13658792435465
0.13648807227917
0.13512207906458
0.13017779453255
0.13541580863295
0.134705528216
0.13473769050138
0.13588045981476
0.13548797607513
0.13527219741271
0.13474953620995
0.1369005182724
0.13615016776806
0.13445267045134
0.13134009581467
0.13329188618344
0.13527321694417
0.13513786344444
0.13541402677785
0.13541402709152
0.13569677447604
0.13219443766538
0.13538725546594
0.13458046754636
0.13504185526576
0.13610852479162
0.13442122919968
0.13544366206236
0.13579399533244
0.13500620812405
0.13492291008611
0.1312201227413
0.1313820429531
0.12951669965713
0.13495741157546
0.13191764333125
0.13542451227058
0.13528385829201
0.13500160029389
"n_500_d_10_tr_20_a_250x250_idx_1_p_cds3"
0.12495149475094
0.13454089033435
0.13485176327609
0.12552409471404
0.12545523082087
0.13425650986868
0.13459568403741
0.13455994572681
0.13437360560719
0.124641467088
0.13486984314984
0.12481775116918
0.12432151043557
0.13474954656332
0.13494406299555
0.13435691913771
0.12517058654801
0.12492006233216
0.12492982206174
0.12506915064629
0.13451854488822
0.12525352288467
0.13469304544945
0.1253132220698
0.13473323199995
0.13444635240176
0.12499758291202
0.12488916591918
0.13499300202507
0.12447271974175
0.13428090561534
0.13492015172004
0.1347544304594
0.13495861924868
0.13450327978172
0.13542298273307
0.13462814133955
0.13443839866111
0.13493430315638
0.13411219384488
0.12398422044126
0.13466927777009
0.12483845698962
0.13463679396726
0.13441128797918
0.13540294997526
0.13423460515413
0.13448373349239
0.12376550486611
0.12459429707793
0.13407923237002
0.13452413506308
0.13394404558731
0.12471114250519
0.12471114273281
0.13462364735626
0.1245621439474
0.12487313558663
0.12410988382809
0.12503738430288
0.13407250402736
0.1247116778935
0.13472016125144
0.13385390364724
0.13469552916812
0.12376550422072
0.13408524524579
0.13478681934987
0.13383949844836
0.13411981240993
0.12449911614471
0.1349877085633
0.1347659094441
0.13476890337762
0.12440093991562
0.13470124017034
0.13401771709127
0.13471557236758
0.13494824872547
0.13489832883802
0.12474006909872
0.13390049402699
0.12434259664745
0.1343812583766
0.12537395528428
0.13431182130189
0.12488420431497
0.13475858435846
0.1349207451129
0.13416512039494
0.13495333791949
0.13499201699742
0.13466533927879
0.12465428245514
0.13365801127255
0.12522023168431
0.1248365478642
0.13482109878879
0.12539030657312
0.12469958485498
0.12511155024154
0.1347733979777
0.13453708118385
0.13389151285777
0.1253085031733
0.13493790057825
0.13473627081689
0.1346300656488
0.13434290523595
0.12547027228954
0.13475170595704
0.12457665695084
0.13475184508598
0.13493602565828
0.12569827063194
0.13472811624737
0.1258807219347
0.13551382724519
0.12545105505236
0.13475006209804
0.12540246807541
0.13482076946327
0.134798642685
0.1345554361408
0.13430379469479
0.13429317213978
0.13561906711353
0.13512770366307
0.13429105640046
0.13491361360127
0.13533172358153
0.12610968397844
0.12519502134135
0.13528439610519
0.13461593452391
0.13453339237751
0.12485598132232
0.12516903707149
0.12504252742766
0.13452475356741
0.12468124203653
0.13475252832061
0.13491180261195
0.1347161137897
0.13439716434588
0.13433618944944
0.12615180467726
0.1343405213305
0.1349918375341
0.13474838664824
0.12593287557004
0.12508222587788
0.13437450578416
0.13417648462751
0.13408047227009
0.13475976195886
0.134751386346
0.13476215699976
0.13493200333999
0.12469966914169
0.13461925359826
0.13426361302316
0.12555285459039
0.13447764565004
0.125665874473
0.13455188444931
0.13443395032615
0.12495204725694
0.13447280852353
0.13457300929762
0.13436797165794
0.13508800165734
0.12450109965452
0.13480520084322
0.1339584379037
0.13486821353701
0.13479181253064
0.12414227730961
0.13398146756096
0.13422950810203
0.1251597606319
0.134406306749
0.13505563106547
0.12593414414379
0.13426520483544
0.12568220491452
0.13480382664687
0.1250421975815
0.12528778590532
0.1247871525921
0.13460038108236
0.13435978219847
0.13413320223023
0.13468688949002
0.13462324022025
0.124604311264
0.12483959064376
0.13441684644847
0.13456283237655
0.12489462314441
0.13458985153514
0.12502865177287
0.13446143395325
0.1244157042323
0.12460431164073
0.13453365571264
0.12470248529549
0.12467399478066
0.13455645978309
0.13467712127878
0.12445408980199
0.13507311840072
0.13445158611506
0.12477251476495
0.12447152027249
0.12493242378352
0.12474065729852
0.13474841081321
0.13456220643648
0.13471833727836
0.13455216440418
0.13409042676501
0.1248255131939
0.12524333274132
0.12509499575597
0.13414272531283
0.13546128326104
0.1251112088293
0.13457353742547
0.12517476126966
0.13404042359433
0.13465391633048
0.13584129118308
0.13549649571842
0.13411717952494
0.13471806070758
0.12581216501878
0.13499645308748
0.13489357903976
0.13481093401763
0.13464941008792
0.13427015221807
0.13499032682716
0.13388501046917
0.1347373821302
0.12539139473067
0.13463612296898
0.13350420115843
0.12551559382823
0.13503017303013
0.12414880159884
0.12506330549913
0.12473010674626
0.13531844990563
0.13481132455337
0.12489203947497
0.13476108275774
0.1345461934471
0.13443972925536
0.12436913359094
0.13471333782727
0.12510514866656
0.13455202145977
0.12534301740416
0.1351536438049
0.13460175534919
0.12447665496399
0.13508741221344
0.13470723415679
0.12423161605555
0.13488128590006
0.12534340278394
0.12507008579448
0.12490895581525
0.13510132036335
0.12415306840306
0.13451979336419
0.12414142529242
0.12508580808969
0.12516420854849
0.13482065025126
0.13495960985696
0.13512184745254
0.1347903955494
0.1251611798208
0.12493631523478
0.13503576122804
0.1348312144823
0.13505938150034
0.13424505011302
0.13462018253489
0.12475541448012
0.13499305516161
0.13479919215949
0.13462998563308
0.13481928897481
0.12472091322583
0.13524381467021
0.12383099007479
0.13420901573205
0.13500243992344
0.13401018370082
0.13447344732695
0.13364381121969
0.13431056369492
0.13398482735276
0.13450147089458
0.12417231303976
0.13424393229717
0.12449168819605
0.13455142344709
0.13417379574368
0.13399736584967
0.13447979150116
0.13380985989418
0.13397923933355
0.13456815322994
0.13409765083758
0.13491418759424
0.13378263682367
0.13400983993641
0.13422742250449
0.12501785949703
0.13466167175444
0.13449283777532
0.13497646569015
0.13442382928583
0.12530218469653
0.13485582354107
0.12462411046234
0.13455647132293
0.13428063998395
0.13446634445125
0.12404404631182
0.13424158266337
0.1337624981987
0.13485684611658
0.13436367937024
0.13424162996796
0.13468876572061
0.12423785460835
0.13460437161936
0.12458106139507
0.13450573230057
0.13457786093593
0.13442993602932
0.13450444299278
0.13459526552067
0.12442166102832
0.13456839327802
0.12469028428149
0.13463140647255
0.13439461667047
0.13528412382943
0.12527059452716
0.12359978130937
0.1247240047995
0.12504653682466
0.13422358985397
0.13485962907308
0.13459507166568
0.13418323437648
0.12457212991846
0.13438610697001
0.1341970695904
0.12390156539634
0.13391448640875
0.13438027584704
0.13381118389049
0.1337170514739
0.12469207466508
0.13446789348529
0.13457484421658
0.12353981112498
0.13405413257859
0.13460962608305
0.12450398772723
0.13407912509879
0.1346010715428
0.13471599804757
0.12419223084031
0.13509927474313
0.13468644299223
0.1342532936288
0.13422162424275
0.13428024435923
0.13445561666091
0.13462848186964
0.12430002876054
0.13429756185069
0.13462719267963
0.13378867495408
0.13417966037639
0.12416992000093
0.13445511544873
0.12446484051592
0.13402659309323
0.13414196174561
0.1344282979111
0.13508414909376
0.13411363799324
0.13448802745145
0.13417505989649
0.12442324468824
0.1342323331323
0.13407068397995
0.13445209942271
0.13442693609417
0.12385791188297
0.13404224551955
0.13418302933411
0.13432038608076
0.13476950078847
0.13418415958399
0.13436299842413
0.13479843690367
0.13509155570494
0.13384839232005
0.12497820110344
0.13420275295153
0.12533876627741
0.1339781347205
0.13427217750847
0.13459754229724
0.13389677077239
0.13389811463386
0.13353099661585
0.12432632299702
0.133966380329
0.1337389853412
0.12318118415524
0.13414119586819
0.13434471984456
0.135037558271
0.12534589261887
0.13512735644375
0.12511045680923
0.13510025320094
0.13491977161499
0.13524331385682
0.13516817628053
0.13467229522485
0.12367258251649
0.124336566989
0.12453341109526
0.13405989900292
0.13389110400096
0.13365956356599
0.13389264148871
0.12400666212623
0.12339417620253
0.12339417625788
0.13362214535794
0.13367478423528
0.133980302288
0.1338541247123
0.13349491224994
0.12374361733613
0.13379963038982
0.12456615004964
0.13437827858956
0.13426088175348
0.1340935197835
0.13401550393086
0.13396746302618
0.13374509348578
0.13387345448439
0.13423333703045
0.13441220912599
0.13379661242449
0.13369476251511
0.13376653145646
0.13398736682276
0.12362720088911
0.12446093993508
0.12382355309051
0.1335214732751
0.12449505378246
0.13503131911868
0.1234849939686
0.1235831702002
0.124599208852
0.12476965968464
0.13417987964782
0.13433023213546
0.13440187771027
0.13461559459881
0.13353795432597
0.1337565257088
0.13393274449054
0.12346921653931
0.13414517305922
0.12413123494245
0.12404996646554
0.1241481441691
0.13445945569543
0.13452989650583
0.12385882175381
0.13351763412953
0.13344608059431
"n_500_d_10_tr_20_a_250x250_idx_1_p_flooding"
0.13684969206235
0.13652381043264
0.13679630040339
0.13689009151647
0.1372798321686
0.13612123078408
0.1370661867036
0.13643451967026
0.13693799195932
0.13621758244648
0.1370332574233
0.13663018466736
0.13590033954359
0.13682605187717
0.13687220974336
0.13619899014683
0.13698508530133
0.13655351121182
0.13676496516678
0.137173337306
0.13639804852612
0.13732154410627
0.1364680583217
0.13717254442969
0.13723422562533
0.13648016780687
0.13706125232359
0.13677391598139
0.13683810734455
0.13611467560578
0.13634710371142
0.13703324322286
0.1370119216359
0.13736001463089
0.13624534114044
0.13783445347496
0.13653320709523
0.13663841232872
0.13687287390931
0.13605189138906
0.13563043054031
0.13653235384916
0.13624440309471
0.13674957259629
0.1363443819295
0.13748889014058
0.13610397157251
0.13632150543713
0.13558634382663
0.13627754605518
0.13615188077632
0.13662619745959
0.13563573635893
0.13662600626145
0.13662531047257
0.13689053948264
0.13633153820069
0.136544487778
0.13583296774103
0.13674136058088
0.13566921343603
0.13667748026035
0.13659958569834
0.13599377095362
0.13687190545351
0.1355873954923
0.13568860016411
0.13703539877087
0.1356380254912
0.13585298654299
0.13637617957161
0.13689172127785
0.13683314461528
0.1367813469141
0.13637649236164
0.13692166320668
0.13586327489735
0.13697085095615
0.13706408703694
0.13695394490041
0.13656881915596
0.13561432427264
0.1362638089906
0.13668935345385
0.1368203299518
0.13624582502363
0.13648819202209
0.13694882811142
0.13723023829524
0.1362483288602
0.13709742967846
0.13721851029964
0.1366785738815
0.13651172250274
0.13534011023408
0.13710112712199
0.13689527781797
0.13676298585695
0.13738849213356
0.13655286934234
0.13696875131002
0.13666626794171
0.13645297084024
0.13560116172826
0.13702694685844
0.1372042148618
0.13666071960777
0.13659880935207
0.13622355993245
0.13751757543682
0.13705470939302
0.13627444408899
0.13662866521431
0.13696332284103
0.13757224591338
0.13657759606633
0.13800705990939
0.13790753950357
0.13769911113423
0.13679516191176
0.1369018901924
0.13676317491347
0.13684959989475
0.13669687941713
0.13601630796163
0.13601661811626
0.13814637674138
0.13709210158049
0.13601609762296
0.13680274645123
0.13777837775871
0.13834331075993
0.13686723792331
0.13789543660035
0.13646718942672
0.13695449817825
0.13641792229247
0.1371863018211
0.13689078152989
0.13651849424822
0.1368147218338
0.13669290972107
0.13706247730268
0.13680623308378
0.13621112228904
0.13624512649013
0.13836481421274
0.13609486316233
0.13758576472041
0.13670649298952
0.1381845607353
0.13687756125887
0.13612311642674
0.136026836255
0.13581169926269
0.13675244886295
0.13682640860891
0.13683208806153
0.1369303847356
0.13626661468395
0.13653425879408
0.13601816651027
0.13745880691716
0.13648950689416
0.13774282509765
0.13629083435642
0.13644575588143
0.13666926007897
0.13631859659192
0.13643464105074
0.1365754729378
0.13724510353585
0.13650012444783
0.1368586853672
0.13615508865167
0.13704329162603
0.13683962346721
0.13615374603551
0.135663032907
0.13592407650573
0.13738861077847
0.1366511943409
0.13741744821901
0.13766886436693
0.13612727419715
0.1374751717009
0.13698628078951
0.13669543260251
0.13698605936301
0.13676776929084
0.1367694575749
0.13608807838996
0.13584522593221
0.13678755292796
0.13682464210888
0.1366387779469
0.13686422402181
0.13664146541671
0.13671992996075
0.13674215192503
0.13658787936456
0.13679916851646
0.13645869364113
0.13614208790889
0.13664146294394
0.13657379595927
0.13662242407845
0.13654305149654
0.13629147580338
0.13652529625008
0.13616981920912
0.1370999955688
0.13635918595193
0.13648567387316
0.13618570304352
0.13664528153005
0.1364902788393
0.1366457282268
0.13646062963215
0.13667980420263
0.13649403181
0.13626864946889
0.13661956169393
0.13671051428573
0.13690651125113
0.13590493466135
0.13772545997237
0.13642873798566
0.13660429682093
0.13706712516651
0.1362099745428
0.13703903736003
0.13800260244252
0.13764547625759
0.13618530198144
0.13704946992477
0.13805012220247
0.13688760874275
0.13715808930241
0.13666792934385
0.13647353510693
0.13631928206817
0.13704831915644
0.13560002181347
0.13664616655319
0.13682621884032
0.13702884440985
0.13540493195253
0.13722545420224
0.13709206077363
0.13614216676784
0.13675973287868
0.13683304433658
0.13738898973365
0.13675845770933
0.13681267172175
0.13705695783479
0.13683225104529
0.13663320973765
0.13637937986122
0.13672253011927
0.13694540968824
0.13644355933667
0.13719161060858
0.13719041762181
0.13656630896563
0.13658002213418
0.137131244826
0.13677431551014
0.13599445750957
0.13702798180153
0.13719000445886
0.13691289521418
0.13667954059419
0.13720974049574
0.13596209154474
0.13665660392884
0.13619324345507
0.13687528458381
0.13705818095329
0.13671602309211
0.13687600438422
0.1371553970871
0.13682712980334
0.13698349133475
0.13690344315255
0.13697724959007
0.13675953584058
0.13709664674802
0.13628437849592
0.13672279838601
0.13648886328935
0.13698944022187
0.13683379697745
0.13667113548298
0.13669975780412
0.13649621163105
0.13737574477893
0.13560797997042
0.13590870288504
0.13712361425092
0.13581159052122
0.13626224652796
0.13523231977193
0.13605955904976
0.1357512817052
0.13628970422864
0.13575163117513
0.13603477035318
0.13605924126318
0.13641257515032
0.1359265014491
0.13562134379079
0.13624190316133
0.13541078832478
0.13560262471241
0.13654420577009
0.13602817135857
0.13697444403578
0.13537188477503
0.13582933321776
0.13603595854962
0.13680896221426
0.13660817166381
0.13648322493589
0.13705993206879
0.13629021923306
0.13697970672953
0.13683334335481
0.13627317138273
0.13649691127554
0.13621577630949
0.13636649709546
0.1359495432943
0.13624609151813
0.13594807395262
0.13678851528325
0.13614773927869
0.13624396092751
0.13659536503778
0.13603888738578
0.13645829498352
0.1365603170375
0.13640487539924
0.13684673175797
0.13638095859647
0.13631013493313
0.13660546992871
0.13640972301456
0.13630673537639
0.13621421244718
0.13686360497607
0.13618849888569
0.13738609205936
0.13726445056898
0.13533117398359
0.13646530139399
0.13699607725488
0.13630713606344
0.13709716625105
0.13637151094901
0.1359587004037
0.13618434059657
0.1361822324387
0.13596058149336
0.13565943452146
0.13558479640416
0.13632094329725
0.13562336435727
0.13565670796034
0.1364109478491
0.13641240100943
0.13643442270175
0.13516695153516
0.13583768073644
0.13645982078777
0.13625909881038
0.13609652928707
0.13652909593292
0.13675640845733
0.13586712571435
0.13767599481504
0.13660667150623
0.13609983096666
0.13590194269198
0.13608682659819
0.13625339921214
0.13642734742065
0.13604495403991
0.13620562294692
0.13630178572809
0.13544902587042
0.13598616947309
0.1354471756303
0.13615168438394
0.1359841226677
0.13570401138688
0.13594566668536
0.13621358913503
0.13705017087873
0.13590741137033
0.13628895077503
0.13610204834509
0.13599688750309
0.13599095812599
0.13585986441364
0.13635459267555
0.13621659985747
0.13537568467196
0.13568063187534
0.13602139725885
0.13607059887838
0.13678333003169
0.1360197671987
0.1360529743695
0.1369539569454
0.13724060381293
0.13543792631257
0.13675808587517
0.13598267674024
0.13728764693485
0.13600882057809
0.1360867054083
0.13642501191952
0.13555383834352
0.13555489455623
0.13535905217526
0.13579451543371
0.13569732233311
0.1354578962836
0.1347095040621
0.13589240057827
0.13609647904099
0.1370125763976
0.13693673965557
0.1371332236535
0.13698432008823
0.13717344423152
0.13698722944886
0.1372458894014
0.1373298813012
0.13703248013024
0.13540093343267
0.13607547143848
0.13604084635545
0.13605083328756
0.13558615754812
0.13525747582593
0.13558586933293
0.13560245055975
0.13516797444804
0.13516806582094
0.13535281315168
0.13542417133869
0.13578885498996
0.13545409417273
0.13540106772218
0.1356433430419
0.13559601711032
0.13624453085031
0.1362447862632
0.13622378624643
0.13594883051637
0.13576299273285
0.13560701600134
0.13537235839118
0.13577048741588
0.13588498414747
0.13611874431727
0.13537207524561
0.1354168762251
0.13579435039781
0.13600401787315
0.13536749261278
0.1361945539561
0.13536960227263
0.13522237129318
0.13624012047334
0.1369946879252
0.13508403737862
0.1350812555156
0.13630073370815
0.1365069747566
0.13609771683291
0.13616184307135
0.13630377357486
0.13655104315604
0.13522122236908
0.13554203213863
0.13564571024597
0.13495424254421
0.13617788453839
0.13605406667213
0.1358935542115
0.13589442111468
0.13624626628965
0.13641426411332
0.13538458422379
0.13516909247567
0.13500515223236
"n_500_d_10_tr_20_a_250x250_idx_1_p_mprt2"
0.12498427304834
0.12366096171533
0.12536525958649
0.12485903000209
0.12464743182726
0.12390546522014
0.12945618252072
0.1307926944819
0.12464991939065
0.12665831089077
0.1267950687396
0.12796148323064
0.13230711354302
0.12781149489335
0.12451795814632
0.12382886687613
0.12464231235773
0.12366096169651
0.12699803798011
0.12692964177846
0.13223055727979
0.13335664598119
0.12653737186647
0.13181085741961
0.12762399018128
0.13159297102837
0.13288660813366
0.12706080606508
0.12415725988965
0.13423215671043
0.13055143824304
0.12587911380897
0.12760022021356
0.12916458970002
0.12498158457338
0.13148333513003
0.12509600348753
0.13218223671781
0.13436172222186
0.13169212795163
0.1241142056598
0.12518351717971
0.13409106211178
0.12937212194498
0.13399624118841
0.12659781185874
0.12905234927717
0.12771456247566
0.13280741226853
0.12418127212098
0.12368693270304
0.12822430613571
0.13007411058052
0.13225175045678
0.13389337091482
0.12568549732721
0.12678816373916
0.12429930283739
0.13256259450995
0.12401521726612
0.1261627574991
0.1259261747073
0.13227619435414
0.12438822795954
0.13028913819194
0.12964625960658
0.12839907849193
0.12851431663665
0.12892739016646
0.12867515944905
0.12472955392263
0.12806130021115
0.12840355387447
0.13158590138619
0.12941890019971
0.13093461472325
0.12729912367063
0.12905243864471
0.12787217285569
0.1281117010973
0.1241518589748
0.13242120386042
0.12443941425454
0.12923224441047
0.12915313424693
0.12966066777931
0.13436944485529
0.12887152182348
0.13457102053501
0.12436636625007
0.12385702306263
0.13218020235104
0.13113992121195
0.13141675366867
0.13332965666361
0.12776956469189
0.12428810953096
0.13344491218377
0.12500346164684
0.12887365714298
0.12529429873167
0.12882970408916
0.12579132312774
0.12800244953859
0.13284782240333
0.12524669465043
0.13069632155313
0.12892247104956
0.1285550576953
0.12501645669016
0.13178529598987
0.12764942465603
0.12539397013217
0.12497725011318
0.12870041274233
0.12395455267583
0.12914482230791
0.13413597067815
0.12944578999013
0.13107559141277
0.13372767395998
0.1290274892525
0.13301483655316
0.1255905732591
0.13365427420662
0.13402496737985
0.12561184891
0.12434421465026
0.12497508937115
0.12645339972708
0.12893347173253
0.1309831127643
0.12983703222966
0.12972028781049
0.13007728132789
0.12484741950721
0.1297500441715
0.12456996773392
0.12440800044169
0.12374736390314
0.13070331576078
0.1256721860056
0.13046881761166
0.12426162014763
0.12564919723769
0.13306640181291
0.12545126997365
0.13283961877963
0.12455268469685
0.12787495616667
0.12921773271577
0.13034194640846
0.13330403682188
0.1266248293002
0.1242113209887
0.13089943959798
0.13392939895323
0.12690747227984
0.12809829768178
0.13194961344171
0.1342803121662
0.12459029648269
0.12820026985338
0.13298872166559
0.12464680642066
0.13278540287599
0.13281133258922
0.12909194655292
0.13165945991408
0.12455361631632
0.12592385139214
0.13056479196392
0.1240834368039
0.12587978662295
0.13086341207955
0.12863012686706
0.12858888842817
0.12559107111753
0.12758870125625
0.13294199756364
0.13340644596133
0.13274507007736
0.13276859580452
0.13192055934126
0.12773165139086
0.13430240624727
0.1267478614249
0.12422917790862
0.12675608291334
0.12827970098208
0.12599503697001
0.13019651815278
0.1276286143459
0.1312651587077
0.13320254223047
0.12661920417206
0.12958881917042
0.13433185191205
0.12801763809965
0.1246900376179
0.13337184374012
0.13242965128546
0.12937493728008
0.13066848307597
0.13373171445448
0.13094012434038
0.13067242654231
0.12765162102657
0.13382566579239
0.12400958220088
0.12400958164558
0.13232075160457
0.13052223746301
0.13424246412728
0.12596251509787
0.1314582969859
0.12458828891147
0.13434248684474
0.12466213660683
0.12452630268788
0.12425369633715
0.13043885724137
0.12442160729086
0.12757748120446
0.12453317835139
0.13268877258869
0.12453279425931
0.12464761654402
0.12448461206807
0.12859057944327
0.13312765337397
0.13130775373479
0.12944065083469
0.12447980900095
0.12441308359943
0.12433228985974
0.13103907107942
0.12405909090582
0.13020494836184
0.12453317797848
0.12469957049329
0.13280837852613
0.12781993839838
0.12643124174562
0.13326033871245
0.13372273622697
0.12485687840591
0.12356074323268
0.12406155057055
0.12610284368184
0.12804452127929
0.12874352936804
0.12832421774953
0.12455255041585
0.1317489811358
0.12972314843755
0.12516307786143
0.1335211664679
0.12455281368356
0.12444708429934
0.12420985679992
0.12471605454042
0.13347377434098
0.12513286878693
0.13002978527966
0.12578784212823
0.12931925996493
0.13243910747769
0.12513286980388
0.12644082255935
0.12612667492582
0.12843247998505
0.12997750051864
0.12397509776481
0.1284643084841
0.13291139884863
0.13002838677962
0.13427975244437
0.12395248742548
0.12504724932047
0.1315322751498
0.13023856258299
0.13409185280851
0.13468615897744
0.12731548313619
0.12474615199021
0.1331711752806
0.12860039643491
0.12641055592425
0.13314011311895
0.13367782026496
0.12779807555551
0.12895387433632
0.12745613358921
0.13411493881884
0.1337069564056
0.12611829951344
0.1331722973764
0.12370934436437
0.12829192830676
0.12929168125205
0.13237849524207
0.12617909326267
0.13380351059713
0.13347230304978
0.12968476855551
0.12383572845646
0.13086804531788
0.12976624512308
0.12414575108263
0.12403208069138
0.13406220019063
0.12879946227849
0.13478041699352
0.12483397725307
0.1274598489004
0.13435165174407
0.13249591944041
0.13388910029735
0.12718014021318
0.12784715538517
0.13312501731379
0.12449897850344
0.12513819351667
0.12656426470801
0.12459553733406
0.12396020008389
0.12664209442573
0.13424516469756
0.13434898067286
0.12437726257203
0.12469978453477
0.1255382255126
0.12445956279214
0.12607643141696
0.126490271089
0.1334762470933
0.13295436123532
0.13146879444598
0.12853855337861
0.12416103073075
0.13175604791461
0.13223901346421
0.13032789441738
0.12862221325185
0.13420337464153
0.13155441269617
0.12347403853675
0.1257513366098
0.12439334934587
0.1318726625923
0.12720002284294
0.13415460453029
0.12508225352002
0.12429694668378
0.13315224804739
0.13130862185639
0.1239380807863
0.12992998950179
0.1258271250018
0.13401008135144
0.1244415790954
0.12464999772364
0.12414705123269
0.12393094767694
0.12746123055634
0.12379711496421
0.12457423296026
0.12888459899873
0.12378484725445
0.13359924564089
0.12378539749045
0.13264351317761
0.12339429793885
0.1323372184303
0.12607340898337
0.12823737289121
0.13118744390469
0.12383463573386
0.12519678939832
0.13195720980303
0.13029997048678
0.13109363145205
0.13286011453006
0.12990160084381
0.13264809806278
0.12370114624766
0.12379967842225
0.12838490750982
0.13172407227595
0.1286107870234
0.13327882642443
0.13449349688192
0.12456731959329
0.1304219676184
0.13417202444521
0.12415846714255
0.13425915593746
0.12434697011594
0.13171211088016
0.1239003362781
0.12399851231147
0.13400772482595
0.12449009575826
0.1317866946873
0.13093151914608
0.13010024137531
0.13404917368545
0.12909067311882
0.13329916930736
0.13407645462832
0.13305995552913
0.13482905751287
0.12380140042497
0.12987611019046
0.13004822221357
0.12370305752574
0.12426563331875
0.12720891934
0.1344760171232
0.12475429491046
0.12381628714021
0.12636857620352
0.1313407537011
0.13425319441326
0.12408044888564
0.13345350676336
0.13416544307296
0.13382767402009
0.12379372848007
0.123186944
0.12818813166835
0.12821402338879
0.12559047116012
0.12635226404119
0.12665306497063
0.12860535548123
0.12673086018635
0.12757981709757
0.13062062141198
0.13385559766858
0.12369430582946
0.12669606711823
0.13369283823659
0.12678314204685
0.12463526741629
0.1253930843514
0.12823370679215
0.13226396389041
0.12339763207784
0.12339763209008
0.12354457601442
0.12603273229473
0.13337369690227
0.13122204858411
0.12907137027512
0.13349948474643
0.13150801617293
0.12607641617159
0.13431854033026
0.12450730427699
0.12499248141041
0.12954845233267
0.12672215278041
0.13296618760107
0.12786113278342
0.12900634880999
0.13018169214363
0.1324058699485
0.13295629720693
0.13093002291589
0.12338781002603
0.12393245141538
0.13312912415941
0.12348598622609
0.12350505623108
0.12484871211966
0.12370140829591
0.12356921668386
0.1267699626007
0.13346442851126
0.12608967487308
0.12690919968292
0.13060921973954
0.12420743684036
0.12435144037787
0.13096386163495
0.13325130676513
0.13273552323083
0.12575087996137
0.12332803283823
0.12421520343823
0.1240607045416
0.12394496050285
0.12404313704151
0.12361772875903
0.13416496540004
0.13213780565789
0.13320502533803
0.12350009692232
"n_500_d_10_tr_20_a_250x250_idx_1_p_probflood"
0.13458713916763
0.1339396778566
0.13501518600364
0.13451483728199
0.13483696481818
0.13389106472025
0.13483802250139
0.13540320222922
0.13483644362621
0.13505347895838
0.13478304087389
0.13497606201303
0.13403164333314
0.13488057363035
0.13483821580061
0.1342618805637
0.13503832177304
0.13393936028502
0.13513549166426
0.1340595670717
0.13518307276906
0.13503993314128
0.13408126491646
0.13457365344703
0.13511000531479
0.13505206841089
0.13498677862395
0.13482745693544
0.13457490126955
0.13512377842166
0.1350905635829
0.13536564341274
0.13521057892276
0.13512751370446
0.13482199764452
0.13474179075541
0.13518412897671
0.13388733978605
0.13503762754924
0.1351324047767
0.13452892294186
0.13475912042134
0.13516572787392
0.13536287484724
0.13583335599811
0.13452728955215
0.135245264468
0.1353127325841
0.13491571910947
0.1343527629574
0.13363846041109
0.1349440858033
0.13526782083801
0.13472551542929
0.13504818810286
0.13446140317848
0.13498457704095
0.134386225243
0.13460582466508
0.13416820076986
0.13516030714357
0.13470301272141
0.13503691632144
0.13450443085008
0.13400778708015
0.13480762496938
0.13418601585036
0.13506315854271
0.13447507848408
0.13507308870009
0.13478444453502
0.13525373761581
0.13462401753772
0.13530271958134
0.13420834966519
0.13474462403148
0.13533365453183
0.13490897015788
0.13505645730563
0.13444448989204
0.13454020518973
0.13490516050365
0.13454790426618
0.1351317768589
0.13542524637467
0.13455877068323
0.13478992959521
0.13485610619039
0.13501003953877
0.1347345685069
0.13397766936873
0.13472906110224
0.1345688487812
0.13464156661383
0.13559955974388
0.13508585599642
0.13440693834318
0.13533235135527
0.13543676606499
0.13515866267737
0.13528126767557
0.13552558157365
0.13559707998158
0.13598419054116
0.13589506079975
0.13569182044042
0.13500636987177
0.1349216282833
0.13609456260013
0.13512234189129
0.1357698211816
0.1362636903459
0.13576068019563
0.1353033706267
0.13500580346163
0.13402699700552
0.13425270237568
0.13522704520295
0.13498373101672
0.13627361686958
0.13564866603916
0.134868622817
0.13567813353414
0.1361125049585
0.1344651644622
0.13448298718157
0.13551861033206
0.13473436394313
0.13509276522315
0.13561468568417
0.13470385365994
0.13489471313669
0.13471348926166
0.13490931249169
0.13509375045824
0.13495986667181
0.13474624196022
0.13495066967597
0.13466631939246
0.13397091603257
0.13527342476779
0.13484675400867
0.13490285247971
0.13447136380325
0.13519887695269
0.13452627794996
0.13486744891605
0.13514481021561
0.13489884662581
0.1349553923809
0.13515478394286
0.13495770762326
0.13499595011279
0.13432540905993
0.13431681285776
0.13536063162814
0.13431537266097
0.13506204114169
0.13508735709846
0.13471086939332
0.13504257375782
0.13471399244691
0.13505486989953
0.13471248202367
0.13503477059772
0.13487942342482
0.13454027032663
0.1344877988484
0.13444403810885
0.13489367308358
0.13507745587672
0.1343943656133
0.13417748848496
0.13500761128311
0.13498935487644
0.1349825830068
0.1350874472383
0.13458940283665
0.13476112084819
0.13434206888235
0.13555307159731
0.1347711548617
0.13462321617835
0.13458488246995
0.13479838691039
0.13460576665692
0.13487226389601
0.13443558864674
0.13485747323815
0.13468164168062
0.1342092573705
0.13504502259172
0.1342259501621
0.13522267906719
0.13602105531654
0.13569079419266
0.13518971826892
0.13508287423007
0.13528888992731
0.13490625431858
0.13473742686509
0.13456767131309
0.1352116536979
0.13399640159321
0.13459046521987
0.1347986250411
0.13492343695018
0.13524650440671
0.13525460997566
0.13444129629107
0.13443745740715
0.13551330920579
0.13556685584985
0.13474699073412
0.13495899034229
0.13447643172382
0.13496161967355
0.1347489192722
0.13490269004055
0.13474760783676
0.13456533934464
0.13495456781685
0.13485874824949
0.13505351802326
0.13489034320985
0.13509171147804
0.13488946421894
0.13490593499075
0.13494357609244
0.1348002473586
0.13501594528436
0.13471277539573
0.13582893147959
0.13467360124062
0.13483133920879
0.13439742139461
0.13518822791076
0.13445137277847
0.13448806602721
0.13488977250587
0.13483260639473
0.13600005100001
0.13487380996419
0.13479456068365
0.13488936391611
0.13500896195121
0.1351049840573
0.13381130337829
0.1344384562502
0.13534867072244
0.13444860488472
0.13453885488354
0.1349428694559
0.13502173569592
0.1354916511349
0.13501113292185
0.13436448564097
0.13521478235664
0.13502228458609
0.13487009420425
0.13464010322731
0.13492232583848
0.13531011849316
0.13531156349151
0.13480696049879
0.13479710264663
0.13455918152456
0.13527320546508
0.13531350439326
0.13511938101073
0.1349225611161
0.13532547903059
0.13434692936162
0.13427842922025
0.13435514856153
0.13467223452192
0.13399476860236
0.13488996105816
0.13447524365901
0.13505675076796
0.13451359591085
0.13518829796782
0.13492168875931
0.13510845782184
0.13516297290135
0.13497691981478
0.13524171456212
0.13459153164912
0.13490286143964
0.13502949370412
0.13382664732787
0.13469098296249
0.13518028123422
0.13498360288248
0.13485779860206
0.13496569005715
0.13473575103147
0.13546197250458
0.13397420439631
0.13435527512223
0.13436201557262
0.13519416123745
0.13379306809801
0.13412954434306
0.133649527516
0.13498835922328
0.1340724661476
0.13513966605568
0.13471028338527
0.13430144073706
0.13407444754551
0.13424788904206
0.13519840584907
0.13530005602637
0.13498964121089
0.13397767088579
0.13475891449771
0.13423826784916
0.13417327500537
0.13500506670375
0.13506057374023
0.13527533260241
0.13458970855349
0.1342787897985
0.13496323162038
0.13480559752705
0.13428211080679
0.13470016304633
0.13495000466895
0.13516112916564
0.13440859272951
0.13479795210394
0.13472208872241
0.13485617015468
0.13463271060667
0.13455118322684
0.13465172538621
0.1345908805186
0.13514568553649
0.13479448814118
0.13467771959535
0.13458335387901
0.13446326587377
0.13511220375471
0.13499343035928
0.13444840679794
0.13549337377141
0.13374043745654
0.13468913253683
0.13451851461634
0.13468041319342
0.13469237141722
0.13452462949822
0.13447479718929
0.13447488785316
0.13431782724484
0.13500993113779
0.13430842442156
0.13535328338583
0.13521731093897
0.13453228875742
0.13450682576485
0.13521891317964
0.13450605902293
0.13431377690426
0.13456576111732
0.13395466993535
0.13463438721856
0.13462133049877
0.13399608347294
0.13400202013151
0.13399564335014
0.13473707188333
0.13356441294598
0.13461084250297
0.13414276617158
0.13474531179449
0.13496951567084
0.13417433807117
0.13565593549085
0.13445890449076
0.13476665201183
0.1348561039056
0.13439480302078
0.13426028651581
0.13464691525757
0.13384497117852
0.13384785170443
0.13451001261461
0.13407063388882
0.13427509672502
0.13452475389445
0.13519704935746
0.13424533238207
0.13455061308763
0.13443189730908
0.13431979673208
0.13462425066287
0.13452751479858
0.13452838692948
0.13431121845545
0.13431205145261
0.13437375197826
0.13454995489455
0.13471343775421
0.1343346209793
0.13434914533589
0.13422382970032
0.13504422807512
0.13406849655235
0.13437504597564
0.13438742999591
0.13536298515201
0.13381792095482
0.13541195946508
0.13433506872818
0.13377807498878
0.13433694721153
0.13433534811527
0.13514513746346
0.13498090280522
0.13396144260486
0.13396125102828
0.13416301260507
0.13470316702255
0.13432695025236
0.13368027482231
0.13443269215707
0.13405847442691
0.13383824653262
0.1330819840621
0.1342690080215
0.13443227304587
0.13522634286219
0.13517101606146
0.13532960240733
0.1351974348938
0.1353491109757
0.13519216030552
0.13541902814496
0.13546339504745
0.1337757497514
0.13435771061917
0.13435962469278
0.13437492868011
0.13519596359296
0.13396907140037
0.13366854925244
0.13396887860723
0.13355632692953
0.13355536153156
0.1337582551618
0.13379073339434
0.13398646097599
0.13399102755542
0.13415982523896
0.13384986540476
0.13400346876347
0.13381231149288
0.13452512140774
0.13452533659932
0.13376003054231
0.13397805956639
0.13412545767464
0.13452386525608
0.13429370820317
0.13415215741385
0.13423976231541
0.13442613328613
0.13381209001189
0.13381235590964
0.13352720426282
0.13412708780428
0.13432670469359
0.13352778261558
0.13374295046954
0.1344907756643
0.13374265972002
0.1335999413022
0.13450536480791
0.13518623919931
0.13460006735563
0.13479174076146
0.13444447465377
0.13447810147048
0.13463014003011
0.13485689603441
0.13396286020649
0.13400888238755
0.13361194888698
0.13338134833324
0.13449875503391
0.13437044940527
0.13423179262726
0.1342324668918
0.13378672804637
0.13458828085447
0.13472143088377
0.13345279517464
0.13360555111948
"n_500_d_15_tr_20_a_204x204_idx_2_p_abba2"
0.13242525309944
0.13510341941941
0.13503766967288
0.13576893671043
0.13240861299539
0.13184282383672
0.12954912046236
0.1347494482949
0.13066430209637
0.13268858872471
0.13275093158974
0.13342407726968
0.13460499658978
0.13420813393121
0.13448629190245
0.13354678305753
0.13281836197883
0.13439369555237
0.13249071415497
0.13199318670806
0.13402372665024
0.13231027853999
0.13395298173413
0.13486072633361
0.13209095076891
0.13150366109215
0.13214713673208
0.13476996693702
0.1344492915633
0.13401142818452
0.13435893342239
0.13223183810144
0.13233780407707
0.13452146711622
0.13276659951062
0.13103695298402
0.13223428150269
0.13370027805611
0.13452720680414
0.13003145042496
0.1325764290742
0.12821189581791
0.13607227234966
0.1328774127072
0.13499801695463
0.13525067893021
0.1356572216283
0.13416037773992
0.13125083048725
0.13593741101329
0.13489418913348
0.13080504719937
0.13092314057679
0.13603556409521
0.13489868571784
0.13295285201649
0.13236880761986
0.13522895672523
0.13185921727354
0.13359191379425
0.13271640205171
0.13382418934026
0.13018901194572
0.13270524650273
0.1310013490512
0.13512780078449
0.13135064121315
0.12931881424802
0.13377073678964
0.13285413234254
0.13324124294021
0.13351959312255
0.13225634451789
0.13446103931805
0.12964746446276
0.13518870864899
0.1327992426569
0.13357091024835
0.13290628498991
0.13223394829799
0.13058568487288
0.13279495207666
0.13183949929166
0.13183344222989
0.1333750080098
0.13419432715602
0.13144606490818
0.1334147046705
0.13568832011891
0.13277010609299
0.13491372347163
0.13273157111144
0.1330174551598
0.1309768980992
0.13256060816719
0.13292463981185
0.13018438451745
0.13044248350728
0.13133247410847
0.13166829520197
0.13540579115591
0.13712768351258
0.13683823746382
0.13415076448249
0.13306763973519
0.13439556022254
0.13471118806988
0.13369715826977
0.13108917678856
0.13410199445477
0.132087958887
0.13328217087044
0.13410536824598
0.13468868425825
0.13258702643263
0.13463349803532
0.13056229957627
0.1341589004904
0.13243543871675
0.13391072312188
0.13454810898568
0.13472374795111
0.13214098345845
0.13225305789671
0.13327751118206
0.13424847977012
0.13472896202454
0.1351410697969
0.13276633894657
0.13640404146243
0.13316193115026
0.13275279540521
0.13409149860483
0.12887961302184
0.13366985589687
0.13249542381003
0.13160462675215
0.13492214893046
0.13472319535205
0.1345511313762
0.13312506872669
0.13197384590761
0.13442757044752
0.13293686382901
0.13574667320796
0.13256763935913
0.13110928305039
0.13046432851998
0.1313737874927
0.13225432950506
0.13236652383798
0.13257718378484
0.13291029748644
0.13411807771108
0.13256535456747
0.13214470570037
0.13162035022694
0.13213727937505
0.13178442523328
0.13477570661214
0.13211274042482
0.13614070595702
0.13367540359764
0.13344899436282
0.13427527515691
0.13467416976446
0.13342803190114
0.13172143541688
0.13158635048601
0.13096494086661
0.13154991884411
0.1330055272053
0.13278717329594
0.13429779118088
0.13296503745476
0.13393922727835
0.13543332127625
0.13007217354362
0.13302291540754
0.12963963159896
0.13327252736485
0.13121773146714
0.13153938595794
0.13026330796984
0.1333641585225
0.12888932502875
0.13390162082094
0.13428026957791
0.1348332592032
0.13140291140053
0.13157719479175
0.13098317622502
0.13390820409401
0.13461199618822
0.13096522267607
0.13305135385165
0.13557472617497
0.13337097502816
0.135450033891
0.13393653434467
0.13505333528079
0.13293536259006
0.1341654674446
0.13037245350031
0.1351085093741
0.13067446735087
0.1325713170709
0.13015191340822
0.13017567986916
0.13439831317171
0.13337725494158
0.13015347264738
0.13349047864001
0.13256172526716
0.13369178534213
0.13240027363873
0.13518747324693
0.13301996624607
0.13139049227532
0.1307618223831
0.13244563374125
0.13135884692454
0.13096570632081
0.13213812163394
0.13293616352967
0.13326011491679
0.13482184128884
0.13295780611
0.13260916974006
0.13174173274464
0.13424060533895
0.13081107592245
0.13231832972658
0.1289186520384
0.13350335601895
0.13263571739339
0.13265419127085
0.13435903220942
0.13122075064249
0.13064562501125
0.13295598709992
0.13317387419006
0.13168891510214
0.13101655356486
0.13143269487806
0.13081633350765
0.12975021386252
0.1342703720668
0.13089502010189
0.13274606619468
0.13240029958169
0.13380316904646
0.13058157043477
0.13224804099428
0.13517111178685
0.13505563001447
0.13014672770052
0.13610754568619
0.13314333131625
0.13246420792916
0.13300105991165
0.13448817605854
0.13378671705212
0.13109692341269
0.13345889817575
0.13311902118206
0.13150022370553
0.13153985659061
0.13550587884761
0.13017645364638
0.13448222323725
0.13085085592174
0.13583962381114
0.1314663611973
0.13350763173405
0.13160469239244
0.13382539276952
0.13042742070654
0.13006220810807
0.13337062416261
0.13207479244239
0.13343375953179
0.1300662125105
0.13417937800576
0.13217322549117
0.13374651855858
0.13446874341737
0.13418569025726
0.13458461756345
0.13131881242944
0.13566536964919
0.1342595685782
0.13053455276826
0.132197874171
0.13331095277317
0.13262175225101
0.13432718486469
0.13070458679981
0.13453253586205
0.13542050088962
0.13252503985201
0.13545109285461
0.13491348406824
0.13173246756083
0.12966597075591
0.13477813238873
0.1330879520353
0.13123674287731
0.13253946682246
0.13003656953777
0.13043013809248
0.13251831269639
0.13157275953715
0.13013011882881
0.13482683953617
0.13109730346505
0.13215551726281
0.13327011437929
0.13470860444769
0.13370139555329
0.13272536170385
0.13242410577401
0.13583263217035
0.13493074829239
0.13267834087276
0.13247279630025
0.13227418147808
0.13444399502192
0.13502966144026
0.13494026927734
0.1332515972431
0.1315516747207
0.13581934440176
0.13429298585497
0.13340244205604
0.13183988387428
0.130828871845
0.12846946833464
0.13562484911736
0.13218573699357
0.13181286543628
0.13210782004752
0.13438534812809
0.13613594775891
0.1302456805707
0.13280227093414
0.12944546512592
0.13399773057509
0.13439154566913
0.13069897261527
0.13573265642386
0.13391671828831
0.13373524729803
0.12931600927422
0.13366701344598
0.13446674001845
0.13655743428118
0.1297356108824
0.13457463591549
0.13104352234401
0.1298411065961
0.13595768145281
0.13486323621404
0.12947755272487
0.13322026601001
0.13039745167951
0.13509872596122
0.12944432778604
0.13303993086359
0.13464763093099
0.13112097643037
0.13437787856378
0.1335891914868
0.13282920079518
0.13250867003422
0.13316726455626
0.13267748664716
0.13452109968766
0.13246388976377
0.13510319825594
0.13501701464574
0.13450836695764
0.13439763193383
0.13614605483351
0.13173271446155
0.13235559743566
0.13571346573097
0.13365705659532
0.13421825301646
0.13006792068801
0.12962606041473
0.13463273621838
0.13284754857304
0.13571171441239
0.13119234895888
0.13530582347946
0.13191382964719
0.13375914941461
0.13215259839225
0.13333374317425
0.13180330174252
0.13130265537138
0.13528173535239
0.13168002805694
0.13527353001171
0.13419110230034
0.1333528560968
0.13456276869314
0.13247619693147
0.13488415256864
0.13530213884808
0.13411376515636
0.13510886613296
0.1307077585814
0.13143328500173
0.13232796187783
0.13258621767316
0.13240846540096
0.13361563105698
0.13274672820472
0.13279758508844
0.13244078893876
0.13300100719109
0.13332014399102
0.1324058076626
0.13165678969669
0.13245507816412
0.12990451661039
0.13170233940366
0.13366273585445
0.13456008836536
0.13254973957961
0.13108067392212
0.13416954512227
0.13387387312973
0.13417416093921
0.13324128796477
0.13286498356262
0.13442959918432
0.13424723216923
0.1307862246503
0.13215988240975
0.13299695557952
0.13630299830137
0.13464462446555
0.13071750306784
0.13504270369389
0.13574978422184
0.13347783562211
0.13463491026207
0.13380106603955
0.1330041564296
0.1334751185473
0.13448680368431
0.13308054363585
0.13431470712341
0.13232774553147
0.13288861073992
0.13347848281648
0.13471953983857
0.13491546550678
0.13502863899352
0.13321981606975
0.13301475245316
0.13540185542601
0.13401976352974
0.13421023230173
0.13111704319962
0.13229613427774
0.13421814441021
0.13575249614164
0.13173522183153
0.13342025283048
0.13529179082539
0.13386431226485
0.1330481919213
0.13274027959891
0.13082492153702
0.13350663225697
0.13480259026085
0.13540211228083
0.13289229776118
0.13403129510409
0.13391145506797
0.13477022230612
0.12924917573194
0.13023098397906
0.12936489324744
0.13310795400977
0.13148760206823
0.13024738679635
0.13613765436073
0.13339264385643
0.13338975408669
0.13574863004358
0.13221145341272
0.13389370306638
0.13120769391039
0.13508503126835
0.13544650758658
"n_500_d_15_tr_20_a_204x204_idx_2_p_cds3"
0.13514161813857
0.13502507389828
0.13475370292177
0.1339941695681
0.13451237704507
0.13521059077515
0.12590206553073
0.13496517607264
0.12444650018935
0.13500394715512
0.1252691648723
0.13533929668552
0.13522351743542
0.13524083439359
0.13497371873877
0.12552590074297
0.13501166476619
0.13498084211728
0.13519073034465
0.12540633131781
0.13510085876921
0.13527564250388
0.12569524514475
0.12560632131082
0.12638467764082
0.13470856277027
0.13502571814866
0.13507608120722
0.13470668638924
0.12569282143375
0.13491445908854
0.12591624017414
0.12604001064554
0.13488552468227
0.1257821560235
0.13504605085606
0.12591743524422
0.1349433661034
0.13483659882893
0.13521827965607
0.13502568860102
0.12526389696456
0.12557086930766
0.13548139449841
0.13447085240577
0.13582442599886
0.13429308083197
0.12601680205203
0.12489931363983
0.12339314501303
0.1250675255657
0.13547299248634
0.13546332791055
0.12339314495447
0.12465118465103
0.1350276852136
0.13558478969446
0.13549404422563
0.12611066653873
0.13560396366778
0.12579587095339
0.13493315650867
0.13584898836423
0.13517377715116
0.13532743820482
0.12557254889592
0.13527147849168
0.12598672356273
0.13562633874416
0.13569046791748
0.12544307699034
0.13569825195148
0.13531393405212
0.13535592577803
0.1262412178136
0.12500760008531
0.13549623239856
0.13568049911067
0.12559127896537
0.12587267191439
0.1264124579945
0.13572282191712
0.13520809596172
0.12623749795143
0.13534890150354
0.13556113246641
0.1356243744261
0.1252432440935
0.12403101753817
0.13490933690882
0.1252832997564
0.13474070855078
0.13552226819622
0.13578060699862
0.12632521931352
0.12581954449903
0.13495600120564
0.1264534480513
0.12572169109448
0.1356606256269
0.13401493337723
0.13413198508993
0.1346733617796
0.12492000144669
0.12468952586772
0.1352141318567
0.13556324024399
0.13493944211355
0.13558922471527
0.13541761102654
0.13544445907522
0.12531333615786
0.13506447637032
0.12483481739659
0.12629136549531
0.13531418592788
0.13618240023924
0.13467336015435
0.13574028170906
0.13585366600631
0.13487416434711
0.12596617027764
0.13584068546964
0.12514448144176
0.12576588874515
0.12479966703536
0.13495005624164
0.13464859972711
0.13562302246995
0.13470855129707
0.12547849287449
0.13566504951729
0.1343679319336
0.13530235829149
0.13502286033118
0.13524810990677
0.13522608803375
0.13527502179763
0.13600862393796
0.13517202415733
0.13512546182567
0.13472719692037
0.13472652780087
0.1345036823842
0.13416126880781
0.13562233363068
0.1357772361765
0.13500172211549
0.1256976762733
0.13614161978227
0.13480594829512
0.12534804418419
0.12483411246831
0.13512152627624
0.13536064083094
0.13552209364539
0.13597310851387
0.13566019503196
0.12536839984464
0.12499284731509
0.13478553815036
0.13475020974423
0.13508396944117
0.12590915152978
0.13472173614296
0.12419756973944
0.13479001459127
0.13582855771573
0.13640441400037
0.13552629162144
0.1349113978696
0.13558096046356
0.13516848750937
0.12528533231342
0.13475626069176
0.13542802415351
0.12535347959595
0.13557257153997
0.12462417401474
0.13454744367006
0.13454959388377
0.13495204822939
0.12519799656413
0.13471699145486
0.12493815095448
0.12519345844049
0.12455395336058
0.12537578725933
0.13444574211523
0.12576953598087
0.12592674040196
0.12642224867851
0.13587047288253
0.13544220774778
0.13630656320579
0.13578389377455
0.13485252571981
0.13603793319418
0.13475473753044
0.12629433973301
0.13491623731266
0.12492718473042
0.13478266700096
0.12634469917592
0.13547341948015
0.12543070833868
0.13471915800739
0.13533009074125
0.12510344266054
0.12604216048343
0.13567229168869
0.12561282323961
0.13541932658194
0.13578568545014
0.12581172918391
0.12555466642288
0.1355660027133
0.13568786237532
0.13564906535792
0.12587934450442
0.125737638859
0.12561456940339
0.13503308947186
0.12621899607685
0.13504815847048
0.13553217720079
0.12555475668421
0.13574646230273
0.135191285047
0.13618242594408
0.13493022067738
0.12632099690796
0.13636215445297
0.12563962200347
0.13573866055447
0.12604964845561
0.13524455522152
0.13606935000279
0.13529099649914
0.12589920414166
0.13486267382287
0.13522208736254
0.12559954395628
0.12618496868857
0.13489967489363
0.12590924593635
0.12572166121346
0.13396265448377
0.13562254659614
0.1357229530962
0.12549509916972
0.1247678238597
0.12690339058542
0.12469420034859
0.12552179672727
0.13493139707
0.13646090898941
0.13583118871262
0.1362842562546
0.13642182442935
0.12631731729064
0.13442731557457
0.13476391498286
0.13539305996424
0.12570129797051
0.13474598315134
0.12623846060234
0.12554638691555
0.13493294489715
0.13584300671062
0.13493323970644
0.13535523996334
0.13448555679771
0.1350178806612
0.13618066205929
0.12534857558092
0.13597210710626
0.13560658585943
0.13623035800015
0.1254873667458
0.13588764200227
0.13598005584811
0.13536104144305
0.13603052548627
0.13527059469592
0.12514541880554
0.13583993381086
0.13587853789156
0.13524687189948
0.125462819155
0.13481332494021
0.1358241048998
0.1257117451284
0.12601395232413
0.12501303530624
0.13499897722668
0.13556099194012
0.1257947894645
0.13425247284539
0.13506637108989
0.12524626206814
0.12456967336647
0.12409291220396
0.13491965562293
0.12563433721184
0.12571209415863
0.13483531367605
0.13514624300891
0.13461218994814
0.13543143694651
0.12562650848321
0.13550604409538
0.13518601202939
0.13451214531226
0.13440528229633
0.13453197986949
0.12568233907713
0.12484328686115
0.13421578454152
0.12510101741592
0.13508710779912
0.13582815085525
0.13431431490623
0.13565358988246
0.13424599960972
0.13432877945449
0.13491196352067
0.12499132362226
0.13519102672796
0.13451197746045
0.13470631903915
0.13537698755013
0.12432423663835
0.13502604205809
0.13552666376784
0.13496449277346
0.13605824698648
0.13489492060064
0.12357179557566
0.13475077721983
0.13495654608445
0.13417161738248
0.13513346980818
0.12396701982568
0.13358827083931
0.12510427980697
0.13579930004518
0.13444534878935
0.13466105049278
0.1357501205117
0.13445632714506
0.12442364449954
0.13530521496222
0.1340763007681
0.1354192766164
0.12491455237674
0.13540839895787
0.12643346585918
0.13451649649095
0.12597210421251
0.13477264337638
0.13513466601787
0.13483407929606
0.12532289937228
0.13537902883476
0.13612581833964
0.13427454627565
0.13536280424572
0.13528480017565
0.12604277679023
0.12663708763655
0.13541340594562
0.13470261866884
0.13453845679376
0.13470362325151
0.12522326056842
0.13503077248238
0.13418549864352
0.13472325980757
0.13449557862227
0.13431769476658
0.12492019765168
0.13505197609562
0.13449348480735
0.1355991413385
0.12482465858939
0.13482029758213
0.13573134757146
0.13564844982683
0.12500164955997
0.12589434257419
0.12559602367796
0.13515130252142
0.12538127768112
0.13538988887191
0.12528843065967
0.12533064017352
0.13470276569513
0.1354056493727
0.13504497834355
0.13558480269725
0.12581486058864
0.13495745991516
0.12506632868364
0.12532096478524
0.1354024643274
0.1351079759186
0.13521478736081
0.13470704609155
0.13518474097528
0.13453306485738
0.13473393234835
0.12427354357802
0.1260266169279
0.13474794166713
0.13557847878388
0.13546683660517
0.13576847907243
0.13492222327935
0.13494770507996
0.12584203258336
0.12539932611608
0.13524729161041
0.13492097418108
0.13526361180497
0.13561744048475
0.12519345780846
0.12570626992909
0.12563666836873
0.12536911296474
0.13510600541316
0.13495982495746
0.13502046735729
0.12538258485877
0.13459186858105
0.12595111157742
0.13591389826759
0.13485805117583
0.13423655809898
0.13523385180062
0.13580182872064
0.13579988272308
0.12471891768976
0.13552400096525
0.12508928720061
0.13530552310313
0.13455367656527
0.12442557124073
0.13485265707648
0.12480035513075
0.13468381804374
0.13502305125385
0.12519928426471
0.12476296300578
0.12539169684417
0.13542156184613
0.13491934854223
0.13442842614785
0.13511611730151
0.12481581884489
0.13463159633402
0.12554078212004
0.1348501505133
0.13453720263047
0.13423312968793
0.13446097162848
0.13521512902577
0.13491029438077
0.12509941363717
0.12459645078919
0.1248600045148
0.12515601981632
0.13483282127489
0.13399357554778
0.12521749243816
0.13447735894304
0.12463216229351
0.13506282390268
0.13445383654805
0.12483623699069
0.13371236511628
0.13490050100826
0.1353409570215
0.13517692276128
0.13485635193178
0.12499151197034
0.12508968686518
0.12479336787389
0.1346217865071
0.12447550177075
0.13359834396425
0.12387891991536
0.12484935275739
0.12500376390442
0.12441405402952
0.125003762821
0.12469454013934
0.1250409212214
0.12410592294824
0.13380942057191
"n_500_d_15_tr_20_a_204x204_idx_2_p_flooding"
0.13720967547133
0.1372638929774
0.1368753119652
0.13583770329971
0.1364624226481
0.1374506454909
0.13772437710101
0.13694362460823
0.13600690370384
0.13703383925479
0.13721019997218
0.13767983303226
0.13735706146678
0.13744342133036
0.13691182872933
0.13746394492131
0.1370272240341
0.13698943035711
0.13743506528449
0.13731170993672
0.13771827966106
0.1377837616538
0.13767428899521
0.1374364818773
0.13828419490532
0.13661389551808
0.13763172077204
0.13715866198894
0.1366139228493
0.13773296865876
0.13720085278365
0.13791379233106
0.13771791851116
0.13692476381896
0.13771063065545
0.13708910296657
0.1378966073044
0.13705946771528
0.13694593107146
0.13731556604714
0.13713953336133
0.13717001446093
0.13749629737859
0.13772471163749
0.13623472211332
0.13813678867737
0.13620168152769
0.13785258472532
0.13671159942743
0.13520854536197
0.13720199279666
0.13769678609728
0.13770484092248
0.13520979383745
0.13669953054644
0.13734645714379
0.13778713374329
0.13787949530965
0.13802589453079
0.13781418449685
0.13786954221186
0.13689316756166
0.13818278405586
0.13754263997539
0.13751803289288
0.13735045083589
0.13740384978481
0.13782293099848
0.13801271802123
0.13788166985179
0.13740364705391
0.13778643497461
0.13783732501631
0.13756094859471
0.13810877993954
0.13680198633981
0.13765646378778
0.13776446274626
0.13766449444264
0.1377735798335
0.13835636312782
0.13828577168103
0.1374079231721
0.13788789758348
0.13750534914003
0.13770718837775
0.13801654211681
0.13723571535048
0.13568752289214
0.13706061688431
0.13724730547907
0.13677487464534
0.13789944193587
0.13832255917475
0.13818712309598
0.13789478895843
0.13699488575905
0.1384198746198
0.13803599218929
0.13775373107032
0.13603153255509
0.13646960713067
0.13687730968383
0.13661263974792
0.13660237238102
0.13774149526694
0.13783226777329
0.13705799338041
0.13806071820321
0.13753519552974
0.13778809626722
0.13725252551117
0.13712928571793
0.13657786608523
0.13810012264725
0.13755187386318
0.13835200119592
0.13689743105944
0.13803661217801
0.13804174573276
0.1368741355412
0.13778482518519
0.1384058203501
0.13746028886395
0.13803067359769
0.13657677596328
0.13696639523722
0.13674911403486
0.13757635908455
0.13672189562917
0.13709067250864
0.13770699971701
0.13623984132876
0.13716687304695
0.13710544060659
0.13737554260316
0.1372982814857
0.13722355412573
0.13815242625986
0.13725372565676
0.13700176194642
0.13663377724115
0.13663179456018
0.13639575538496
0.13600303618222
0.13775189413028
0.13777679136493
0.13710647066029
0.13769571209987
0.1383412864805
0.13700045307594
0.13737298638666
0.13644041102059
0.13722115813934
0.13729933506342
0.13747490862696
0.13830141705927
0.13763423406653
0.1371789161614
0.13695530900938
0.13692017556411
0.13671885580905
0.13697039148751
0.13798711217093
0.13696501368666
0.13603022172206
0.13669127017487
0.13803685390571
0.1388075219838
0.13784184254712
0.13699601832971
0.13781435681965
0.13715288005462
0.13702671405608
0.13678538919748
0.13772265612007
0.13733832791784
0.13784769696824
0.13666782358723
0.13684510598253
0.13684574601921
0.13714614532244
0.13719071344498
0.13718683449623
0.13670429736972
0.13719034028849
0.1366919389393
0.13744887773378
0.13669651899379
0.1378545081882
0.13781300719686
0.13844492761452
0.13806644972504
0.13758812420159
0.13877366467144
0.13804852456595
0.13687741164684
0.1388618300962
0.13667793296565
0.13854002312017
0.1369136750283
0.13680703398952
0.13686046514814
0.13830698628401
0.13778942752706
0.1373956790333
0.13682146564219
0.13758027999647
0.13719579913034
0.13802906786487
0.13772202004069
0.13754310833285
0.13754631078
0.13808296636514
0.13790916393135
0.13758470262625
0.13782332353423
0.13796949745661
0.13795638284075
0.13797199114961
0.13778344703102
0.13764264500847
0.13764764635394
0.13847137363241
0.13731200825026
0.13778332512541
0.13754669766436
0.13801546552138
0.13747905462971
0.13863367063466
0.13684789633736
0.1385260771046
0.13889949826303
0.13743871690883
0.13806272145166
0.13829202866028
0.13757288559601
0.13834440631474
0.13755225051636
0.13810526297193
0.13709472324173
0.13728738529425
0.13759219425612
0.13837297525191
0.13715677220129
0.13792150210556
0.13763652154173
0.13592724634475
0.13791925562557
0.13792056133432
0.13733481835804
0.1366120254356
0.13920135805169
0.13653434919681
0.13742854987989
0.13716383175668
0.13892800377665
0.13798202911959
0.13876918729909
0.13892989148663
0.13858582478005
0.13655707824137
0.1369235549476
0.13760187663672
0.13772364595945
0.13702188928458
0.13835747769974
0.13745851935804
0.13710444458643
0.13811139846824
0.13686089096093
0.13752512596035
0.13649231389854
0.1371235142808
0.1387256931817
0.13739705669624
0.13835168722117
0.13773981194501
0.13844236899728
0.13732611462535
0.13832277630379
0.13852842637266
0.13763684053028
0.13845905786307
0.13746135187994
0.13699446997441
0.13815993855271
0.13820978882462
0.13755896370303
0.13742040229326
0.13694111116889
0.13820621977657
0.13756901360947
0.13820587041904
0.13705721772289
0.13725535358702
0.13792608099165
0.1377919083483
0.13628674583756
0.13721417586012
0.13697376031601
0.13646639437136
0.13606586930226
0.13705784999137
0.13736921609836
0.13771640162992
0.13689694186982
0.13736505587714
0.13656668908321
0.13765864654693
0.13765579862851
0.13800532045218
0.13730819893247
0.13651823559209
0.13632556056459
0.13643494906875
0.13756392163448
0.13679984600502
0.13623358019599
0.13685439759845
0.13732494238261
0.13819122507804
0.13630613319235
0.13787612892677
0.13614463641255
0.13625199201879
0.13697110120074
0.13664897039707
0.13727426154801
0.13652125098114
0.13667929854899
0.13749778318601
0.13593640584311
0.1370709730499
0.13766284368926
0.13715302261902
0.13815502062689
0.1369813042141
0.13517129917305
0.13664244118892
0.13711168771037
0.13600694863209
0.13719565375006
0.13559681081286
0.13559584920497
0.13669159044194
0.13797543659001
0.13638739862908
0.1365437123571
0.13787092882849
0.13655819396714
0.13616101300938
0.13749676571795
0.13599056345435
0.13784501187593
0.13659610350627
0.1378061100318
0.13819256077487
0.13639252902658
0.13762729473315
0.1368918606183
0.13739114905704
0.13680991495713
0.13738871752409
0.13773141934761
0.13855208514689
0.13627650711138
0.13768134940576
0.13764840349675
0.13768594465177
0.13775581745135
0.13761092887969
0.13664966248218
0.13642717070037
0.13665241483088
0.13712979153487
0.13713010993126
0.13605615882882
0.13653589492124
0.13647023940433
0.13609911880915
0.13633061105711
0.13717858668765
0.1361894212736
0.13796752121541
0.13663340060251
0.13694324628059
0.13788936062737
0.1376376818852
0.13677061482966
0.13777419886704
0.1372951243007
0.13714696235351
0.13720643951396
0.13753486014393
0.13699527783527
0.1371169603606
0.13683674758104
0.13752580265237
0.13713128816435
0.13787688169583
0.1377567825212
0.13723189923869
0.13714869605315
0.13714789580344
0.1377388471847
0.13710730846347
0.13754224438039
0.13673243890353
0.13727097297653
0.13630496936972
0.13655456952119
0.13596702193177
0.13729745305061
0.13689360174194
0.1377100246706
0.1377456477926
0.13811640138405
0.13723444012007
0.13716017078377
0.13803843858105
0.13742906665231
0.13747475935407
0.13722647158623
0.13755502349708
0.13790008190755
0.13707696674455
0.13766196328362
0.13756663434047
0.13722945190221
0.1372382760346
0.13714598194336
0.13714412553938
0.1372303146775
0.13655285831461
0.13789044088017
0.13797151760952
0.13683993147932
0.13607025624384
0.13716291429354
0.1379955503287
0.13799897472024
0.13645096998012
0.13762177833317
0.13678614314666
0.13735911253835
0.13663525482247
0.13599403330535
0.1368332422534
0.13669356498739
0.13683240044891
0.13724848284814
0.13714995201243
0.13656310189494
0.13732615359735
0.13767411793644
0.13708406753463
0.1364643073866
0.13726480551874
0.1368453153131
0.13684579567927
0.13730992361172
0.13689477128852
0.13644539608752
0.13624507498108
0.13645250088878
0.13756169985485
0.13702249090012
0.13702409094186
0.13641940904793
0.13669193461362
0.13701722722812
0.13692949803554
0.13596699113764
0.13719832014655
0.13618782545515
0.13636994114036
0.13716086612796
0.13642312204634
0.13675821154888
0.13543536684664
0.13676178256644
0.13732277811448
0.13713439241671
0.13698743111287
0.1368262378964
0.13682921222965
0.13663097358312
0.13668764735121
0.13621275995806
0.13561860827516
0.13561803749043
0.13666984569776
0.13695613327355
0.13624661038991
0.13695853097097
0.13646846711927
0.13702325192173
0.13579831246448
0.1354575450272
"n_500_d_15_tr_20_a_204x204_idx_2_p_mprt2"
0.13102981459088
0.131412027827
0.13325170774185
0.12343276905182
0.12928118977445
0.12673406459097
0.12343276902537
0.12530691958354
0.12688855905212
0.1280738765173
0.1254366245385
0.13213472773884
0.12682443592417
0.13337308815002
0.12515570430717
0.12661091309921
0.12511301753784
0.12839419401553
0.12677959988955
0.12995933128553
0.12882219139157
0.1311294091681
0.12767232260408
0.13042136626386
0.12701827453812
0.13042194741069
0.12915760499842
0.13226283386287
0.1307450186928
0.13096884694749
0.13204760247264
0.12904737446497
0.127643572918
0.13023538472134
0.13024773225856
0.12941363822155
0.12580462094608
0.12797999685932
0.13068833541438
0.13257485195978
0.12515650342073
0.12737444633189
0.12478103338266
0.12754479881226
0.13309506464428
0.12943056319279
0.13008335790903
0.13072119243284
0.13005789036438
0.12847354091611
0.13214522923015
0.13406569298792
0.13166260467766
0.12440682681497
0.12972279955873
0.12523162396191
0.1272042248496
0.13218837330982
0.13040699351231
0.13279837194949
0.12516318624472
0.12494365547404
0.12770788687619
0.12993822382734
0.13262152113561
0.13289461196884
0.13320706539705
0.13121367468741
0.12763965958736
0.13067434145632
0.12481620086661
0.12855313282795
0.13409210707905
0.12792012027001
0.12535292920346
0.13457652186857
0.13207693022215
0.12535567208222
0.13297218179543
0.13389974819714
0.12854348724434
0.13073854723139
0.12385999112268
0.12991036074174
0.12533490559206
0.12896157342008
0.13188231586911
0.12837647916938
0.12545277040645
0.12716973500532
0.12503241647595
0.13164757981606
0.12916603820519
0.12715602986412
0.12885339996072
0.1255056323088
0.13337599630069
0.12904991151169
0.12768259477572
0.12930490105073
0.13203391099126
0.1301530032644
0.12936577541913
0.13047288830384
0.12728679147119
0.12651704832876
0.12387241677819
0.13274580467124
0.13130782924342
0.12538701852361
0.12453568239632
0.13239084149662
0.12899655174684
0.12700260549478
0.12598020078537
0.12753881749218
0.1278918825489
0.12990096552053
0.13005633731362
0.1300839208089
0.13421746835644
0.13277267376984
0.12504747189226
0.12996755408758
0.12695122017937
0.13507605332304
0.12825503428229
0.13215289082292
0.12423333985451
0.12653876489661
0.12409647069436
0.1243372748131
0.12679164908732
0.12507847599972
0.12427787300881
0.13275194945227
0.12717324902663
0.12438933023474
0.12861032122015
0.12422410547687
0.12390664640441
0.13145565996346
0.12724697800494
0.12700717212153
0.12828079436373
0.13224698159733
0.12457888976206
0.12468817677252
0.12680586261703
0.12488424102124
0.12554178151437
0.1246868407591
0.12893926705288
0.12778355402686
0.12760116997237
0.13023364836548
0.13204137277385
0.12799366562478
0.12993241310183
0.13426352934398
0.13351113889142
0.12739892054775
0.12461796859578
0.13302816870231
0.13015317434391
0.12940636521898
0.13033477531249
0.12638305523837
0.12771783960295
0.12494331711113
0.13202110155287
0.13161825778522
0.12794013086623
0.12500034646425
0.12732359120447
0.12944333642356
0.13216429804605
0.13439957314079
0.12954347179886
0.12609283812546
0.12896903851629
0.12929396838955
0.12548666484455
0.13085799888002
0.13138659566971
0.13365987975119
0.12474187463542
0.13272822525322
0.13156727852218
0.12682816067746
0.13174539428466
0.1277852635629
0.12985743476113
0.12531815336515
0.13208724224359
0.13078968736143
0.12955792320943
0.12977007293004
0.12573107941522
0.12497961720738
0.12545918228593
0.12714157181362
0.1257531356025
0.1325513506321
0.12749457522347
0.12897941796171
0.12734518440386
0.12465790344692
0.12690545069029
0.12629919989512
0.12516739184525
0.13151715902329
0.12624511824638
0.13162666154104
0.1290254154953
0.1291582106839
0.13371056252652
0.12689393253002
0.13238928532091
0.13178574076531
0.1255953800764
0.12666335306525
0.13312779227687
0.12903293356599
0.1277745048994
0.12829414537829
0.12676815198782
0.12539909000218
0.12723662533498
0.12485460374511
0.12711947119447
0.12747035953511
0.12441465922426
0.13076021700708
0.12946260448749
0.12524311571737
0.1281700789304
0.12532838598647
0.1262849930401
0.13334804799888
0.13440416655844
0.13021415568005
0.12767514144584
0.13130172443999
0.12535659214476
0.12525586653967
0.12566608055177
0.12947065603062
0.12852292859627
0.12520446597324
0.13113269149999
0.12455826855519
0.13417693566252
0.12974056620377
0.12655280174432
0.12647400419229
0.12805334904391
0.12607844672718
0.12622660654192
0.12582127055531
0.12482571943634
0.12663600704466
0.12572090098908
0.12789210071852
0.12564688054157
0.12818747391967
0.12397322416942
0.13098879757839
0.13394318510417
0.12986688937093
0.1335780953615
0.12564936123842
0.12543672143163
0.12494615360362
0.12932320890586
0.1286193526933
0.12429090649282
0.12418697018671
0.12661621968302
0.12722029230217
0.12628076588041
0.1241750741094
0.13409719233334
0.12999359650678
0.13258869704531
0.13102166456656
0.12976321712186
0.13268217558162
0.13067700408505
0.12966172752156
0.13565360509065
0.12758705959607
0.12986854352897
0.12570019438061
0.12489766868846
0.12765690007961
0.12429090629545
0.12388576903174
0.1292979592714
0.13250084201543
0.12500590072285
0.12614760623347
0.12865471757343
0.12518985472315
0.12879749539231
0.13093197650998
0.12707340057602
0.13089051945037
0.12487481142769
0.12869303373678
0.13394451893316
0.12830514999983
0.12482131466173
0.13283023711483
0.13124731055529
0.1254165756998
0.12950118306183
0.12516548002396
0.12623645444374
0.13064906165225
0.12515274170155
0.12782832144648
0.12488191778967
0.13308150746639
0.12942919515636
0.12406514746574
0.13089742423611
0.12837087370627
0.13224178898863
0.12916540419475
0.12497745604551
0.12488863157609
0.13368015834931
0.13244807935088
0.12971489332656
0.12950288008296
0.12983432130214
0.13270544871774
0.12865319715602
0.12659465567824
0.1239712010174
0.12591042415269
0.12654417042586
0.13024835898747
0.13052548971424
0.12421143296193
0.12523833527844
0.12470425523036
0.12631088885619
0.1281233414225
0.12964563314792
0.12697800681445
0.13280636459416
0.12490759260863
0.12533552975407
0.12801387150949
0.12582640802057
0.12740181625457
0.13310100835264
0.12339878422766
0.12448209240461
0.1317437262501
0.12398934780613
0.12777117256052
0.12370882254002
0.1236106464959
0.12895299792045
0.13097624283565
0.12672014817135
0.12641165928339
0.12698207707956
0.13399439089212
0.12943539932031
0.13010886872915
0.12487509614217
0.12436704425987
0.13223711821722
0.12831724339489
0.12488324578387
0.13100117871783
0.13122237218634
0.1257873565917
0.12976544491207
0.13069111155426
0.13107781611442
0.12645279006799
0.13129487441954
0.12449001468975
0.13424330057686
0.12796714863885
0.12759509238777
0.13064240882379
0.1278734165591
0.13137180684057
0.12917258190107
0.13072553807855
0.12872744535452
0.12894545524631
0.1249782577409
0.13187444317721
0.12940174113984
0.1295323282966
0.12801254330796
0.13053761897805
0.1310345825815
0.12745414163496
0.12798646610804
0.13040755724159
0.12673020715333
0.1263441135876
0.13043182268656
0.13133699329063
0.12547176612333
0.13300755733633
0.12392796891398
0.12486657890799
0.13289989759576
0.12598181340346
0.1310215498468
0.12839758825993
0.12785688977751
0.12659083057848
0.12728241706019
0.13012206999453
0.12849064075512
0.12879873608353
0.1288378013923
0.12832177433593
0.1263513144463
0.13107019047686
0.13008087820495
0.12758971027856
0.13316440030963
0.13027998731933
0.1329032213404
0.12708881726136
0.12970614575737
0.12574291459458
0.1303168478028
0.12902521231728
0.12420817251841
0.12587719851529
0.13009607896126
0.12641108877808
0.12492033622443
0.13460029202096
0.12697793928533
0.12691296985103
0.12399974036837
0.13269747973371
0.12464458040992
0.12672296484545
0.125063530884
0.12771341856158
0.12703297455544
0.12723473182936
0.12766206062164
0.13225130867107
0.12653591421022
0.13433296668054
0.12837044369862
0.12690567315601
0.12541815480016
0.12956729814263
0.12830704499824
0.126116806334
0.13078530868044
0.12469405196573
0.12459587587674
0.12455818777553
0.12738848565709
0.1247118534913
0.13073469295545
0.12392758606487
0.12787159955213
0.13009693496746
0.13113326616531
0.12654471010583
0.12465495147818
0.13087220667399
0.1245571601911
0.12746268840584
0.12467275039809
0.1244532248128
0.12418832653156
0.1314877213034
0.12409328088741
0.12376672016092
0.12443232499969
0.12494045328333
0.12529277420241
0.12366854431086
0.13372606032612
0.124587597405
0.12498030113942
0.12753510531158
0.12853216662309
0.1263732973029
0.12382441864086
0.12380736076276
"n_500_d_15_tr_20_a_204x204_idx_2_p_probflood"
0.13597791184869
0.13490511056072
0.13534733748878
0.13358722639557
0.1357827572352
0.13580955785463
0.13358902676534
0.13586120914368
0.13594622346317
0.13605978252268
0.13586222167528
0.13593273162889
0.13507360950956
0.13613355731382
0.13566380828012
0.13562613353091
0.13546804969431
0.13552326756086
0.13588096172761
0.13607423591295
0.13512422612756
0.13595027440488
0.1354406798865
0.13592525558954
0.13591457376001
0.13562661392133
0.13611432659899
0.13550313066765
0.13497234158787
0.13574132750192
0.13579118084529
0.13561149485901
0.13584343983034
0.13646613634001
0.13623215113405
0.13553307573591
0.13591085777512
0.13561886752514
0.1357616645279
0.1351583646695
0.13542399998432
0.13404446091622
0.13495634505811
0.13602671841401
0.13570484247284
0.13634891663897
0.13615698836689
0.1359347574241
0.13516763549038
0.13643941041699
0.13581592705511
0.1347219692299
0.13496520484707
0.13480994104262
0.13476685445001
0.13578148240224
0.13535372633786
0.13565304925333
0.13582228095095
0.13596817545443
0.1356240126627
0.13528329102119
0.13531686119012
0.13483425442812
0.1360922066154
0.13568419638197
0.13625522285798
0.13493956346105
0.13603762343957
0.13577516067286
0.1352474163219
0.13604750167519
0.1351839680758
0.13509069378762
0.13514620545033
0.13542875846334
0.13531848761773
0.13575257209891
0.13603321224028
0.13539130824623
0.13509866183995
0.13531153529526
0.13417717675242
0.13488452885765
0.13541497775752
0.13473051375788
0.13557184568679
0.13574955708806
0.13430811004846
0.1352340146405
0.13533741273926
0.1357592126635
0.13554394368853
0.13509323264897
0.13557958683414
0.13517779038508
0.13591781586908
0.13557101230294
0.13577319047364
0.13534413238053
0.1352899798022
0.13541272644236
0.13582229278091
0.13573533225538
0.13560599484847
0.1358853973553
0.13434705005852
0.13620733846714
0.13483078512577
0.13574910998699
0.13483346041711
0.13517720579754
0.13577347397796
0.13535706945866
0.13588055103227
0.13579943606487
0.13508299485667
0.13599730682766
0.13533475087679
0.13562551525363
0.13455475944979
0.13637076958814
0.13552117774153
0.13614802548256
0.13450133749046
0.13589588799796
0.13479696706262
0.13495547788877
0.13484618124917
0.1349368653018
0.13452345917303
0.13499474546296
0.13499386624759
0.13526979816501
0.13488092779347
0.13538900255299
0.13557497780852
0.13487303471153
0.13487085647282
0.13466562839989
0.13430663116167
0.13585696477277
0.13587961437858
0.13570548820686
0.13583642212563
0.13542544638665
0.13469601891862
0.13530360635564
0.13636890380399
0.13530462046729
0.13612420183098
0.13529910373995
0.13565014944968
0.13674890382608
0.13603784840688
0.1350732313403
0.13666955258777
0.13433146980825
0.13514359162693
0.13587757777887
0.13487515718487
0.13644370762922
0.13496246849341
0.13507342141205
0.13535172103555
0.13517806006013
0.13571553051696
0.13529293477963
0.13575469034266
0.13534358255486
0.13523005474126
0.13553983805742
0.13540036004075
0.13543586490821
0.13611299220543
0.13521536284965
0.13598094871325
0.13528452609982
0.13639141854497
0.13516126820857
0.13540262611042
0.13543888312655
0.13566471467784
0.13633764863651
0.13578937664232
0.13529388452429
0.13514691683425
0.13510633032534
0.13494477548336
0.13516719568327
0.13601909057
0.13516161272614
0.1349252544431
0.13613472185422
0.13667545443637
0.13590299036953
0.13529872528993
0.13524489537192
0.13567733912983
0.134990329234
0.13596148046417
0.13592662249248
0.13596552228288
0.13504540123465
0.13583237906816
0.13581998110181
0.13549110898924
0.13501076540603
0.13637191725069
0.13564137455001
0.13531491742427
0.1358964343757
0.13562159743173
0.13602390406624
0.13559956297541
0.13655232102274
0.13509626277082
0.13650026856532
0.13678732394623
0.13560032143965
0.13604461870121
0.13623199906651
0.1363363625439
0.13529027726931
0.1354499999157
0.13572031883611
0.13619690831847
0.13534559141934
0.13575562209311
0.13428309941366
0.13589662471372
0.13592263011442
0.13489185052022
0.13498714498029
0.13579455114296
0.13578970232103
0.13546950052335
0.13570801237971
0.13566808264456
0.13615855659916
0.1359697118635
0.13637798295933
0.13612837937897
0.13596255518938
0.13570957825374
0.13570903038636
0.13617912933799
0.13600941946836
0.13548426603114
0.13576361062234
0.13593030527902
0.13481551356082
0.13683287303375
0.13541293612473
0.13453406129058
0.13687269550321
0.13602458111021
0.13646473915317
0.13680293492366
0.13639588814074
0.13510680663008
0.13565241969761
0.13577126786591
0.13516306673548
0.13623474860841
0.13471848360258
0.13435189768763
0.13552125366911
0.13523059554049
0.13601185178132
0.13506425447423
0.13564549990121
0.13481084893846
0.13526822265846
0.13667196036744
0.13548072637437
0.13477020178604
0.13461600828273
0.13467956459219
0.1355864021828
0.13498880467839
0.13453848246687
0.13631743955896
0.13501453980231
0.13545291309446
0.13588312370142
0.13457040706729
0.13639295294771
0.13543519735477
0.13629037875811
0.13649168717111
0.13566519763722
0.13633388102026
0.13451564268014
0.13518787628037
0.13547536377585
0.13476818371353
0.13426711627614
0.13603487947777
0.1362617424721
0.13549617601301
0.13619083126421
0.13531279366031
0.1356238000258
0.1361877128099
0.13515711509569
0.1359354431389
0.13581436802929
0.13472114914593
0.13532390932114
0.13525270996906
0.13472398037785
0.13512636605604
0.13520793059213
0.13548052263435
0.13573735468523
0.13508701645436
0.13547929944328
0.13471493084747
0.13573733628383
0.13573681163944
0.13590375851631
0.13544061091402
0.13617668978487
0.13587461684932
0.13442439701615
0.13488167166794
0.13535817718825
0.13518429625256
0.13492026061726
0.13558477145133
0.13518844084502
0.13563949542278
0.13510426512865
0.13574007860232
0.13517184493077
0.13535763913115
0.13619483407722
0.13442807555186
0.13551940746315
0.13427408550318
0.13586829346002
0.13478611417801
0.13584479941088
0.13608818555687
0.13461293059327
0.13570114813903
0.13504880961056
0.13546383745378
0.13497982674388
0.13546358188381
0.13576990182737
0.13649776103701
0.13455465129923
0.13576594030173
0.13562234612665
0.13576664086993
0.13579891098431
0.13564816181466
0.13358065374328
0.13483766017626
0.13532737440189
0.13429015930655
0.13528937572498
0.13394349502436
0.13394188408262
0.13491508571257
0.13592689081974
0.13466944272635
0.13476013890389
0.13593593846623
0.13480721086276
0.13474506899237
0.13515210869792
0.13493402638468
0.13469806529385
0.13493349594571
0.1353550450145
0.13535789328606
0.13436543062178
0.13480419033612
0.13471481609531
0.13441351668685
0.13460006319704
0.13536151930461
0.13593987185842
0.13580462723187
0.13501155523633
0.13446366450623
0.13577112563081
0.13593990096715
0.13548834911465
0.13493805269783
0.13535933942006
0.13589295522018
0.13539511998835
0.13538413407026
0.13570638351517
0.13457404200695
0.1347861409884
0.13535005771118
0.13563556788953
0.13509871482464
0.13521526866414
0.1358557078608
0.13527727920298
0.13507338916372
0.13595046720769
0.13540378034464
0.13533311940632
0.13531610352212
0.13586540396814
0.13530630733633
0.13569825053077
0.13430395256348
0.13540903871838
0.1361898864511
0.13535270617605
0.13609004640403
0.13556928412482
0.13530167340705
0.13561381899705
0.13571711873201
0.13599051163863
0.13526802839648
0.13576915349156
0.13486564802411
0.13571228574116
0.13542656459359
0.13545395344804
0.13533843388928
0.13523638249683
0.13501893181163
0.13544019908385
0.13580007949017
0.1348210187679
0.1359917460619
0.13606481757228
0.13538329627322
0.13507462755928
0.13438758881133
0.13608740717564
0.13608423666136
0.1347423439572
0.13538294261239
0.13575667736292
0.13501757658416
0.13554092738363
0.13432433069421
0.13504373145838
0.13494436922461
0.13538717187257
0.13507573333941
0.13507614967032
0.13531926256626
0.13481260337237
0.13549120446853
0.13579978201737
0.1352718071237
0.13473259281084
0.1354430385985
0.13555894935646
0.13508933787409
0.13471895815919
0.13456520154637
0.13473016275883
0.13567363983219
0.13526223877116
0.1352671986749
0.1347139186434
0.13489138438653
0.13521786023788
0.13510111213669
0.13426855739741
0.13539818555291
0.1346474762678
0.13533962585878
0.1346989290647
0.13502489515333
0.13499513578169
0.13502921668685
0.13381459712775
0.13516317704989
0.13485731054958
0.13450949695854
0.1349280647942
0.13449214336889
0.13398055681105
0.13503899830596
0.13552713008547
0.13536527439246
0.133981042342
0.13492494867498
0.13515526075328
0.13515378775497
0.13454903883982
0.13472885012819
0.13527332720058
0.13385389528526
0.13418115831977
"n_500_d_20_tr_20_a_177x177_idx_3_p_abba2"
0.13390323386958
0.1314805045835
0.13417779682621
0.13360895120788
0.13345607064288
0.1332311446856
0.13510028067728
0.13281383055084
0.13509209873987
0.1352584732278
0.13361956646355
0.13434088665832
0.13376845941816
0.13191850279703
0.13515356521839
0.13080149157215
0.13589484860338
0.13048087019225
0.13286661393295
0.13519946239948
0.13293151339802
0.13195141567928
0.13352714666353
0.13317720628623
0.13324079123419
0.13570625866066
0.13162925420316
0.13413895605388
0.1314331420734
0.13593723009544
0.13225025880989
0.13205080427147
0.13402153725551
0.13241972899552
0.13629623311366
0.13313843942349
0.13354084551207
0.13361606249038
0.13486838495984
0.13135838750336
0.1332541594822
0.13409938635142
0.13260768881021
0.13324070323342
0.13143188224953
0.13111407623504
0.13063757582205
0.13302795557097
0.13290229993811
0.13330289590462
0.13073411544163
0.13210906928173
0.13163910088051
0.13535964449631
0.13596192700833
0.13076153855222
0.13158203739938
0.13388388172825
0.13430674629707
0.13271956211828
0.13141623790216
0.13462465584479
0.13332281480526
0.13315398785811
0.13277824741182
0.13138174438308
0.13538911028576
0.13086353667294
0.13415080475275
0.1335906797692
0.13373838643581
0.13337214948297
0.13163916309541
0.13414976306866
0.13156244530827
0.13493610975512
0.13242230265383
0.13299054719134
0.13028028741964
0.13370897549166
0.13335413418964
0.1314529093928
0.12954240648759
0.13480064079196
0.13225916468946
0.13068079994882
0.13281937149426
0.12834728396942
0.13465458233488
0.13240165228619
0.13032282673738
0.1301144519367
0.13458610229398
0.13602900810197
0.13060533192481
0.13412288840697
0.13053268375063
0.12981086204321
0.13418626316465
0.1347094194429
0.13348523335384
0.13433828928818
0.13595947480081
0.13430190272856
0.13129294037411
0.13288546087597
0.13443926046796
0.13492336948934
0.13427702615009
0.13383725117079
0.13118456589065
0.13243384213802
0.13605604730809
0.13215971773566
0.13248631035501
0.13016297414441
0.13230689210807
0.13223658041225
0.1321558985413
0.131851161054
0.12959319623111
0.13425156605649
0.12891758833174
0.13192872152129
0.13238917367621
0.13475314942308
0.13393883044286
0.13542643518508
0.13251476644106
0.13004508592743
0.13119511351998
0.13519624231004
0.13340182854345
0.13374937600224
0.13094507455389
0.13314382835539
0.13497253337658
0.13407626152934
0.13288274465302
0.13303199077374
0.13031341848758
0.13520239881481
0.13093519372995
0.13124411747059
0.13123635806404
0.12929846162491
0.13671387519855
0.12832852922715
0.13029205049829
0.1308976873236
0.13210025733334
0.12987299066231
0.13495364800073
0.13410105452302
0.13032064175402
0.13337620045726
0.13052540832117
0.13290657463267
0.13641800875434
0.13521518249293
0.13310250203657
0.13241698089005
0.13126000162263
0.13392792042406
0.13142606490606
0.13239760708801
0.13317377795115
0.13388763161396
0.1334566282571
0.13480179795962
0.13276005096134
0.13145574449949
0.13168000041148
0.13425857305669
0.13412627593988
0.13335897452484
0.13009546323789
0.13331690880315
0.1315293874474
0.13305540587545
0.13263460002236
0.13167608999323
0.13360091695576
0.1328821775581
0.1326152952464
0.13358764347125
0.1309346108148
0.13340171906855
0.13300479449404
0.131737788955
0.1330783601636
0.13367494497813
0.13366038692815
0.1344439766968
0.13191006895528
0.13175013915872
0.13314656698655
0.13165467720334
0.13346221282514
0.13248368938058
0.13521000494402
0.13332002323754
0.13176274391541
0.13284131206384
0.13095262479125
0.13317691873227
0.13098475863791
0.13505313206293
0.13497404886145
0.13306846613447
0.1311047610682
0.13169327636497
0.13305704281301
0.13335075770716
0.13365720727817
0.13166989219585
0.13294171192183
0.132696946504
0.13354205822121
0.13177538401668
0.13343589435195
0.13153976256891
0.13080855513517
0.13194807153607
0.13437874466097
0.13550764450874
0.13034313100191
0.13450402262199
0.13297551624864
0.13336455375402
0.13657819645372
0.13415333743178
0.13150152905366
0.13265215721414
0.13408538406329
0.13096591931849
0.13245589099419
0.13483953715617
0.13435728300783
0.13233679333184
0.13138631901454
0.1310634559658
0.13382124020431
0.13399359495374
0.13282658832309
0.13140086101552
0.1322653880187
0.13369420185633
0.13177338896977
0.13417944023243
0.13058742835787
0.13102472008033
0.13434292197274
0.13164383336999
0.13318406686896
0.13209466025856
0.13115404938891
0.1327081718355
0.13406929151173
0.13462548908483
0.13538362172155
0.13359626526725
0.13120368931621
0.13082561097897
0.13138016695811
0.13177234268931
0.13357977560799
0.13237037509715
0.13330548830067
0.13281818252709
0.13177519839924
0.13066577776533
0.13324816603618
0.13474999487769
0.13175123006569
0.13352697655022
0.13160920763001
0.13366663953633
0.13454247485757
0.13263538503223
0.13371504980033
0.13255641218703
0.13299543156407
0.1312074949643
0.13374709840968
0.13061564950386
0.13351815198723
0.13447678068721
0.13521149400914
0.13308776402408
0.13313263589467
0.1320111764897
0.1326566981051
0.13112315242168
0.13505783123252
0.1318965899482
0.13227119550316
0.13126544386056
0.12923962369468
0.13236879850281
0.13087205821266
0.133211613651
0.13253073102641
0.13720279290947
0.132890890947
0.13307814644363
0.13258271626907
0.13260420980607
0.13418335529272
0.13172577621229
0.13428366849712
0.13477560294778
0.13177747196984
0.13453569141431
0.13280131928267
0.13136927324479
0.13589056000307
0.13468669559983
0.13115950411866
0.13249566989512
0.13239365006291
0.13408987311454
0.13172205978213
0.13234096350783
0.1321947953978
0.13191462336461
0.13473484085132
0.13205326431519
0.1310084266579
0.13234351992928
0.13063504011088
0.13114233349701
0.13542379507629
0.13092913213206
0.13218917461816
0.13065687470318
0.13343748378935
0.1316965388029
0.13334386195305
0.13422846931133
0.13054552756871
0.13373493011132
0.13284902960803
0.13358450771318
0.13359008825774
0.13188952695632
0.13119963441954
0.13128209151269
0.13306680147516
0.13320946603972
0.13278552923222
0.13068068007598
0.13568355731499
0.13212132577231
0.13069712897477
0.13389030758156
0.13230687664498
0.13409901695843
0.13500710726286
0.13338643158136
0.13243742684827
0.13219743049996
0.13277960879985
0.1348851019147
0.13465546164383
0.13455376190767
0.13170765944069
0.13217577051178
0.1359761180514
0.13484131938154
0.13371046415428
0.13460938393318
0.13535057283556
0.13320882714632
0.13098034119581
0.13269079062609
0.13202883768045
0.13064366958779
0.13025389748249
0.1311055971106
0.13348907189083
0.13301020580854
0.13353495023066
0.13446333411386
0.13593132004266
0.13376477623003
0.13381546716869
0.13322380444064
0.13331234439832
0.13449120333682
0.1341274966561
0.13493412720482
0.13570166528342
0.13198106226333
0.13295197477882
0.13328593412111
0.13159900058145
0.13130877388851
0.13179935934242
0.13109257959283
0.13110754221583
0.13181033531815
0.13361894831685
0.13378843045388
0.13284727595552
0.1339176491842
0.13377215593125
0.13297863042016
0.13333048908297
0.13506582628048
0.13143040670317
0.13329679993433
0.13296388475525
0.131969504322
0.13290285358349
0.13554521094767
0.13676277384228
0.13519654475937
0.13407045528081
0.13381141084953
0.12862735470453
0.13221501266779
0.13367611161994
0.13320750275751
0.13233858877464
0.13206611652916
0.13188608335941
0.13157733133954
0.13338103762589
0.13165412620464
0.13281132264151
0.1332488733053
0.13127713758957
0.13162015152712
0.13111984943086
0.13244106680175
0.13172443398561
0.13361881150027
0.13179183702433
0.13324580594596
0.13362761307067
0.13212151987689
0.1338397439009
0.13344364511512
0.13391394204786
0.13351661065225
0.13275078394895
0.13268955317304
0.13498113711823
0.13462398085005
0.13390974441766
0.13535771655807
0.13208135285742
0.13387640262488
0.1328367882595
0.13327459617461
0.13237814316406
0.13299666222355
0.1355303101236
0.13144426313258
0.13268791129748
0.13317878951134
0.13055399600133
0.13431726938556
0.13235424864856
0.13500073554718
0.13385958776667
0.13344970513007
0.12816537832417
0.12826328345612
0.12718325317202
0.13385131791862
0.13414134556846
0.13220608710251
0.13308383158838
0.13165929775194
0.13259964709257
0.13418868169426
0.13444923903926
0.1337129361372
0.13220997134974
0.12941821781638
0.13075879123979
0.13353778455654
0.13283951924551
0.13343746404671
0.13580256942423
0.13423172631218
0.12716308144277
0.13428693572622
0.13326189697344
0.13614573262907
0.13122640042861
0.13096923994916
0.13165602450852
0.13090110982227
0.13352133851757
0.13440981998136
0.13536681567055
0.13449565448018
"n_500_d_20_tr_20_a_177x177_idx_3_p_cds3"
0.12618280690049
0.12686930732224
0.13575294266057
0.13545574826515
0.13630236701726
0.12727392401773
0.13614913696124
0.13620143335479
0.12678974078876
0.13585574961859
0.13543394570402
0.12597258724868
0.12704267164228
0.13635571185125
0.13573118184521
0.13613972826735
0.1359353005018
0.13586133740905
0.12655946171017
0.13574826828859
0.12618825492734
0.13541652897074
0.1355155282069
0.12680373780711
0.13589576434917
0.13522506773312
0.12685075563358
0.13599923367479
0.12695145947654
0.13607675895133
0.13650243236594
0.1357447835428
0.13577890299134
0.1362198779061
0.13640053461274
0.13565738370627
0.1359213594311
0.13593270916083
0.13578147270696
0.13581639639485
0.13560113740109
0.13541767852125
0.12562356560715
0.12652791112517
0.1356459309909
0.1356118036674
0.13574945969129
0.13550735946765
0.13576315377978
0.12562768411334
0.13574023685334
0.12658412549838
0.12666020402547
0.13530073054684
0.13522705512315
0.12703937192238
0.12646880637221
0.12616876912017
0.12684764826796
0.1360274246993
0.13611317037692
0.12617349863347
0.12691548806753
0.13560309185093
0.13509975009936
0.13570001622743
0.134873000041
0.12615889706792
0.12513431815457
0.12656526333892
0.13563290725231
0.13564359062193
0.12727652341571
0.1352211786148
0.12621530583415
0.13540384806334
0.12534084244614
0.12671897485607
0.13593326788126
0.1258485850478
0.1355321640398
0.13586709544894
0.13612260203177
0.12566294488959
0.1255428754051
0.12561432965945
0.12576671990569
0.13494869381641
0.12428489227737
0.12583879867761
0.13494298576465
0.12514052327726
0.12407829601881
0.1356774593165
0.12514164308838
0.12620541545996
0.12547181840128
0.13497975688973
0.12604651035809
0.1248662658012
0.13534286176772
0.13549667789765
0.13483156699355
0.13591042148758
0.13547580467068
0.13470387414442
0.13476211326129
0.12507508260841
0.13481927599486
0.13457082611788
0.12529498239268
0.12550990592228
0.1353736229533
0.12535316543324
0.13450976912722
0.13574988222343
0.12692112548286
0.12529389760686
0.13577073272484
0.1256754422783
0.13548517813963
0.12578339807909
0.135119224927
0.13575049885328
0.13592218299706
0.1351723019119
0.13540001378651
0.13466871519092
0.12626280332624
0.12561098099362
0.13508244835317
0.1356053394185
0.12587923518915
0.13509666865806
0.13548425910601
0.13556400251396
0.13569223136402
0.1352084253301
0.12617669398274
0.13600312514468
0.13509638023638
0.13530844481068
0.1358361502435
0.13625289298152
0.13571008202796
0.1261510533697
0.13594243247728
0.12530817500076
0.1351192511149
0.13572599174845
0.13593608587816
0.13558143216717
0.13544715559496
0.13504892776992
0.13571470866283
0.13627176702597
0.13550657322396
0.13548122113056
0.13621132879832
0.12539673316633
0.13473026558838
0.13582079935601
0.13559511851854
0.1256459213762
0.12646900069251
0.13522172895664
0.13559541070292
0.12652166772503
0.12613116688161
0.13622172326292
0.1261859950046
0.12653388461694
0.13580307711291
0.13607021423984
0.12584786172638
0.12613116722968
0.13434020412359
0.13576463788513
0.13595514806323
0.12583355919975
0.12684034471272
0.12641077477328
0.13528464744794
0.13631471713717
0.12566768884553
0.12600311576454
0.13617161440587
0.13562143384286
0.12610422492465
0.13635945426811
0.13557796287364
0.13530353624683
0.13615700855398
0.13545900780423
0.13552254831248
0.12681401096606
0.12674293151252
0.13502437184808
0.13564762468879
0.13572121256723
0.13544535467144
0.12619253608112
0.13646689632273
0.13571476572506
0.13597855907033
0.12648884003155
0.12542167298525
0.12532914920273
0.1350346642881
0.13670603545555
0.12592610011583
0.13568645856362
0.13645363946474
0.1352823244708
0.13569721819399
0.13553908569217
0.13414061498648
0.12597317062886
0.13669527032028
0.13560230879947
0.12558496200526
0.13580809582764
0.12565014028444
0.12570967478332
0.13626281877441
0.12404640586997
0.1359230008517
0.13468687326588
0.12714148109285
0.12713821564914
0.13557038179066
0.12691774277254
0.12626399159189
0.12719602088679
0.13481308454677
0.12510807043711
0.12607798526088
0.12633909737114
0.13569780758459
0.13682967103672
0.1266918902359
0.1253090646033
0.13492213841551
0.13568038211787
0.13639209898966
0.13547376670135
0.13558100678007
0.13575858994832
0.12575353831914
0.12564145161755
0.13560406865725
0.12592240670116
0.13530759278959
0.13571564424718
0.12633342856473
0.13622983212685
0.13572264677293
0.13575680735512
0.13590522333644
0.12413980679805
0.13425519895245
0.1342063762781
0.12502403990489
0.12496076224811
0.13447511971873
0.12466317965854
0.1251662930647
0.12688661697961
0.12620436793567
0.12674386157193
0.12559051719178
0.12503356347287
0.13617484201366
0.13608926463881
0.13546941903756
0.12635225533588
0.13570086057904
0.1251359385044
0.13616436448524
0.13586015439436
0.12614616986073
0.12666368262862
0.12585279540948
0.12585001715202
0.13537840218036
0.13563112029099
0.13528507807513
0.12585173654584
0.13588753143984
0.13478911089364
0.13549099150136
0.12690409052368
0.12654505797224
0.12625595664733
0.13552744404196
0.13565274496822
0.12636426803966
0.1256666244284
0.12617063378303
0.12646189274944
0.13548040776029
0.13590295009544
0.12578154708897
0.12536519339057
0.13614630605314
0.1257365527725
0.12575898038437
0.13572367613098
0.12622508743752
0.12590395862013
0.13508439015297
0.13561507672208
0.12573063769096
0.12649492932702
0.12615777653592
0.1355401319755
0.13495323080027
0.13606366098903
0.12626159306972
0.13574887381873
0.13599785115519
0.12631040743108
0.12541787999683
0.1354930883457
0.1350625939715
0.12660302363015
0.12497113462575
0.12623634929591
0.12561677316357
0.12587293352547
0.12580996869845
0.13541425504744
0.1350675241429
0.13578812565835
0.12531957459688
0.13565628515748
0.13598514458374
0.13585346502334
0.13478312102688
0.1352780683541
0.13612744334039
0.12608024642874
0.13551237904321
0.12527359116018
0.13589973051944
0.12669869619247
0.12652645843103
0.13588422414575
0.126835197983
0.12591121092689
0.12675833451808
0.12547532445721
0.1359418701776
0.13593501151819
0.13612977422012
0.13549730759181
0.13635274152529
0.12557016687886
0.13423439301101
0.13492716270218
0.13480576504101
0.13488752449073
0.13576276094472
0.12561819708888
0.13486839725488
0.1348991458007
0.12595294520054
0.13505097907406
0.12546686087927
0.13476538971144
0.13500718064869
0.13492226322917
0.12533565650907
0.13622111647213
0.1352520388505
0.12597685367638
0.1352279464839
0.12594018758427
0.13608051428467
0.12530571833616
0.12431674254654
0.13509528113934
0.1259804753373
0.13598518675685
0.13350496437219
0.1251515374622
0.13462822360665
0.13504773196815
0.13482157292487
0.13482248100466
0.12516937215768
0.13551022234771
0.13424514039136
0.12736763484995
0.13686728879219
0.13707908308042
0.1269819695063
0.12726587382519
0.13679998896446
0.12645415924123
0.13669077053327
0.12740431381916
0.1353848616319
0.13540470676321
0.1260823237743
0.13633816479909
0.12638712874785
0.1366276657256
0.13565711216397
0.13450717532528
0.12683209609691
0.13668006752757
0.12672290605437
0.12436611124919
0.12693139023218
0.12547315685434
0.13543648542033
0.13513205240533
0.13553136168736
0.13430197532469
0.12495499751523
0.12639673730361
0.12614947740999
0.12629607130992
0.13620117837485
0.1357699615661
0.13578448950502
0.12640912540105
0.13595671866957
0.1264918829745
0.13625940666371
0.13614408734179
0.12689191092645
0.13604146017726
0.12653674727724
0.12610326899149
0.13606834143729
0.12636289981477
0.12736975902482
0.13612376069686
0.13527526372615
0.13638609264536
0.13594148262784
0.13630405044609
0.13489145831613
0.13602864413148
0.1266236796161
0.13525243676692
0.13554592100223
0.13560776817933
0.13460926347941
0.13450283875802
0.13482974943167
0.12567374492204
0.13556369437386
0.12627819980228
0.1355329864841
0.12527632232538
0.13485142524558
0.12509398991329
0.13542770758293
0.12571365536368
0.12633748354891
0.13457170751476
0.12485564348099
0.13457879945037
0.12454689149941
0.12512891123711
0.13436103386147
0.12454727363942
0.12454727295024
0.13451300726052
0.13603849606909
0.12606666637428
0.12670588725733
0.12643891897676
0.12669560841779
0.12497127539618
0.12469287077166
0.12501648815829
0.12477040964546
0.13527755381953
0.12523118350601
0.12530481320898
0.12558248582509
0.13555369245564
0.13396055550586
0.13395959497325
0.12424324267707
0.13507237816173
0.13472331677598
0.1256933079024
0.13504185076043
0.13441815606315
0.12460314697666
0.12525563330518
0.13441758361901
0.12478081051222
0.12339328
0.13480555684499
"n_500_d_20_tr_20_a_177x177_idx_3_p_flooding"
0.13810451539825
0.13915035128954
0.1378386967746
0.13775609826267
0.13951252778659
0.13975468599447
0.13839473007814
0.13931887887555
0.13931820488745
0.13806375496451
0.13764878270037
0.13806460935423
0.13946722690789
0.13931786985067
0.13790908831825
0.13834471336759
0.13818294139635
0.13800084682389
0.13904165684916
0.13801324004654
0.13825127119881
0.13761845774394
0.13757786090329
0.13929395744698
0.1382874679887
0.13728956871798
0.13930622782786
0.13811920476609
0.1393060300702
0.13907468735998
0.13873599006117
0.13773810929012
0.13821111086147
0.13924077336134
0.13882966847235
0.13800512244788
0.13818136229969
0.13815900758683
0.13818521207255
0.13888001150348
0.13782909698567
0.13754935901224
0.13750036744905
0.1385101673356
0.13884270335777
0.13764078297242
0.13797529373458
0.13767378976913
0.13800730842626
0.13746450040101
0.13890939674206
0.13890711961944
0.13919335825432
0.13746044022922
0.13724269823449
0.13902146032258
0.13871942037286
0.13820919571727
0.1388181681608
0.13828752921422
0.13891867017515
0.13812145829274
0.139296881927
0.13782834746383
0.13710643427991
0.13839680515597
0.13690678942659
0.13828038744686
0.13700846020771
0.13877396769713
0.13836155576268
0.13819993109906
0.13865152933702
0.13722115257831
0.13853362588468
0.1375067269446
0.13722137574952
0.1391336522121
0.13822121102716
0.13815528937268
0.13783873320691
0.13822941614941
0.13837099355633
0.13755269294111
0.13739382652959
0.13759905418621
0.13766166774745
0.13692989536696
0.13603510227365
0.13780427785956
0.13705809241974
0.13693244009143
0.1358144286353
0.13792934921815
0.13692946462046
0.13800888884031
0.13747079386343
0.13728022505965
0.13825399256761
0.13678647413362
0.13778534850207
0.13754696969908
0.13693234783057
0.13830583649184
0.13786363222277
0.13678079315244
0.13698638296312
0.13693939575055
0.13680478724343
0.13673027292669
0.13744396472845
0.13746578268033
0.13754842901147
0.13738608047425
0.13652572007692
0.13795086367044
0.13892451538093
0.13712713411751
0.13820215769431
0.13758270031027
0.13758365845399
0.13786083477637
0.13727010683506
0.13794440393091
0.13860326159641
0.137417816041
0.13766061853835
0.13696635241291
0.13840313778282
0.13762856458717
0.13756765004772
0.1378290136298
0.13820797522244
0.13719414606313
0.13759179974783
0.13790709112631
0.13820609566774
0.13721810699529
0.13814966788166
0.13830534343121
0.13719905737852
0.13777256992701
0.13824663874275
0.13910946018404
0.1382831930782
0.13823244440648
0.13808261446686
0.13727074265322
0.13727039865193
0.13805038849217
0.13828928662109
0.13783684674672
0.13770749315078
0.13704065455666
0.13812494665049
0.13875765194104
0.13770807167414
0.13801055161471
0.13864720321008
0.13721645704078
0.13666653183154
0.13839194548895
0.13802373521789
0.13793875826585
0.13877459799472
0.13733510013053
0.13802083113714
0.13842718299457
0.13792311952263
0.13876810320768
0.13852134252472
0.13882394237469
0.13805435433718
0.13833981715831
0.13770377989516
0.13792282360075
0.13616546038408
0.13823538089673
0.13862332878261
0.13780724396849
0.13904623393715
0.13827488159485
0.13719163052375
0.13902296172852
0.13766281665062
0.13812638508173
0.13850245085588
0.13810474391588
0.13797310759683
0.13891239686954
0.13804248395181
0.13752908195723
0.13903807014004
0.13739690275001
0.13775710049433
0.13884900428929
0.13899071522567
0.13707613890995
0.13803304810454
0.1380456585998
0.13784319158544
0.13819976339784
0.13910582155621
0.13785978680105
0.13846043688439
0.13850745055879
0.13746376405056
0.13699243503018
0.13728487778717
0.13933467267557
0.13811464171169
0.13817289199792
0.13864007322387
0.13752347114812
0.13794719000176
0.13787259731911
0.13616031077765
0.13785647688662
0.13930863154313
0.13807018514582
0.13768994416431
0.13806937335298
0.13754955026069
0.13769316348547
0.13888123730873
0.13556810583343
0.13810776154618
0.13669595537864
0.13867693473708
0.13933229198571
0.13794265632372
0.13898586639644
0.13829423439914
0.139541828008
0.1370800400647
0.13687185545005
0.13786168416302
0.13841192291695
0.13866606832369
0.13952086647991
0.1387350595435
0.13706779196394
0.13683457234319
0.13780703245526
0.13879406523752
0.13766794248742
0.13840044272101
0.13803357678992
0.13783941591145
0.13775803091072
0.13780105093939
0.13781887180984
0.13718740183721
0.13797048536624
0.13824395171278
0.13871460872246
0.13843547538827
0.13795026003512
0.13836221407172
0.13614164550681
0.13648057177616
0.13636248031828
0.13718261633024
0.13707265112122
0.13668204118398
0.1366847954562
0.13712839523914
0.13919563287078
0.13834646348282
0.13856644493094
0.13744159485531
0.13690121877982
0.13874929954017
0.13850793384895
0.13796814969368
0.13854875002849
0.13831125436236
0.13711135989369
0.13857761168777
0.13819309556329
0.13809084736513
0.13855358434427
0.13814013223222
0.13774572034711
0.13755630311568
0.13839039373422
0.13780150193572
0.13766165447943
0.13820765839375
0.13737380054791
0.1381819421493
0.13844071995428
0.13836241242242
0.1382517624702
0.13790078239949
0.13821336282684
0.13832783603013
0.13790640746844
0.13822275271182
0.13832991437554
0.13790428595405
0.13832514738652
0.13791921555557
0.13728532025111
0.13852238965026
0.13782840132266
0.13794535754893
0.1382352409333
0.13834111915596
0.13789757633007
0.13739408849316
0.13773423329535
0.1375711185492
0.13854212373628
0.1382654379561
0.13804892793764
0.13724651440485
0.13845554417909
0.13846394851115
0.13819000734491
0.13857625349039
0.13815612899737
0.13730917706944
0.13761633620607
0.13737717461036
0.13852157181073
0.13669984594215
0.13816390174652
0.13769356552316
0.13784896521409
0.13773852764622
0.1381555098248
0.13739543138045
0.13810596405211
0.13731819100675
0.13811780817203
0.13835717372016
0.13823860070873
0.13720420689829
0.13755055892504
0.13848999865737
0.13802379674994
0.13768178283775
0.13705985855403
0.13850239275479
0.13857290229382
0.13841276257736
0.13848052693871
0.1388356846173
0.13842729070462
0.13884264564509
0.13724578349101
0.13810994062236
0.13847694034425
0.13850146345813
0.13759382237805
0.13887658701193
0.13776972729294
0.13592951725067
0.13681899510225
0.13675230327541
0.13686211668995
0.13776350965637
0.13753535848064
0.13665666647663
0.13698149631972
0.13794188230567
0.13685669035524
0.13737804403334
0.13690733411992
0.13724724284254
0.13761011824786
0.13714563998643
0.13854856846305
0.1378776918719
0.13804378246732
0.13791066311461
0.13800025815314
0.13868927456182
0.13763762846825
0.13622974085219
0.13751081066127
0.13810972240852
0.13849691304285
0.13564925001637
0.13736143549018
0.13670407493144
0.13709929357879
0.13688809133258
0.13688924312228
0.13750594115684
0.13808238207643
0.13627041514571
0.14006365127139
0.13985184141439
0.1398946228333
0.13930191429287
0.13973238671061
0.13931534116949
0.13780782662563
0.13939736711058
0.1396359910658
0.13767878335401
0.13799840530066
0.13819780742928
0.13901201685586
0.13834709682267
0.13930460578239
0.13802022506246
0.13659096862263
0.1392445474077
0.13931889102139
0.13915876345991
0.13648601523146
0.13914704035388
0.1373704557674
0.13746453047476
0.13721083359052
0.13757283037127
0.13616382529516
0.13660614619635
0.13867573321011
0.13835819770863
0.13850820026225
0.13892510477251
0.13813323122993
0.13817549672839
0.13852630528012
0.13835732980762
0.13857979868184
0.13872766473721
0.13874636464389
0.13890507799959
0.13855178294471
0.13873201601273
0.13817791113129
0.13913093977274
0.13826021511448
0.13936667557372
0.13845619747637
0.1375756654751
0.13879254683356
0.13821179493066
0.13863150151907
0.1372467425783
0.13832281094383
0.1388086006325
0.13761502816466
0.13759389962705
0.13835370971782
0.13661388214777
0.13643427256317
0.13691501527249
0.137978652874
0.1380387154814
0.13810748302795
0.13799649112648
0.13704605891849
0.13705785370872
0.13703322313
0.13780058696289
0.13780372035674
0.13860694166626
0.13654965479423
0.13655119119931
0.13668892532021
0.13647704909645
0.13709647938012
0.13647944148929
0.13648011411837
0.13648088264106
0.13639153941732
0.13833201921879
0.1382683217019
0.13888262266108
0.13849355686008
0.13872812437864
0.13695734291062
0.13682488780101
0.13719689357543
0.136730301649
0.13748474393577
0.13726154036645
0.13751933746406
0.13760241022106
0.13792891738505
0.13578887718457
0.13578906890205
0.13578820693958
0.13738061593186
0.13684264906188
0.13778427258104
0.13728588886099
0.13648760079318
0.13648625634572
0.13718614178306
0.13648616451524
0.13664088887332
0.13492300922207
0.13681350025465
"n_500_d_20_tr_20_a_177x177_idx_3_p_mprt2"
0.12543528020634
0.12502733817371
0.12559205024256
0.12699251582999
0.12449571345079
0.12391703415365
0.12526870497434
0.1244959767308
0.1237793624941
0.13177738153858
0.12449597692458
0.12517716893153
0.12481863893974
0.13036785519116
0.12987231671995
0.12535518582027
0.12612903947739
0.12613795016922
0.13309296458222
0.12526118930773
0.12476676684045
0.12997184138942
0.13240480005875
0.12683724034052
0.13519976984889
0.12473866888327
0.12433235320596
0.12721764415748
0.13253040640473
0.12917735533673
0.12996791649687
0.12499230743826
0.12476562485642
0.12710297964142
0.1341974340064
0.12451981023139
0.1243784351939
0.12602169599427
0.12547749232342
0.13064823489815
0.12568285301968
0.13093139360045
0.12482080498232
0.12644565513021
0.12518233579819
0.12799691078908
0.12481442154288
0.13013414065571
0.12532419602892
0.12951421759127
0.12695909663069
0.12528465188361
0.125210057467
0.12835005755585
0.12865252158302
0.12468702207667
0.1284184487154
0.12694921537533
0.12944535648118
0.12521972570542
0.1268000915053
0.13120871156616
0.1267044316023
0.12496398382076
0.13414234854276
0.12714664876492
0.12491461228611
0.12835182246162
0.12905555312615
0.12597046563858
0.12515299452093
0.12495053296356
0.12719985544862
0.12871739822661
0.13153902001859
0.12619090054458
0.1255553139485
0.13273110545927
0.13100131618727
0.13111731939761
0.12529257809262
0.12468701967802
0.12468549277567
0.12754420107509
0.12547398725058
0.12801021908673
0.12693148882141
0.12934874601713
0.13257691150573
0.12860087407681
0.1320007435419
0.13432180680354
0.12566211185215
0.12721467225074
0.12520502595002
0.12691318766379
0.13179355388751
0.1302729104416
0.12681728975117
0.12473532887232
0.12965539824782
0.12896755932306
0.12809106284099
0.12772447642226
0.13174295217389
0.12924260599791
0.12841186156454
0.12656268147904
0.13049186358269
0.12847715757754
0.12948514477533
0.12644332062877
0.12816279203492
0.13287512136359
0.12961571413246
0.12815496686308
0.1293384280734
0.12592339692479
0.12687473429757
0.12738059329546
0.12820644867411
0.12940708283494
0.12929732551734
0.12810026115887
0.12728467064052
0.12608119894506
0.1308124117413
0.12841096775295
0.1257123873429
0.12838982006941
0.12692935137574
0.12752350809382
0.13257410825678
0.12984642005873
0.12809409747549
0.1295045122701
0.12825922365898
0.12809801625503
0.13235589583951
0.12738074177589
0.13133861896033
0.12688807970788
0.12557210066544
0.12907415953702
0.127101647013
0.12660696750515
0.12769412874254
0.13295340546258
0.12824375945599
0.13367664896351
0.12538176284801
0.13014671936747
0.13393033139678
0.12571269723553
0.13160286939023
0.12737289695769
0.12690555236782
0.12642245266589
0.12652285714143
0.13017892756131
0.1306863082381
0.12714051061769
0.13028426380702
0.12683980351794
0.12902251775274
0.12989971655932
0.13081845437051
0.13126593246263
0.12967262770425
0.12832374612697
0.13022346606343
0.12948768105411
0.12530715183011
0.1262071140888
0.13060099857015
0.12487995059189
0.1280519195188
0.12640878542579
0.1291855934465
0.12928525941899
0.13234526455565
0.13141707258955
0.12897647085661
0.12526322070779
0.13071168761915
0.1319828675679
0.13187577865752
0.1312603519185
0.13049368337511
0.13260369675149
0.13118667580068
0.12716255857114
0.12992367492309
0.12561763111706
0.13318278233721
0.12463175814616
0.13096303084397
0.12919089256306
0.12790655481731
0.13292295096124
0.13453944641428
0.12447050254554
0.12785798349378
0.12716428087994
0.12572480365775
0.1286825596905
0.12930385466502
0.12709163563466
0.12543018812964
0.12917544366499
0.12785778189346
0.12858316590951
0.12760487303284
0.12929936939495
0.1313293320535
0.12778497123541
0.124053024353
0.12910929646786
0.12861275742615
0.12999312878172
0.12723776484144
0.12853252639981
0.12913306719453
0.12622857408719
0.13010032190413
0.12856436230667
0.13499440642637
0.1287793310381
0.12458432494676
0.13155120158404
0.12510616840834
0.1284041822743
0.12855267960235
0.13198640674292
0.13020550986303
0.12483026442063
0.12809136574662
0.12718009622758
0.12876248222753
0.13357765331163
0.13154823605279
0.12412028985236
0.12848425417176
0.12666527815725
0.1289156904677
0.12742723022486
0.12370396829962
0.12798361850559
0.12440467170008
0.13049260080621
0.13268382652499
0.12950941022463
0.12887749522327
0.12942980433861
0.12508363012749
0.13066826543536
0.13046343823919
0.12463790438863
0.12673540546475
0.12682873973297
0.13243386850955
0.12932550504944
0.12394710444283
0.12431570758576
0.12898658805611
0.12548422565316
0.12643996383299
0.13175936875517
0.12635367412014
0.12566673064214
0.13150456333521
0.12719873017082
0.13212520717574
0.12520447751888
0.12410849546782
0.12597918698273
0.13019880702553
0.12747449356715
0.12735008750774
0.12932037240499
0.12915023732355
0.12666412591811
0.12617706523686
0.12888194098134
0.12813681923936
0.12694204615627
0.12927474968603
0.12984104704614
0.12990159910575
0.12971312027692
0.12434962571708
0.12889919178886
0.12497094004479
0.13118709376943
0.12755366016849
0.13224010881005
0.12435020239123
0.1304337976061
0.12687891781401
0.12661860161115
0.12568179686863
0.13114711820607
0.12513915482635
0.1252292196237
0.13263690632386
0.12436010261104
0.12875669423774
0.12504086003627
0.1253365712401
0.13138417184056
0.12953659642343
0.12684646725657
0.12939389527254
0.12939706603899
0.12641210258267
0.13126317822853
0.13139747925516
0.12630879638605
0.12866599174867
0.13267091288272
0.13164719826279
0.12978356453229
0.12613727230617
0.12585827393426
0.12603967193521
0.12969298374416
0.12759748158348
0.12786414010996
0.13009288264149
0.129739695467
0.12587142750267
0.12808554033912
0.13058573159617
0.13014220477778
0.12761718494698
0.1279583886516
0.12862310989413
0.13088687697151
0.13011199083171
0.13392974699662
0.12394395732949
0.12753433967166
0.12681862948936
0.12886461192959
0.1267532804122
0.12592160801628
0.13112988362395
0.12967201181528
0.12853154835212
0.12668780496033
0.12766794600036
0.1313151906096
0.12881350490916
0.12838440711417
0.12812790023312
0.12867125493235
0.1309791387865
0.12962142808409
0.12839067102673
0.13010609992289
0.13259007406556
0.12838477747101
0.12610169739656
0.1300251067836
0.13029578265556
0.12984026001261
0.12854785957717
0.13044862830826
0.13067629982921
0.12891291159263
0.12638522163903
0.13215917469349
0.12595181139328
0.12997098493932
0.12886271833579
0.12647843710734
0.1271634806532
0.12554217460629
0.12723030929312
0.12625633397008
0.12469237567928
0.12453117215446
0.12492924374768
0.12453117228941
0.12639033357072
0.12500627559691
0.12565301854019
0.12522125643942
0.12963297798086
0.13121800905612
0.12563546097311
0.13274261805877
0.1275296900531
0.12877666850477
0.13056306012772
0.13007449786443
0.13060841960179
0.12417781443801
0.13036533131153
0.1264411968207
0.12788470059081
0.12785748270655
0.128909607521
0.12905725653564
0.12784392167997
0.12659582217827
0.1273408705756
0.12636166559225
0.1263024148482
0.13041763222421
0.12406212847324
0.12718193785318
0.12879200008454
0.12803376356362
0.12549033153275
0.12448107606006
0.12554283828293
0.1277359374905
0.13005522512384
0.13092489215385
0.12616656081841
0.12550011409344
0.12780775542793
0.12632005339018
0.12531967677454
0.12732055532143
0.12608960121364
0.12637232260046
0.12623701220319
0.12784613366126
0.1268281147349
0.1257663244088
0.12911921807243
0.13044438788069
0.1282128852522
0.12695623537996
0.1246283650753
0.12997285812989
0.12963554378651
0.13002108264417
0.13099182722558
0.12796663504414
0.12694734779511
0.13017506213315
0.13266674676127
0.12707384479463
0.12996736605531
0.1288991634922
0.12974062914551
0.13006251910795
0.12643779748876
0.12681110681909
0.13111844447705
0.12725671861551
0.12797069230062
0.12751793261395
0.13114881478671
0.13051688858239
0.12429024532076
0.1243884215731
0.1254002008903
0.12731060291889
0.13344708273144
0.12530151292796
0.12812693592962
0.1243697008803
0.12417565235766
0.12466147514297
0.12417565112355
0.12417565143006
0.12417565089064
0.13027145824811
0.12459032183637
0.12442443070818
0.12772545417895
0.1295311270295
0.12808832076514
0.12645989182029
0.13148624116133
0.12743378880129
0.12437312404216
0.12497907997032
0.12479239155372
0.12805949879548
0.125037867362
0.1332145746997
0.12375267315464
0.12375267321087
0.12385084948783
0.12651006263119
0.12596669302519
0.13260568157973
0.12633962587322
0.12413917005622
0.12413916907662
0.12714666230969
0.12413917003222
0.12733488826773
0.12340096020205
0.12600775303996
"n_500_d_20_tr_20_a_177x177_idx_3_p_probflood"
0.13563806345838
0.13555619466417
0.13610894652094
0.13563363206843
0.13511120211034
0.13434696506743
0.13589270820835
0.13511281793297
0.13416926101177
0.13594745158473
0.13511058579826
0.13550923813833
0.13533795574278
0.13619362921893
0.13631809847943
0.13500756292512
0.13611824697117
0.13575578972056
0.13566999199797
0.13513040614621
0.1353674866979
0.13625298972064
0.13593880800694
0.13609141274794
0.13605886883296
0.13529978172317
0.13494792525097
0.13612291906058
0.13665297950447
0.1362089099686
0.13600994423342
0.13560572143076
0.135154453209
0.13507743259077
0.13662954352118
0.13503179805331
0.13490592955265
0.13546682300733
0.13615584679916
0.13554050815351
0.13621607917862
0.1356182703679
0.13540165203084
0.13477779603323
0.13607013678199
0.1358683109033
0.13519046706103
0.13620071493882
0.13599309499254
0.1358093293741
0.13613104310334
0.13601324592843
0.13569371713159
0.13568687462931
0.13582695394031
0.13544462633811
0.1358000377505
0.13607109118616
0.13549184508498
0.13569701974122
0.13512863612556
0.13630028680416
0.13577608485531
0.13557277919252
0.13604342498913
0.13617696887573
0.13533126110649
0.13571427841459
0.13590578576722
0.13617768845707
0.13585784125636
0.13539889045259
0.13571988592814
0.13619192163432
0.13623761460542
0.13533227682404
0.13570741568043
0.13562412504579
0.13606690226213
0.13610790962505
0.13543458620858
0.13544868738441
0.13544751777739
0.13598260062938
0.13616729367662
0.13601692982384
0.13628648377164
0.13585965323931
0.13585393715566
0.13718191102549
0.13581867057827
0.13584829429471
0.13581709710683
0.13693228165983
0.13525391197714
0.13604176635412
0.13745399671647
0.13703937832162
0.13703237339296
0.13519175093949
0.13700334668047
0.13714787758881
0.13616996515975
0.13679521614455
0.13603829577859
0.13567932039765
0.1356349931573
0.13692734963852
0.13615226277658
0.13530164778265
0.13704327264932
0.13684987630167
0.13688434545386
0.1358817868773
0.13622922446321
0.13699888383691
0.13631085682793
0.1367672479821
0.13561637184056
0.13649040611908
0.13681523889186
0.13680704686873
0.13578345370109
0.13553359575932
0.13677981069438
0.13683084322364
0.13698769973341
0.13651250427112
0.13534836741223
0.137036774219
0.13674134351894
0.13618195413675
0.13671186645397
0.13635362523012
0.13690491178895
0.13609631627307
0.13710058923269
0.13503613041834
0.1365364520157
0.13612159874838
0.13701400370273
0.13623605333459
0.13610401708605
0.13625693736004
0.13621640578345
0.13651621237938
0.13647229539432
0.13557787457487
0.13689396090359
0.13619040359408
0.13602221611192
0.13622776875713
0.13573230740677
0.13588684391427
0.1367167833395
0.13643411835917
0.13596435190269
0.13605370830644
0.13589551806259
0.13621254985244
0.13642714388959
0.13585644862273
0.13687258838759
0.13627840080456
0.13586024037207
0.13600411522882
0.1366452925544
0.13587488841967
0.13597680850721
0.1362718791205
0.13649388570814
0.13689710737724
0.13571164008071
0.1368226397911
0.13703290024761
0.13517833476598
0.13628657127509
0.13710309499155
0.13613055598472
0.13578851882982
0.13597040703698
0.13712141499096
0.1357042003137
0.13579859729836
0.1357544938834
0.13662011167166
0.1367025612953
0.13733014532307
0.13601407887743
0.13727318667732
0.1363255314131
0.13508808715209
0.13581602754611
0.13639070042378
0.13532443093684
0.13528458939864
0.13602463659551
0.13578443573364
0.13592816560332
0.13658847061727
0.13543864215876
0.13498459260007
0.13560309378612
0.13597525545106
0.13590120016775
0.136381711568
0.13554816693864
0.13597899335702
0.13594510249773
0.13671513294893
0.13640632409528
0.13683509610415
0.13605722887487
0.13620575067734
0.13569862446835
0.13594526167447
0.13452943076187
0.1365126907466
0.13587510907288
0.13684597646097
0.13566524175447
0.13605141272603
0.13634459966957
0.13603823167624
0.13679045917877
0.13538353188236
0.13557163128978
0.13669651519749
0.13529454178316
0.13597578411036
0.13586156625787
0.13615620315431
0.13592004700317
0.1363964074846
0.13639702480285
0.13561173426601
0.1354240620389
0.13610440021682
0.13667819849738
0.13565456294962
0.13590679046942
0.13450974851313
0.13607198999044
0.136064175103
0.13568028991376
0.13575806294282
0.13397594643106
0.13616365611164
0.13489614904378
0.13695551767872
0.13592541991748
0.13677402581607
0.1362539594196
0.13521232212794
0.13511440617141
0.1363607643936
0.13663497619503
0.13526655012128
0.1363288057776
0.13508943848256
0.13667051040614
0.13646371043639
0.13447794944985
0.13478764895338
0.13651499887569
0.1355750213124
0.1352771727319
0.13639319050101
0.13622026821204
0.13621518125465
0.13647451620735
0.13605413341819
0.13577209741589
0.13561691076263
0.13466889552132
0.13624066648435
0.13619149599634
0.1354908155608
0.13535295157604
0.13525624975663
0.13641025892968
0.13635004981363
0.13625776116752
0.13628348385797
0.1353300296453
0.13617148919092
0.13636396355517
0.13543880472214
0.13633099147715
0.13597638654986
0.13495042111106
0.13592451235336
0.13550277125517
0.13575536390564
0.1356758519082
0.13645865477379
0.13494780962878
0.13538515181987
0.13637675489531
0.13646848907966
0.1361977199095
0.13656654181848
0.13545851210576
0.13567969378301
0.13660736086822
0.13491248486717
0.13615766400331
0.13570011607043
0.13589898892684
0.13579289594737
0.13615970577393
0.13611642383858
0.13614526594306
0.13629297521296
0.13626252536249
0.13600880644649
0.1363274647574
0.13585911652958
0.13576462757775
0.13617239856877
0.13609183022653
0.13632201993758
0.13594043187273
0.13631856269413
0.1359376803463
0.13594459198045
0.13590578898954
0.13626811298442
0.13622919927635
0.13617007626612
0.13611703639294
0.13619142259618
0.13547961783458
0.13700810746434
0.1364308638288
0.13665125887932
0.135481355165
0.1354415394891
0.13529573809787
0.13560982445613
0.13427038499759
0.13502420624388
0.1364077441449
0.13604929361449
0.13497357276133
0.13574416751264
0.1355636147416
0.13523147935499
0.13642312485487
0.13507013384456
0.13647382160391
0.13591192759517
0.13632822554552
0.1351340612078
0.13542735756088
0.13486298936582
0.13651219856724
0.13656142027223
0.13632456332131
0.13534030381467
0.13609137589648
0.13597429751802
0.13628999672819
0.13645214406697
0.13568081150288
0.13673121315586
0.13504046558521
0.13579865658635
0.13566475162105
0.13519578783838
0.13680870734346
0.13666413172157
0.13493569153877
0.1360429228435
0.13637936776204
0.13615308862332
0.13594547751826
0.13606201308714
0.13592259803753
0.13592961300775
0.13528091696818
0.13509467514796
0.1355963203045
0.13509828115803
0.13559641694356
0.13572661819881
0.13545432108582
0.13571859185798
0.13533030952828
0.13666030015954
0.13454132172064
0.1340110964712
0.13459485517711
0.13582261456075
0.13594822640896
0.1362439350616
0.13637835934454
0.13473146460059
0.13548141684152
0.1355755309143
0.13536659253849
0.13781530619545
0.13567568321462
0.13742180719078
0.1376855428292
0.1372879433399
0.13756010282095
0.13741718112916
0.13719491626943
0.13759393014817
0.13444024395974
0.1357479397805
0.13697753953925
0.13709749137805
0.13604782646573
0.13484112626337
0.13483285703128
0.13718317236803
0.13720682567705
0.13697878051599
0.13718206599984
0.13645409842551
0.13636255133104
0.13628418272492
0.13628604422832
0.13656710773607
0.13645571775246
0.1366146210146
0.13645968686576
0.13663692519191
0.1362535457703
0.13637717682494
0.13577442849245
0.13673006555446
0.13619961353021
0.13656431014588
0.13553503369743
0.13620284403851
0.13697760691625
0.13687578076813
0.13578306535439
0.13678329840706
0.13658737726485
0.13655121176606
0.13659261687017
0.13640783860272
0.13729074104851
0.1367767471251
0.13570537825534
0.13640675030389
0.13484623269998
0.13466186916656
0.13511856002966
0.13525853974404
0.13523580858116
0.13526484314441
0.13610182759368
0.13619336163956
0.13480371494086
0.13480198669983
0.13608901695421
0.1360848944101
0.13592591408653
0.13592866311687
0.13651024472852
0.13494073169245
0.13474827756233
0.13528319896407
0.1347492310567
0.13474913514643
0.13474875259782
0.13467544486972
0.13521651196958
0.13508236184054
0.13541366610687
0.1367728390374
0.13646418248829
0.13664003254277
0.13634192496024
0.13631899595067
0.13495900922154
0.13560698590951
0.13541456841454
0.13563536790627
0.1357007486566
0.13599330179262
0.13411822145265
0.13411793412838
0.13411678471289
0.13551117369912
0.13501292509375
0.13584766971946
0.13539296207336
0.13472148643288
0.13471902328222
0.13532944006328
0.13471950889873
0.13485810548261
0.13338572847944
0.13503478096237
"n_500_d_25_tr_20_a_158x158_idx_4_p_abba2"
0.13452523054716
0.13334405344294
0.12996569707254
0.12963662001433
0.13461437936814
0.13176202215477
0.13442666980988
0.12967393280513
0.13330534993766
0.12984351133151
0.13086897394792
0.13106564485456
0.12945798554466
0.12948830221053
0.12964825096906
0.13080596312142
0.13082122929218
0.13067799617292
0.12882674782467
0.13294164010408
0.13365802675298
0.13237628919401
0.13130510262311
0.13059113540194
0.132688531814
0.13406462312043
0.13124804486714
0.13256577136848
0.13164917836423
0.13397018887584
0.13134673182493
0.13236978520868
0.13487669615571
0.13342401722236
0.13095432087913
0.13360171228122
0.132623094949
0.1295980855724
0.13200558040374
0.131800120029
0.13558495299626
0.13385859737694
0.13189247177996
0.13218637556077
0.13022120976428
0.13126334960826
0.13556156311432
0.13385355732153
0.13310626278451
0.13163491120395
0.13157173187335
0.13260358322137
0.13555343775241
0.13054386073522
0.13236622492339
0.13347527753825
0.13244262890077
0.13350295020257
0.13137479993063
0.13260560677261
0.13303929237761
0.13113961523543
0.13429746591797
0.13199041727667
0.13448579098456
0.13194087021934
0.13351598560824
0.13100243654229
0.13369710170605
0.13340863701792
0.13163827604499
0.13186376289634
0.13326624874242
0.13249341145233
0.13114000515785
0.13360636055946
0.13231821019722
0.13040600964348
0.13238853901369
0.13209938848515
0.13108059003021
0.13351963853416
0.13272471564167
0.13116047298231
0.13376503614157
0.1309093052082
0.13224512680078
0.13279618092135
0.13323831037634
0.13211770328522
0.13165700816186
0.13436797185775
0.13234240742724
0.13225068332184
0.13161013621614
0.13262474327019
0.13331710768912
0.13223750915431
0.13052407942905
0.1329103098438
0.13134749187622
0.13158218138294
0.13162926187776
0.13081727774759
0.13256390332257
0.13383413015045
0.13227490255812
0.13342311028347
0.1319915354537
0.13057759529105
0.13344311805813
0.13389250883793
0.1316043636705
0.13218848157496
0.1315303453851
0.13501049107509
0.13183395503866
0.13214532487791
0.13153890341999
0.1329910082522
0.13219130010074
0.13144739568828
0.13219033151898
0.13157885560724
0.13146027630787
0.13228270719672
0.13159458711931
0.13425754878466
0.13310822249687
0.13335091915738
0.13261795105903
0.13199360148198
0.13077252204611
0.13271011594548
0.13079620309722
0.13304026646306
0.13294076139473
0.13354103752848
0.1325640632268
0.13230382761183
0.13317108214843
0.13322274330305
0.13242105374288
0.13250184610248
0.12942201998623
0.13273313697662
0.13285744336987
0.13132073455734
0.13426029336338
0.13199845695803
0.13470721118884
0.13144315200396
0.13324110387513
0.13485512013893
0.13389263806595
0.13236082052958
0.13394687940028
0.13318733291317
0.13185288146412
0.13383188814702
0.1325412094471
0.13186882684612
0.13080616169739
0.1323525646807
0.13290065316655
0.132349620424
0.13201680438087
0.13302977849747
0.13152430940574
0.13156895668928
0.1328180585923
0.13298258880482
0.1334503739749
0.1316927748452
0.13187737598927
0.13206086114725
0.13354031588836
0.13234397372621
0.13498205402061
0.13200764886428
0.13118298618185
0.13221867201206
0.13340333758955
0.13223788676115
0.13155180481052
0.1320128494061
0.13277805482751
0.13006829608873
0.13282415945248
0.13286923170872
0.13338394745968
0.13387462662823
0.13329726331312
0.13346590339178
0.13208763851831
0.13553270143527
0.13118397239484
0.13112919435288
0.13262231849965
0.13061145579772
0.13439773672003
0.13383692328845
0.13329689014255
0.13288928066365
0.13323458047514
0.13297265827238
0.13167080286306
0.13396263481792
0.13386509088178
0.1334638929327
0.13368369183109
0.13047028358591
0.13220289804218
0.13201575042843
0.13288174310424
0.13573692595488
0.13251981663952
0.13281907829851
0.13113081680797
0.13254535901678
0.13231849039574
0.13093023703035
0.13339807216856
0.13272955481286
0.13298502129198
0.13322135507299
0.13314357568883
0.13053725957093
0.13296908429116
0.13071728346843
0.13088007970035
0.13133037212781
0.13143714597948
0.13280966783638
0.13281821962848
0.13230707496022
0.13126270046228
0.13351380002497
0.13260024546889
0.13167166984418
0.13299501369044
0.13210709367333
0.13489972743385
0.13252627403523
0.13259176481177
0.13247308152095
0.13381448253793
0.13124560421251
0.13150896516036
0.13186838436295
0.13342402255405
0.1333621570196
0.13333377109719
0.13255065804312
0.13350405119069
0.13274068585651
0.13051000765761
0.13304575749094
0.13011738592409
0.13181106036048
0.13321769848895
0.13277787769554
0.13258275438668
0.13286664501227
0.1327775215237
0.13350891419755
0.13294185689968
0.13321601472611
0.13330324845974
0.13370128816255
0.13204022265618
0.13281408579584
0.13341948027087
0.13266428899768
0.1333615372956
0.1323341398739
0.13188344118218
0.13251150220684
0.13191042493179
0.13154113322296
0.13230351182173
0.13214785960306
0.13240922528658
0.1339236123369
0.13272906126709
0.13104486981751
0.13043709911995
0.13122704388258
0.13412514165437
0.13288134592355
0.13387972797693
0.13316288136239
0.13367489244161
0.13081994416689
0.13504280259501
0.13375054835024
0.1338031765608
0.1339252412245
0.13235553862668
0.13140615989664
0.13563703171505
0.13305472841544
0.13158129320898
0.13140196302229
0.13253075943435
0.13245645696116
0.13228454873684
0.13323764092309
0.13338478254677
0.13286574704833
0.13216691264802
0.13347973520099
0.13223603758553
0.13271894611417
0.13024366082125
0.13146233765836
0.13245640593272
0.13455321936831
0.12985137425292
0.13215012565801
0.13195267491814
0.13301782321384
0.13200488885086
0.13336962237961
0.13337761267947
0.13358478132499
0.13245913554887
0.13275685486174
0.13385279063921
0.13219421206068
0.13525185435052
0.13235401384629
0.13198500533991
0.13323345287259
0.13050997523626
0.13349655258684
0.13352660132599
0.13353662124287
0.13294942988983
0.13190033957443
0.13183536011683
0.13378007185459
0.13186398182682
0.13240578222121
0.13334135774783
0.13237870059938
0.13314535046071
0.13258777812539
0.13265407596104
0.13468986478538
0.13283043001314
0.13296784859449
0.13377329000874
0.13291950717729
0.1337053498769
0.13218209164677
0.13033788413921
0.13359884806629
0.13494392497292
0.13126741640232
0.13078295969453
0.13175533843993
0.13530190140635
0.13182417553159
0.13265507158464
0.13382280512913
0.13189629995126
0.13168993431594
0.13242340916488
0.13119591221121
0.13334785054843
0.13489182271862
0.1326415970599
0.13136222733682
0.13149426126
0.13294382884576
0.13519532529314
0.13372308191509
0.13266123642353
0.13523910043245
0.13148013750887
0.1318667944841
0.13068918349051
0.13428875144457
0.13176711332033
0.13227469969701
0.13557501651274
0.13374024416322
0.13355359393276
0.13222890407695
0.13267460638734
0.13171516014647
0.13295065344338
0.13412479743375
0.13237491214184
0.13291453809482
0.1342889358403
0.13071430311118
0.13182474226401
0.13226202338219
0.13118519836187
0.13350552192613
0.13387230353873
0.12979176759916
0.13069559392312
0.13415783947168
0.13094617707628
0.1336024264171
0.13438547595304
0.13357554881092
0.1319783438585
0.12957232146483
0.13202096295302
0.13244408485623
0.13263950618867
0.13115296085338
0.12980485610105
0.13491468345865
0.13218023404886
0.13291736147532
0.13410773015461
0.13242313189736
0.13162787781905
0.13597584236041
0.13314792385474
0.13311374250334
0.12855830000406
0.13384472068396
0.12965144133006
0.13238112997345
0.13300619492615
0.13022974708958
0.12994295404228
0.13324018270445
0.13471446733386
0.13395853295325
0.13512585280122
0.13451431901332
0.13330282093376
0.13223370036862
0.13452395937233
0.13021588565932
0.13197321702283
0.12937035996814
0.13108473095658
0.13311524039997
0.13218760249695
0.13282020640243
0.13157887194316
0.12945271425548
0.12978097839787
0.13202433981865
0.12995668346159
0.13149364488473
0.13107903704197
0.13001259691049
0.13201706258161
0.12963234477782
0.12870413894606
0.12860565732463
0.13146382355713
0.1311849068099
0.1287518167173
0.13390708432175
0.13432634060526
0.1343046367754
0.12929309855655
0.13429352563225
0.12878305463501
0.13221101198358
0.13149219894774
0.13226598763649
0.13272400686431
0.13270235179519
0.13415020041347
0.13338482163305
0.13012890261194
0.13441013685985
0.13163681129188
0.12946766366813
0.13591856109953
0.13271813460474
0.13530046022563
0.13245335477742
0.13338300855044
0.13035272697064
0.13188285857251
0.13314466793789
0.13299876367942
0.13265562057527
0.13133878729201
0.13215004514776
0.13277718220748
0.13190150258527
0.13600485362744
0.13525407549833
0.1328620627371
0.13411900905064
0.13410139793888
0.13469676077443
"n_500_d_25_tr_20_a_158x158_idx_4_p_cds3"
0.12679982365015
0.12571739358113
0.12607323166948
0.135260851435
0.13568322632771
0.13511538696947
0.12585988373905
0.13580576426029
0.12713164611937
0.12631722105192
0.13577511431877
0.12682761744878
0.13507449705717
0.1355588314258
0.12503295376283
0.12681478356299
0.13614600110888
0.1262638012291
0.13473822308214
0.12655896175267
0.12595454334826
0.1367005608736
0.12658975385709
0.12683179499063
0.12649324279958
0.1250329529251
0.12681540135224
0.1265558818247
0.13630237673873
0.135954923059
0.13613317027312
0.12706639672365
0.13566828251931
0.12721087203216
0.13628377572421
0.12739308347911
0.12705170370038
0.12715351188319
0.13600354111938
0.13577021751103
0.1248723418876
0.1266149537807
0.13677217131874
0.13585261872959
0.1265136956792
0.12673072161816
0.12453116692331
0.13594940704737
0.12622452916358
0.13614310089003
0.13622918159091
0.12733377528679
0.13434895628491
0.13639677463763
0.13720291035483
0.12456492370668
0.12431509002479
0.1270738962765
0.12591966450491
0.12594509884418
0.12770554051078
0.13613517948945
0.13429349350814
0.13634025400803
0.12639840616236
0.12625521443367
0.13589150688515
0.13564749575957
0.13501195564214
0.13596417100221
0.12602373992049
0.13612376071372
0.12617041838123
0.13620861607262
0.12613247623287
0.13688142386813
0.13678855493082
0.13589621370845
0.13606320998671
0.136358497656
0.12622906401644
0.12568720717548
0.13648171600236
0.13620841808658
0.12718278442598
0.13598154867782
0.12598199137051
0.13603234436745
0.13630709680268
0.13619067723769
0.12634513685943
0.12747328996098
0.13561525965816
0.12700575013731
0.12571326996372
0.13609143974283
0.13661362664981
0.12605807727373
0.13637494020343
0.13652826841342
0.13680041077862
0.12649758428723
0.13552455159381
0.13657708953784
0.13651723523266
0.13630550679141
0.12671540877518
0.13590464627659
0.13628185698354
0.13588567535254
0.12640798588452
0.13615191500412
0.13636466250472
0.12738783594353
0.13633628761921
0.12618562339868
0.13676089943013
0.13570359251165
0.12715081801424
0.12591078111359
0.13612547983129
0.13628812452626
0.12633966889017
0.13586866585934
0.12665899573862
0.13557601634335
0.12739120859827
0.13637840911892
0.13466327927174
0.13678389287121
0.13645744239372
0.12676767222312
0.13624248390293
0.13664273877957
0.126065704463
0.12693713751658
0.13679731860499
0.13602836331678
0.12692491168091
0.13568618459906
0.13647291457702
0.12680082521564
0.12659367666962
0.12687937101304
0.12617290944188
0.13544681204351
0.13573259863707
0.12757190515318
0.13679890376766
0.13707612056718
0.13632051631326
0.13599320097228
0.12652972599939
0.1271535477696
0.12670659149675
0.1263174280896
0.12643171625821
0.12608714103843
0.13614895664859
0.12609973122592
0.12572459753111
0.12716746096025
0.13635548792513
0.12677684033468
0.13657574409603
0.13650744681915
0.13631929885613
0.13701638936814
0.13591778630308
0.13650358871617
0.13653983146133
0.13576931974786
0.1360785571729
0.12788043521714
0.13625160979684
0.12796177380074
0.13625037280539
0.12723126674855
0.13672361901386
0.13646714780144
0.126281398877
0.13592907383299
0.12764436347356
0.13668811734221
0.13629619645685
0.1367254241416
0.12716551987208
0.12575806030521
0.13658814791891
0.12602341128833
0.13607518809419
0.13628738335346
0.13646781945888
0.13566242835741
0.12727545801783
0.13645505133882
0.12734446554069
0.12611510171512
0.13650150024667
0.12561431756586
0.13488885604612
0.13693010193068
0.12661630273527
0.1264867715864
0.13505561482731
0.12650221073645
0.12624692354177
0.12677894050664
0.13560967359045
0.13631036618953
0.13698720766816
0.12619351645155
0.13656850677195
0.12752250573477
0.13566584053346
0.12399698271337
0.13713321444942
0.12707994458177
0.13565903261514
0.12610726486811
0.13606432738418
0.12604013166729
0.13591865837481
0.12642864550091
0.13449444677868
0.13683615242608
0.13631926200617
0.13665517761715
0.12638439914543
0.13661704697188
0.13573799848077
0.12757537494448
0.12690141047555
0.12668930272741
0.12677271025565
0.12700703391748
0.12748566674538
0.12646317443883
0.13563722433245
0.13510643406549
0.13636984847031
0.12600517945755
0.12597251798056
0.12582886103126
0.12468308688569
0.12637529656292
0.12566891005494
0.13565659902971
0.13679751939057
0.12529404776116
0.13585638475635
0.12560495509048
0.13605591467153
0.12757549552683
0.12607366648508
0.13679729077177
0.12647868740781
0.12671279764217
0.12662469569265
0.1365891560801
0.12753325256477
0.12688391340657
0.13576645344739
0.13621011326962
0.12685019069433
0.1356418117754
0.1266002557136
0.12775414435788
0.12634775253228
0.13402244070577
0.13696303408384
0.12750850125835
0.13568593168288
0.12750695071923
0.13557891553069
0.13667061872169
0.13681502691915
0.1266047361411
0.1273885308799
0.12622034138223
0.13604835076389
0.13566996048347
0.13591835828898
0.13581179161818
0.13473626082768
0.1365120008758
0.13604918247954
0.13707974403351
0.12564601303158
0.12723563837748
0.1259119413475
0.13584107242245
0.12718932907191
0.12668428997505
0.13490931262117
0.13622109645566
0.13647387061198
0.1360083552014
0.12682132701985
0.13633396735299
0.13627860712421
0.13615890062363
0.13640425779723
0.12600112252535
0.12722354408688
0.13626865891205
0.12676742111046
0.13672235231894
0.13598372653481
0.12759352677538
0.12626325471252
0.13535963161574
0.12724031469959
0.12630205552397
0.12638607498816
0.12646811070718
0.13653881794125
0.13541821978186
0.13609709335767
0.12698055633224
0.13617905427515
0.13620610895744
0.13687703798305
0.12623539308498
0.12657467957112
0.12522933205982
0.12718311212846
0.1364094084548
0.13497532026079
0.12758124820238
0.13541734382067
0.12726951596971
0.1373335487911
0.13512428974929
0.12492292340668
0.13541663118777
0.1279048889894
0.13654988770571
0.13694115854361
0.12781556318809
0.12604148091227
0.13671282373485
0.12625883664887
0.12607178086184
0.13476259798811
0.12531131094336
0.13634788375134
0.12613981765872
0.12749292609689
0.12566173345442
0.12706672809576
0.12575284693972
0.13635487264191
0.13530564995981
0.1354935025483
0.13623722404351
0.13514784430773
0.12506458058732
0.13492036262396
0.12641312453954
0.13530067167818
0.1360853099767
0.13561808686211
0.12639997223835
0.13621680310378
0.13573900830109
0.1364803417458
0.13646965313329
0.12647579254768
0.13627334995727
0.13597365702428
0.13566257447928
0.12660850130829
0.13632168955042
0.13652221010819
0.13624535509509
0.13654746857079
0.12674376458381
0.1366685442435
0.13600531980062
0.12701357837011
0.12630805785045
0.12630822469409
0.12619866716215
0.13616417695666
0.12626746066053
0.13593515116928
0.13693769799201
0.13680301791197
0.13686445088801
0.13571333321735
0.13589560683602
0.12585083781185
0.12507641681648
0.13582934116656
0.1359934946279
0.12458518451439
0.13526477661605
0.12433647794488
0.12444041587307
0.12564924120296
0.13549791814368
0.12595801315522
0.12585492891332
0.13600423339398
0.12659670962371
0.12608299169194
0.12603353977871
0.12695262647449
0.13664734569234
0.12554768360252
0.13576872061874
0.12590291228216
0.13685584026761
0.12536802753492
0.12528586598024
0.13582591367814
0.13581799017602
0.13713965028147
0.1259471712405
0.12559290241574
0.13537101329598
0.12578893405164
0.13453660088729
0.1258727547223
0.13612154795506
0.12571529194372
0.12582686834772
0.13550107664999
0.1257790277237
0.13556195045521
0.12565640549319
0.12601424658441
0.13561938948817
0.13699393294885
0.13508304253105
0.12544393136071
0.12551626820558
0.13448310816104
0.12449690851069
0.13591916501886
0.12678803647356
0.12645605226289
0.13492765213936
0.13619086946183
0.12652075132475
0.13654783715701
0.12661956772646
0.126351126023
0.12620854259468
0.12642062823105
0.12501168107306
0.13502048433216
0.12675817120369
0.1259844891711
0.13556901073882
0.13456215870688
0.13574634474409
0.12576030534544
0.12576030734214
0.12642622016311
0.12573866986236
0.1253280786539
0.12566436189992
0.13545002990948
0.12667593269601
0.12595748628858
0.13593078438769
0.12558967848508
0.12571131042521
0.13601857054049
0.12643978549136
0.13537004601006
0.12545739563987
0.12595827235819
0.13570097308853
0.13533519525754
0.13563562514599
0.1254732375778
0.13517835841212
0.12462074196009
0.12586133740053
0.12451728755142
0.1343283582113
0.13489150286376
0.12646851513846
0.1360197515036
0.13653615269645
0.13647187654982
0.12658834487795
0.13609068029251
0.12634896678884
0.1265484345363
0.12453860606267
0.1343371998924
0.1341798828125
0.12400752136631
0.13446452328635
0.13529699406579
0.12442321971557
"n_500_d_25_tr_20_a_158x158_idx_4_p_flooding"
0.13907657369137
0.13774010803299
0.13827180300194
0.13765980854601
0.13825745844065
0.13751748462574
0.13785816037442
0.13845024415904
0.13947094119594
0.13854425316226
0.1387979695045
0.1389389658723
0.13756517843351
0.13813439871168
0.1369835050574
0.13914021865292
0.13897188738728
0.13854448501477
0.13716359996755
0.13878090442527
0.13832015971711
0.139634941613
0.13909095453354
0.1390978423129
0.13886256152534
0.13698692989729
0.13908411001829
0.13897023845946
0.1387618196656
0.13843681942879
0.13898862308843
0.1391524606434
0.13848504023121
0.13936540358131
0.13879997149744
0.13974261782166
0.13934868121088
0.13908255061398
0.13872639267607
0.13802387152837
0.136646260015
0.13909293782337
0.13969583668968
0.13857386513706
0.13865402177297
0.13873643017489
0.13639063271864
0.13840035267031
0.13870588564863
0.13860414476346
0.1388185922674
0.13965522072799
0.1363955866165
0.1389002939116
0.14011492930244
0.13632407425406
0.13617333810009
0.13923933967977
0.13833164645279
0.13837749262891
0.13993979393149
0.13834703832393
0.13644998041951
0.13881078426097
0.13864641878923
0.1386191305828
0.13818305743659
0.1385504241026
0.1372872900615
0.13886496729864
0.13839622146064
0.13857224973164
0.13793742865759
0.13853080422735
0.13811776380737
0.13985807135603
0.13942024609208
0.13826624683634
0.13902881139584
0.13894693864013
0.13837971786588
0.13780408705174
0.13879945901866
0.13869789734742
0.1393347006189
0.13836349111289
0.13794923681691
0.13835100171029
0.13899089088504
0.13850498165735
0.1386969316381
0.13909604626891
0.13809428894701
0.1390265648105
0.13784929769064
0.13836916448674
0.13890843260976
0.13813455811559
0.13894844804539
0.13877380533062
0.13917227067451
0.13882699912885
0.13766321958562
0.13917126864011
0.13887859682411
0.13865467817042
0.13882097753881
0.1386126822558
0.13924239397872
0.13809871021418
0.13869642735934
0.13860971094039
0.13943404559799
0.13928374326216
0.13878811794075
0.13835534397987
0.13937248955218
0.1379528234341
0.13936903208622
0.13778518587049
0.13845510868712
0.13885925178659
0.13853061326397
0.13802139746929
0.138975061374
0.13789614134741
0.13920490118331
0.13899245164446
0.13668770366061
0.13959815233598
0.1389583043158
0.13915353921863
0.13883988269092
0.13890945902042
0.1383027009485
0.1392619138044
0.13941617841104
0.13854777949585
0.13923214645248
0.13791937503189
0.13897978258296
0.13884252624117
0.13881436955516
0.13912825621586
0.13805136520713
0.13767202423653
0.13795841693698
0.13978371358521
0.13935151202335
0.13964555568035
0.13856308528529
0.1385354414581
0.13880514762753
0.13944218791485
0.13866297958659
0.13866090470263
0.13864859570598
0.1381036156502
0.13882187367539
0.13849335134214
0.1377891494049
0.13929127741428
0.13926317278894
0.13897310452637
0.1401059367656
0.13906899025516
0.13924137499071
0.13993579278193
0.13823381102927
0.13891105525492
0.13909625318095
0.13802938169739
0.13832383946428
0.14004410872575
0.13866391576216
0.13973851125171
0.13877149253045
0.13932708268879
0.1393569815401
0.13944669348428
0.13830886971001
0.13833473306535
0.13985348196654
0.14002448715201
0.13872128604645
0.1391023584009
0.1392953804235
0.13760800503841
0.1389027377093
0.13806745412596
0.13862488043271
0.13868101916782
0.13896099302367
0.13822141148688
0.13953029043212
0.13894608894087
0.13958085771392
0.13857804020551
0.13896531441604
0.13810129476818
0.13720123863589
0.13946604685662
0.13873272786227
0.13866590448696
0.13752420353139
0.13871633279743
0.1382906922954
0.13901627662489
0.13900908022381
0.13872058872274
0.13912770354455
0.13848073202725
0.13913570731202
0.13990023083051
0.1389354947176
0.13572810642251
0.13966718714174
0.13928855680003
0.13809006663453
0.13801431613564
0.13854828614929
0.13823637129389
0.13823505093676
0.13864706193085
0.13655353362794
0.13936183839128
0.1402300067106
0.13905003221714
0.13853600241696
0.1392615890774
0.13823696404175
0.14008355044142
0.1393369580242
0.13883513699378
0.13885348041332
0.13928417596026
0.13973261639563
0.13825490642052
0.13801274222326
0.1373693472825
0.13863545825613
0.13786944584314
0.1381416522644
0.13795003700521
0.13655183760671
0.13875159529103
0.13805749790289
0.13862942856647
0.1399801028697
0.13736953910373
0.1384117892859
0.13769173250158
0.13845315287928
0.13999324733489
0.13834296604706
0.13905106500596
0.13845163323462
0.13875161975905
0.13844280602701
0.13912970376975
0.14002511461757
0.13888925063431
0.13818214685999
0.13847633289459
0.1390612343346
0.13788570622702
0.13862332544473
0.13997698530167
0.138438938436
0.13587207357418
0.13939539077569
0.13983644518347
0.1379468127189
0.13991448982036
0.13782572257182
0.13899009235836
0.13910936258681
0.13888522291922
0.13945699590559
0.13822548617215
0.13827677059375
0.13805794937228
0.13818681342299
0.1381189502916
0.13733691207955
0.13886597853636
0.13827849949119
0.13941903780445
0.13755127765942
0.13975698483917
0.13797453990842
0.13809642016895
0.13914944775181
0.13893041478669
0.13691477766625
0.13927162151303
0.13862461259089
0.13909363315902
0.13875605420666
0.13852905939737
0.13865898772886
0.13876000989529
0.13905096103594
0.13833627437081
0.13910369986185
0.13877204572824
0.13888029297055
0.13919883992496
0.13857619393542
0.14010442255759
0.13846720783371
0.13772517423636
0.13928676417775
0.13839439691897
0.13841973605326
0.13887573839
0.13919311621473
0.13792853969689
0.13841924178146
0.13934763032364
0.1388761869258
0.13867455359929
0.13947410026548
0.13810344346905
0.13874199494355
0.13704608025304
0.13971713888207
0.13895930184641
0.13697419676105
0.13988817463929
0.13788338531859
0.13966880550244
0.14004605436491
0.13724702168509
0.13688343367388
0.13767964345698
0.13991372207976
0.13964307271757
0.14036651395583
0.14022554968683
0.13821289531009
0.13993489516253
0.13754994291604
0.13848345068601
0.13704452531123
0.13763780843504
0.13949221988225
0.13865712254884
0.13956942574472
0.13685729883234
0.13954693263176
0.13836648684121
0.1392148355096
0.13801633863366
0.1379004795738
0.13849887740608
0.13731764891256
0.13696445498547
0.13712077204894
0.13850937235279
0.13783388498082
0.13828218237223
0.13775395453565
0.13842069501647
0.13863256116208
0.13773478861463
0.13885426934654
0.13871247073639
0.13851508119784
0.13846354077977
0.13786775849424
0.13767349447309
0.13880033211519
0.13890143649116
0.13926136032085
0.13878281989289
0.13906770656398
0.13907371409515
0.13921689471683
0.1383091550616
0.13921389991289
0.13847103288892
0.13847488751367
0.13833220879314
0.13908517625097
0.13861669508605
0.13846550230543
0.1397530451074
0.13938581109116
0.13948088949843
0.13853713597678
0.13818965162031
0.13811302989895
0.13737025514578
0.13815097158784
0.13844301805186
0.13682516184782
0.13774363801744
0.13648252009479
0.13668594506041
0.13750715833125
0.13780177921595
0.13810279488772
0.13803282141126
0.13852815671424
0.13882001513961
0.1384519297162
0.13821868419255
0.13927020356599
0.13942364235291
0.13784140812101
0.13830783610201
0.13813257889798
0.13945245218902
0.13763481536371
0.13751000186045
0.13838962747666
0.13827185341737
0.13990509055116
0.13825914463498
0.13747256476335
0.13755086196623
0.13801431451378
0.13659829042157
0.13815866704957
0.13871368789646
0.13790210261605
0.13804430937208
0.13801199507379
0.13787489947175
0.13791889125397
0.13788657549472
0.13841443855564
0.13831813128257
0.13947251011499
0.13737924072617
0.13740122888487
0.13803524439777
0.13690317009035
0.13658952966314
0.13871272674866
0.13873506894823
0.13870118835144
0.13739849652948
0.1387446712496
0.1385540309043
0.13888215484405
0.13845438462773
0.13822119340233
0.13845528242357
0.13867365698478
0.13721244283617
0.13729715059217
0.13900422970614
0.13819073342109
0.1378944637317
0.13694017372724
0.13846486609631
0.1381350779537
0.13813217333002
0.13890135862243
0.13804462312075
0.13765066802733
0.1381324192681
0.13804295808236
0.13862992107666
0.13812989059868
0.13851881255044
0.13796828938905
0.13815495854274
0.13843917796287
0.13858660415669
0.1374862230933
0.13738349377391
0.13791550161335
0.137886291588
0.13784936356829
0.13808128653371
0.13772587141292
0.13753521128089
0.13668151902487
0.13804331624889
0.1362668593644
0.13626877752057
0.13719388908745
0.13839128502775
0.1382981335611
0.13879534092002
0.13887333790829
0.13850362848963
0.13818421979812
0.13814296678698
0.13843300069463
0.13655571264466
0.13652674632847
0.13620612569686
0.13576704788083
0.13657617873031
0.13739916339122
0.13630513245007
"n_500_d_25_tr_20_a_158x158_idx_4_p_mprt2"
0.12891227697521
0.12869854556877
0.12871653210813
0.12771789767986
0.13316173456546
0.12720377982143
0.13055361647751
0.13199333476759
0.12645731225918
0.12585299868726
0.1261285301464
0.1285648035091
0.12806680856269
0.12627296916222
0.12893754867454
0.1283771392615
0.1295844143223
0.13076885616857
0.12929107203151
0.12739131625678
0.12872897110287
0.12846792625589
0.12591258876462
0.12909016732599
0.12783894317394
0.12960849670131
0.12668801710274
0.12966147329466
0.12602895383968
0.12609052883164
0.12691913654965
0.12766931903441
0.12584343975039
0.12730231904605
0.12568480808079
0.12789366066524
0.13115184479303
0.12944946331429
0.12811965574244
0.12506220000461
0.12846568979137
0.12706365999535
0.13275869691642
0.12990460582732
0.12756575214996
0.12684691648856
0.12901789154518
0.12864060266499
0.12874366906511
0.12968450464839
0.12654136576798
0.12574375070122
0.12659714971123
0.12966786671252
0.13343287841662
0.12748156558113
0.12748769685826
0.12744895422138
0.12726787580138
0.12577271675853
0.12626601677508
0.13344560643641
0.12910731101443
0.12693147199861
0.12634146922912
0.12855039192996
0.125638511614
0.13096171815105
0.13093396831293
0.12805237869534
0.12953866765794
0.12841175055869
0.1287089964554
0.13054360603144
0.12883279108371
0.13057723658019
0.12903677463208
0.12882835047524
0.1307763438364
0.12840007866484
0.13314765894142
0.12948353401679
0.12730633612264
0.12601743502999
0.12649334556446
0.12959971143182
0.1252173374112
0.13200167480529
0.12729908928123
0.12821222055554
0.13221844543242
0.12771385348652
0.12885904568068
0.12650641642125
0.13138457975377
0.12831366793354
0.12794544578576
0.12929130110262
0.13267916176987
0.12875709946769
0.12691770988933
0.12920754697083
0.12750093241559
0.1276150294394
0.13058784832471
0.12998129229299
0.12982388281042
0.12846279251234
0.13469731567707
0.1274574082215
0.12809363776037
0.12719906528091
0.12548909603825
0.1269630415871
0.13303007531926
0.13061172283833
0.12974943974668
0.13288630700326
0.12777829137325
0.12833468546511
0.12960231340803
0.130569672527
0.12739207907782
0.12823164177987
0.13077126325299
0.12845147817521
0.12991744441408
0.1295695299676
0.12917975560141
0.13063967862474
0.12629973577657
0.12852891341195
0.1278056857763
0.12738977426785
0.12720207014445
0.12627275960771
0.13077505008741
0.13003245975928
0.12559433839672
0.12649376056633
0.12802123536502
0.13284314513402
0.12615190360767
0.13352082531842
0.12800430035102
0.12493106875006
0.12786584253838
0.13008620241309
0.1277051824259
0.12527899015951
0.12553405460929
0.1276857573559
0.13024181746515
0.12540028353146
0.12635832985479
0.12547442986329
0.12572752117492
0.12566577308461
0.12797842633967
0.12552456734333
0.12627203155052
0.12800977276734
0.1262880858375
0.12744663078586
0.12602773109483
0.12672359558672
0.12871479381198
0.12744339250242
0.12602811670369
0.12673624513899
0.12816646687193
0.1289237332049
0.12722804008393
0.1266191896932
0.13043609511941
0.12623274415266
0.12621825069106
0.12432799887946
0.12595568336302
0.12755841204954
0.12598988199344
0.1308086050397
0.12832666253524
0.1264642343942
0.13113203125615
0.13021171614395
0.12953364974227
0.12805120726334
0.129004394237
0.12685058489696
0.12868907137992
0.12805306462807
0.12947920564155
0.12771460229047
0.12908519923219
0.12484517582174
0.13019194288637
0.1245510311245
0.12437628382649
0.12409124389551
0.12788047438996
0.12452581855739
0.12406520947978
0.12413519547269
0.13200789328706
0.12752402659727
0.1289638139573
0.1278557441844
0.12877827876639
0.1267228056739
0.13149443099373
0.1297853282515
0.1268165423895
0.12621492029019
0.12947227005656
0.12996323399791
0.12954122615408
0.13118081659723
0.1249410025193
0.12744006306669
0.12455786391353
0.13035382838997
0.12949989255247
0.12494100192745
0.12562190299657
0.12873982086505
0.12676149483182
0.1323040008964
0.12818413804883
0.12927903905144
0.12473968077942
0.12585632746138
0.12882384141861
0.12790032955196
0.12868337658151
0.12983580386071
0.12820675749596
0.12660427103209
0.12521399771504
0.13307059481148
0.13300100412702
0.12752212590743
0.13169030335661
0.12616265327133
0.12816924451667
0.1261060559708
0.12600410188131
0.1259683128352
0.12898179563339
0.12906638794329
0.12826114669698
0.12970522828291
0.12668215666499
0.13198877132768
0.12996116460666
0.12699113082892
0.12681163308704
0.12908166519753
0.12663020229468
0.12952949468054
0.13043162681043
0.12687137929392
0.12613640168159
0.13058344820655
0.12939780748657
0.12857008135578
0.12792740748207
0.12971528321261
0.12907582694681
0.12661596739411
0.12943327514654
0.12900176621758
0.12668971005468
0.12609316135698
0.12983532013654
0.12521667769951
0.12711939177722
0.12790443023832
0.12842752095659
0.13124744066881
0.12519950513051
0.13105622861639
0.12826025649214
0.12749299274144
0.12959060549602
0.12610974242002
0.12877068333033
0.12625971133993
0.13007962995875
0.1258621744159
0.13181149273852
0.12601156650721
0.13102720090128
0.12767090016279
0.12725330883784
0.12839382215732
0.12917011124525
0.12683225405901
0.12625967589983
0.12982368862822
0.13020776314582
0.12689836573665
0.12675488133397
0.12844581586164
0.12583870250084
0.12833916858187
0.12691300292139
0.12693417986847
0.13519130339591
0.12829475809137
0.12637768706552
0.13206896158523
0.12959523215163
0.12992366323318
0.12965760912878
0.12606953046229
0.13296262059002
0.12546366390285
0.12557418199745
0.12919654199159
0.1280724950123
0.12714917891969
0.13058889406391
0.12958261940887
0.13018903853685
0.12772193377386
0.12681123091516
0.12784422034872
0.12604820811843
0.12956877272383
0.12939705322784
0.13287286899308
0.1264501396018
0.13218743938103
0.13251367721679
0.1284073576002
0.13095489771966
0.1322590813153
0.1275281685176
0.12542548783974
0.12984400221002
0.13048544410444
0.12492980987148
0.12771789308562
0.12507357866601
0.12496316556083
0.12741709633568
0.12592506361167
0.12818403365982
0.12444685036187
0.12751525091658
0.12541105225191
0.1246097696368
0.12936405096397
0.12500482084131
0.12517227866039
0.12371325105876
0.13078761252431
0.12486403801313
0.12456151022148
0.12713651256265
0.12575723510499
0.13060746698329
0.12692880663469
0.12763505411423
0.12971067125946
0.12758961030097
0.12677190033385
0.13153285655697
0.13138061759475
0.13090124508182
0.12998784235486
0.12687457752285
0.12583233878851
0.12581815126508
0.12788339913976
0.12803653443403
0.1262936436156
0.12580348402267
0.12577404351267
0.12895263728749
0.1305696506649
0.12750269237497
0.12724594454448
0.12537794106103
0.13337134080001
0.13132256790594
0.13165461814329
0.13247005841635
0.12535461649519
0.12643543584383
0.12442190851409
0.13096803409795
0.12661134140728
0.13048527193829
0.12935297357683
0.12576110141669
0.1294511494403
0.13040029742471
0.12990245460835
0.12711114889387
0.12850104788523
0.12741966016819
0.1251198448135
0.12713065857691
0.12960376647594
0.12545383572066
0.12520851646001
0.1267983430075
0.12494151885411
0.12480367903265
0.13196464975671
0.12558356139047
0.12742444408044
0.12516067521748
0.12523134741014
0.12509042877422
0.12756766264926
0.12665972021803
0.13041119096039
0.12785390095185
0.12767657718776
0.12824052705305
0.12987792180842
0.13243972026879
0.12795096242867
0.1252426842957
0.13280591475427
0.12907188041957
0.13094883740319
0.12770911201071
0.1252293655259
0.13025141047213
0.12523368876128
0.12943301478065
0.12753329284942
0.12877693465746
0.12638819564657
0.12460681869529
0.13089359321563
0.1247989499515
0.12922296392213
0.12565936504504
0.12650289751812
0.12807421369999
0.12561553301835
0.12617461401852
0.12483414740497
0.12483677660909
0.12661815059976
0.12556180696309
0.12543742127992
0.13028686960254
0.12604110656948
0.12574657960538
0.12527079284021
0.12454662804296
0.1255500467032
0.12525373848982
0.12525374049724
0.12824809890048
0.12666992981557
0.12495940297448
0.1252537307302
0.12696339866717
0.12670593999613
0.12545008806336
0.12884724811065
0.12512592797144
0.12609271104677
0.12557259375283
0.13396606817563
0.1318614297002
0.12897484030709
0.12536470552627
0.12598834503037
0.13204385565323
0.12401440231654
0.12401440087018
0.12844804772079
0.12908082348935
0.12975320657929
0.12787791013941
0.12504423703007
0.12527790271271
0.12494628066365
0.1249243969408
0.12421632146329
0.12763216963441
0.1246342126586
0.13168088626126
0.12736081563442
0.12908162435336
0.12420915357488
0.12596147612631
0.12958774635414
0.12404044926044
0.12375894509067
0.12512353756012
0.13025648219137
"n_500_d_25_tr_20_a_158x158_idx_4_p_probflood"
0.13649022130075
0.13600296488873
0.13692768073409
0.13654304977269
0.13771144840039
0.13665619907815
0.13671982976395
0.13723538039005
0.13622765289031
0.13653119367149
0.1369192247051
0.13643629318953
0.13669449221313
0.13661914346631
0.13722310108233
0.13713659156349
0.13683330666411
0.13659719288554
0.13687319363329
0.13684677768467
0.13655717292516
0.13660208327427
0.13680912143265
0.13681197092571
0.13612080167673
0.13677287728449
0.13619638045638
0.13736908287931
0.13690977983214
0.13697540392666
0.13675247639489
0.13592463872458
0.1364683004427
0.13702381692837
0.13624369718833
0.13672644955754
0.13683667462875
0.13716196430771
0.13661000517156
0.13585656866043
0.13668061456062
0.13663011436359
0.13695752287103
0.13642165605868
0.13705315215111
0.136220352679
0.13664746553771
0.1365705002984
0.13734298319989
0.13728910949552
0.13667377971322
0.13635837765697
0.13719332342664
0.13612379422478
0.13641888014725
0.13729201725872
0.13660427830386
0.13697950664293
0.1358495786385
0.13687084239699
0.13656978828425
0.13613399530285
0.13697053728742
0.13593351921749
0.13607205980945
0.13689579568361
0.13625776575302
0.13753853039245
0.13674017401314
0.13696432969761
0.13740308207483
0.13677087982487
0.1359136887472
0.13701575779683
0.13756708313536
0.13664647600873
0.13687811553347
0.13632962975023
0.13713073837876
0.13645376812148
0.13598573493562
0.13690461188559
0.13665336920408
0.13681096014971
0.1367120917814
0.13701087297553
0.13618120051674
0.13645830968094
0.13574293386026
0.13602997785723
0.1365600583654
0.13774436683727
0.13730872770944
0.13648549970533
0.1371248054615
0.13651235301303
0.13652426415598
0.13661133772211
0.13730669398269
0.13685074046224
0.13582133065232
0.1364552638871
0.1364931654963
0.13562513878351
0.13612527672476
0.13673969481223
0.13644707249183
0.137043740931
0.13700342961431
0.13693913796637
0.13777551680064
0.13625723005089
0.13614491405507
0.13622856251108
0.13659145978003
0.13537443763593
0.13703380942425
0.13763281264768
0.13623817356106
0.1360630122546
0.13626486277449
0.13645193973719
0.1380650510836
0.13575292446498
0.1366068384778
0.13787251610319
0.13747412593985
0.13661847084618
0.13713006870433
0.13733958986796
0.13720516486097
0.13642486626485
0.13673772845132
0.13623011058368
0.13633473376355
0.13631759847783
0.13783912330853
0.13784322211871
0.1364720224133
0.13551180561651
0.13668332766802
0.13662660788527
0.13668390602114
0.13680230463591
0.13745011073027
0.13587525454694
0.13629487274634
0.13706242510266
0.13599181444844
0.13644138688197
0.13607231685472
0.13619962679282
0.13683599255268
0.13658288623076
0.13585773133
0.13669401243579
0.13635191432109
0.13694038774801
0.13596015413338
0.13626076973826
0.13634257236585
0.13640807002809
0.13674911285654
0.13689674584933
0.13707252974394
0.13688936401626
0.13679089361029
0.13676893860726
0.13716653352003
0.13724767606372
0.1366227129791
0.1372623435124
0.13765105808062
0.13720520909179
0.13645773074912
0.13718656088744
0.13683333818523
0.1348725920375
0.13722490864015
0.1376806589736
0.13669307451046
0.13706754738596
0.13703692128521
0.13708549844295
0.13744738708027
0.13656141318299
0.13800877038491
0.13585894445102
0.13723084638028
0.13689560125897
0.13788410647601
0.13679105018458
0.13681478833524
0.13678235101512
0.1356729671927
0.13518713220514
0.1353378103458
0.13517967435326
0.13487943870846
0.13467481992725
0.13469299743422
0.13461597190236
0.13449225645477
0.13472694233788
0.13567898283708
0.13617753474576
0.13609186129533
0.13620663932123
0.13481452038237
0.13592259153291
0.13699194712081
0.13695542001014
0.13620267825734
0.13687667942011
0.13666239415043
0.13720525524242
0.13628819785405
0.1360255467149
0.13554398397579
0.13595214292719
0.13481563923085
0.13796405901182
0.13656742523317
0.13554484588132
0.1361240706344
0.13723110732761
0.13713633186378
0.13622354591333
0.13744223222968
0.13659017902162
0.13542226736584
0.13648521057271
0.13420311941029
0.13746112236154
0.13508227763484
0.13790579335846
0.13640122276008
0.13723244130444
0.13577709481995
0.13784765776553
0.13507633002231
0.13703944310998
0.13633885263675
0.13678861982324
0.13628263536453
0.13704065154238
0.13694008841146
0.1367984323048
0.13733743273886
0.13649127156254
0.13710125924757
0.1378613584089
0.13684202486159
0.13745321421402
0.13678981435494
0.13739172335298
0.13653477484129
0.13625204573086
0.13656739551042
0.13814339808621
0.13707117444582
0.13628294496874
0.13663041169599
0.1370064447055
0.1366132736492
0.13790766511407
0.13729601144742
0.13673318580517
0.1371976133726
0.13762955503246
0.1367043855888
0.13628890847881
0.13600260948541
0.13642585556904
0.13671165776392
0.13640387902371
0.13652138940633
0.13810192965841
0.13639905683791
0.13645619623434
0.13579265562728
0.13573834241019
0.13800922835152
0.13640102552967
0.13632690521299
0.13672041485953
0.13577486955636
0.13643720858569
0.13720057737909
0.13642845204578
0.13702584387557
0.13652293673425
0.13655690442442
0.1361135815855
0.13654203634295
0.1365287973063
0.13700046966263
0.13797044538017
0.1368583989845
0.13660659996524
0.13614668959228
0.13681535708416
0.13666516067503
0.13772269353721
0.13522970284058
0.13725633658457
0.13669066034674
0.13768772145168
0.13595225608836
0.13772254983647
0.13588437722378
0.13693815074253
0.13709089714446
0.13697344502962
0.13745735423098
0.13629296346688
0.1351857021358
0.13608123975618
0.13550301997929
0.13590466626548
0.13680537554397
0.136297122303
0.13740861925586
0.13567484760591
0.13773090371901
0.13604246172195
0.13612659970988
0.13704330467768
0.13663251915468
0.1367479836885
0.13694530722374
0.13678778516047
0.13669144506978
0.13626801428803
0.13656594904364
0.13786285340585
0.13752485801155
0.1381435131888
0.13802609353417
0.13593658870015
0.13634567768208
0.13748715794962
0.13574484307409
0.13662093056326
0.13525563341274
0.13586019720822
0.1373970538932
0.1368592053834
0.13774175257086
0.13507354341475
0.13766163408026
0.13644963813281
0.13528761840362
0.13716991390894
0.13577701108308
0.13627674705017
0.13411191384957
0.13653770704827
0.13547870648226
0.13514349831921
0.1364935034028
0.13637446134646
0.13592153944369
0.13668648729919
0.13677507311534
0.13709896477811
0.1365990553865
0.13707720382357
0.13667011686814
0.13707811428148
0.13710521558967
0.13630752648874
0.13694227659401
0.13621847123154
0.13641926697884
0.1362699298199
0.13553065871481
0.13647874613909
0.13648279918088
0.13628046113838
0.13631420540105
0.13686236493488
0.13655408405907
0.13653100266712
0.13503234620068
0.13655909788694
0.13774694060574
0.13648240139951
0.13585331864455
0.13474076287146
0.13733043956865
0.13490824930603
0.13567392888991
0.13712176348097
0.13652053073907
0.13600844015137
0.13610103789945
0.13669254340204
0.13591306986787
0.13683666122694
0.13648467094375
0.1358413876111
0.13621899534223
0.13617908299206
0.13664850885886
0.13677871129083
0.13638665926531
0.13593550686531
0.13643357606712
0.13567957407364
0.13561793055027
0.13641506403765
0.13641843129889
0.13481817432902
0.13606051181967
0.136060839267
0.13592917327638
0.13644598115527
0.13633432578418
0.13616062665965
0.13724033440899
0.13737638922741
0.13614125692671
0.13760149629978
0.13779919060255
0.13631907925216
0.13559894757407
0.13569897406069
0.13606182438262
0.13625728927114
0.13667705289505
0.13618466567855
0.13585944618013
0.13614197942272
0.13739467828955
0.13560585478252
0.1361144592712
0.1351436831016
0.13485454570812
0.13675709852361
0.13548021995052
0.13652266412957
0.13559330150133
0.13673818870685
0.13702552782876
0.13648777695437
0.13660318049264
0.13543819509758
0.13554763809244
0.13689430149747
0.136420200493
0.13629232302444
0.13681050345121
0.13664839973399
0.13665083367211
0.136050642344
0.13512370525581
0.13649249777323
0.13610243964237
0.13620420151624
0.13678277665279
0.13615018804678
0.13579073105241
0.13620733129428
0.13614551640843
0.13653775405663
0.13620659771876
0.13656395992939
0.1360775729137
0.13626026463352
0.13650057082209
0.13654502141173
0.13597749275686
0.13599868696834
0.13563821654965
0.13554957644551
0.13645816744503
0.13457479517245
0.13457460129616
0.13629912668073
0.13690889856819
0.13690473649371
0.13645395093403
0.13595361595057
0.13616242850581
0.13585492350715
0.13567805624991
0.13490395242397
0.13611921747559
0.13539894433176
0.13639722234352
0.13622210158118
0.13649731222596
0.13485960248625
0.13478051127043
0.13477829367256
0.13446135529009
0.13410579920478
0.1355850742592
0.13458013736997
"n_500_d_30_tr_20_a_144x144_idx_5_p_abba2"
0.13317737481405
0.13391848058089
0.13418404800829
0.13253412939298
0.13263074406933
0.13085111653448
0.13396589174079
0.13364720677826
0.13520588880664
0.13222530297999
0.13529914592854
0.13282562663185
0.13405947432605
0.13330941691991
0.13172034896045
0.13155803464759
0.13069033705747
0.12962534329318
0.1308583878105
0.13421497658149
0.13339892086997
0.1341834930569
0.13307671362173
0.13319519780735
0.13288194720932
0.13305322410258
0.13183014770719
0.13213626553136
0.13159267871362
0.13360015209548
0.13321109906978
0.13261780165437
0.13312145446997
0.12960378187048
0.13225344591652
0.13243788501664
0.13189761426401
0.13378750970686
0.13389373425495
0.13313187472502
0.13184830021474
0.1349426412676
0.13209866098343
0.13214068947786
0.13076777796205
0.12973024271082
0.13194317350922
0.13174490526703
0.13146780377979
0.13388293867268
0.13174691391457
0.13166547520605
0.13210093124893
0.13112754045749
0.13269566941951
0.13234554830922
0.13282817575402
0.1312715483162
0.13271006693759
0.13308749589185
0.13202332323858
0.13130547024309
0.13131713903304
0.13185147919753
0.12964638156577
0.13290655413526
0.13077489519021
0.13393926496668
0.13376651194771
0.13145082673561
0.1321459473249
0.13172945386254
0.13049868152412
0.13373723166371
0.13158183278211
0.13276617934304
0.13069613186984
0.13313668277988
0.13259692424237
0.13209986661315
0.13151744662532
0.13112182275236
0.1317803637644
0.13224860099422
0.13295610422139
0.13333620660209
0.13149980243515
0.13234726301797
0.13298817822889
0.13336290879956
0.13185150633056
0.13299776045274
0.13254763642237
0.13243938278901
0.13392226777537
0.13261532616886
0.13274481224788
0.13260390977726
0.13430862593957
0.13287939936139
0.13301367973186
0.13336665669177
0.13441812509397
0.13321852960659
0.13275933966302
0.13277830170158
0.13278296809445
0.13221197566842
0.13358502003183
0.1309440395288
0.13438970634173
0.13313963638302
0.13411883464031
0.13316312795467
0.1343045235928
0.13326133668686
0.13417497626659
0.1320478766287
0.13291352567318
0.1320032177216
0.13160738537934
0.13190168287615
0.13354939664246
0.13213394535002
0.13168101090035
0.13114573255798
0.13169971707683
0.1331535645923
0.13382308307312
0.1332261360876
0.13269837627952
0.13309292053663
0.13092044561806
0.13459518730352
0.13156769591973
0.13303977444507
0.1328945349899
0.1331854797252
0.13233049821683
0.13268389296342
0.13176719202343
0.13235805489365
0.1334773120877
0.13228081306187
0.13298308073369
0.1343715810545
0.13239563632218
0.13322217534076
0.13315188016411
0.13282331766115
0.13434403992565
0.13256397248955
0.13381054226926
0.13354576689026
0.13419793396223
0.13250874711287
0.1328297300809
0.1336200132324
0.1325877488965
0.131863265315
0.1319613411045
0.13184479182088
0.13193895820648
0.13207569631595
0.13203823593202
0.13356389965065
0.13328393093073
0.13188836328021
0.13224635184157
0.13299699574419
0.13135349485668
0.13413339153963
0.13217424992899
0.1327620047088
0.13263045235346
0.13210495072687
0.1311080773126
0.13125927595568
0.13211362037961
0.13443367258755
0.13144627283819
0.12923985669253
0.13235846270301
0.134760831829
0.13012231938707
0.13239759516731
0.13426949483847
0.1340527781387
0.12984398278319
0.13314578349694
0.13346451371688
0.13402272807447
0.13305459684639
0.13278722444685
0.13337041570423
0.12989652738358
0.13359129687376
0.13144684278024
0.13193597704326
0.13407234847433
0.13090610960752
0.13262202743342
0.13356830723694
0.13096449475471
0.13365992468888
0.13368955650614
0.13296300521759
0.13300868271875
0.13319918550859
0.13390066288262
0.13354322097807
0.13373130197279
0.13334451944505
0.13331141696026
0.13349082332667
0.13343231115317
0.13324805441811
0.13136921415334
0.13251488384305
0.13319399556559
0.13276298158998
0.13246309767295
0.13347632802298
0.13164276198005
0.13221905727024
0.13101552494935
0.13275088251198
0.13243319566259
0.13302406245435
0.13462453607696
0.1338036469549
0.13338054108475
0.13381006219115
0.13342027461645
0.13465533210982
0.13271108663117
0.1332573328161
0.13350517337445
0.13182873217286
0.13207323758742
0.1329908899587
0.13470849634332
0.13291885401785
0.13230603491729
0.13301646709049
0.1326728948482
0.13395926342329
0.13260003721448
0.13169079373452
0.13180562994251
0.13210925765876
0.13163922271549
0.13324507666367
0.13234291802329
0.13444300425764
0.13254313293601
0.13384982724485
0.13249114402907
0.13411050502009
0.13333968709396
0.13377027868359
0.13263181089781
0.13163216696432
0.13303940524537
0.13308511749265
0.13246995749974
0.13277699023913
0.13387094998753
0.13466810999356
0.13197041848901
0.13294801404012
0.13280153975086
0.13361287360806
0.13239430574546
0.13290860750414
0.1328623791009
0.13259965508456
0.13387771241124
0.1326751732783
0.13167116923351
0.13198115262151
0.13108441891429
0.13371810316821
0.1329249256141
0.13254094906543
0.13184037706387
0.13143535350608
0.13222843020163
0.13223074115162
0.13202302039979
0.13335930261281
0.1313371768595
0.13205684450397
0.13202301963326
0.13314649979876
0.13285298976685
0.13179701997694
0.1331489176097
0.13183230771488
0.13237341064438
0.13349456095597
0.13131151603454
0.13225085277767
0.13238239118019
0.13394593049118
0.13307284177892
0.13394572735279
0.13300704633924
0.13339470651433
0.13244265744914
0.13247692644026
0.13321163673752
0.13240865548237
0.13227149744099
0.13223429231504
0.13181068125408
0.13216303524889
0.13339223959933
0.13467329715925
0.13334768252497
0.13279657905115
0.1318843822801
0.13265209321452
0.13312754585218
0.13172415152837
0.13267890573921
0.13110739254615
0.13294058637032
0.13092455106353
0.13262558374398
0.1298165105303
0.12903754529284
0.13204000633857
0.13136779173271
0.13155901211717
0.13432457179089
0.13326035978699
0.13338087607001
0.13288064291332
0.13225234391393
0.13239142740506
0.13239084281407
0.13409040951199
0.13230533184436
0.1324059183423
0.13309501829236
0.13200330792457
0.13341024543854
0.13243115885379
0.13530140342662
0.13273171886986
0.13301707424414
0.13483786088998
0.13168558130423
0.13325807045644
0.13455277081832
0.13507521339345
0.13063694340519
0.13299969728153
0.13347543590224
0.1356817281966
0.13371727229924
0.13196453359429
0.13228957502515
0.13262647520303
0.13130011514149
0.13301983618106
0.13463363060595
0.13529281781533
0.13240591321232
0.13404693641797
0.13176140020738
0.13116000267224
0.1320898457301
0.13368703810563
0.13320372512629
0.13399310839024
0.13252401246239
0.13325524273054
0.13333865187068
0.13328579070088
0.13267074976332
0.13050898803167
0.13534472271336
0.13328067741872
0.13251339597668
0.13228269072759
0.13320413906209
0.13154985584533
0.13365969906261
0.13301783596165
0.13289730529895
0.13383604792925
0.13350395795322
0.13067258286404
0.13359187010406
0.13402128880115
0.13376855081898
0.1311027729298
0.13253476236897
0.1328550647986
0.13159702872654
0.13190190774295
0.13372482019495
0.13155508229678
0.13311635602236
0.13158384913412
0.13352516224086
0.13166041156705
0.13087157190728
0.13036575720277
0.13224861425322
0.13338515053831
0.13403534548744
0.13089883747161
0.13343799747144
0.13379364120145
0.13257159124752
0.13285152761354
0.1354309236888
0.13197946122114
0.13141431436814
0.13365853661049
0.13243942441545
0.13486363946198
0.1327519452453
0.13216488526738
0.1331360282794
0.13202852226239
0.13217163418053
0.13176965559
0.13217769716495
0.13217202930631
0.13152798055336
0.13224514006036
0.13402507654105
0.13454177710028
0.13264438528778
0.13254795547149
0.13304593927419
0.13252194002162
0.13369168840695
0.13238834360532
0.13457280254379
0.13170333739102
0.13172433336071
0.13251098083064
0.13152540770772
0.13367097162443
0.13207376090734
0.13184874885079
0.13029172188463
0.13399544425133
0.13322359447348
0.13332359038067
0.13062791499509
0.13246950793366
0.13421967965926
0.1315350839822
0.13050652817262
0.13049885700557
0.13320732382963
0.13154981986892
0.13295589396106
0.1300828575882
0.13329743588379
0.13220235012861
0.13276033463363
0.13355303234888
0.1343997418602
0.13397205590924
0.13267418745444
0.13230556047902
0.13216312402323
0.13361041509443
0.13134263323531
0.13318070593172
0.13285919779275
0.13289011336022
0.13417187228932
0.13193379406048
0.13239148742775
0.13398959687708
0.13303574386555
0.13328659352502
0.13193199688919
0.13312558445916
0.13265117028063
0.13435458276518
0.13148391791321
0.13315344871972
0.13227441772353
0.13550584791209
0.12934164255513
0.12914529070014
0.13343401264832
0.13076287088165
0.12997744615618
0.13559003751156
0.13351667353322
"n_500_d_30_tr_20_a_144x144_idx_5_p_cds3"
0.13485370131355
0.12517422892459
0.13650890381085
0.13467668075491
0.13494915276541
0.13656209397139
0.135317426268
0.12447082355022
0.13539415637668
0.12436621456921
0.13459073441255
0.13573003339518
0.12537336606244
0.13653314251521
0.13536445566812
0.13640801545619
0.12626461771239
0.12587752918831
0.1355430864804
0.13445618620897
0.12709108260259
0.13494598966229
0.12583177867841
0.12612094941478
0.12587492180527
0.13580501039934
0.12662030209163
0.13636748958361
0.13634874496562
0.13619980939787
0.1364137159575
0.12632074828972
0.13444830133928
0.12648173468399
0.12539882354297
0.12600031106196
0.12485945882793
0.13666352221746
0.13646303327217
0.1258677497526
0.13528887583945
0.13572224001024
0.1354084644388
0.12755881061679
0.13518513269332
0.13590363789487
0.13619065723527
0.12720689783653
0.13686218885265
0.13633611158067
0.13695287215742
0.12648451774138
0.12678500637336
0.13656825687594
0.13569811374607
0.13684331701311
0.13698267221107
0.12718686265272
0.12649032649061
0.13702117867843
0.13530582944597
0.13712760077521
0.12678288691366
0.13707912444801
0.12517829557195
0.12698120611811
0.13592799152232
0.12728153926777
0.12616829063274
0.1361726575588
0.12774208909047
0.13662757537547
0.12713902927955
0.12620039965738
0.12616199557806
0.13745872817216
0.12722750619591
0.13526545683966
0.12666481043288
0.136659128411
0.1273062532286
0.1274814974574
0.12675853318162
0.13627808566681
0.12725792387164
0.12776242551259
0.13588639150966
0.12663636224473
0.13732073349915
0.12706820876751
0.12739045029919
0.12670305623349
0.12724521718947
0.13696969613833
0.13689914407816
0.13621819558041
0.13629504566505
0.13693639083104
0.13630479981584
0.12630438124881
0.13693559816233
0.13713761104089
0.12531660589195
0.13692966801566
0.12679569466488
0.13607102526742
0.12687497382001
0.12752981696155
0.1370695498399
0.12622959112852
0.13728598341941
0.12756482129463
0.13569983923824
0.13719924658381
0.13655520045581
0.13706483506011
0.1360093199692
0.13667264671663
0.13641001081994
0.12746615779519
0.12662237977026
0.1268307801524
0.13684527419238
0.12678276397652
0.12724956714753
0.12707756519261
0.1267526785598
0.13630885634885
0.13651177677626
0.13673097896113
0.12712883472212
0.12754914199248
0.12668100421713
0.13692415184092
0.12654146928253
0.12707370720004
0.1366330316637
0.1284585999954
0.13642911767794
0.13680872307076
0.1365060192486
0.13684666905465
0.13618161127011
0.12759655237666
0.13709209499225
0.12651269110682
0.12743302329365
0.1270234477216
0.12705819523428
0.12786210165056
0.12760653799398
0.12726872585339
0.13727231849713
0.13724553845834
0.13668645586719
0.13706636456285
0.12736666035597
0.13755922762524
0.12778842979767
0.12677109770488
0.13679896086476
0.13690363248137
0.12688462967258
0.13679429084395
0.12775883388262
0.13759096332108
0.13668990186756
0.12763746332102
0.12681216025429
0.12759040942893
0.12681132389457
0.12735325656077
0.13623854902643
0.13741497442158
0.12728803992734
0.12640779330449
0.12495114201682
0.13471338472874
0.13684447726138
0.12435186837059
0.12550477573546
0.13555729732248
0.13566662219297
0.137174573407
0.12594734491678
0.12723253499504
0.12584521805179
0.13727876122555
0.12586414847316
0.13677511677437
0.1351077086849
0.12779464669357
0.13694450086672
0.137849292453
0.13715277025801
0.12533801488771
0.12563418550461
0.12554505492492
0.13751599655493
0.13464404903908
0.12605045613488
0.12594114607421
0.12594348644347
0.13576259976133
0.1277966181355
0.12803363958749
0.12871863327825
0.13689165586637
0.12780462079774
0.13757674880629
0.12630091600463
0.13676306669329
0.13572170708623
0.13732015692848
0.13625072596042
0.12786784592662
0.13758546718568
0.12497324837014
0.12824314675787
0.1356154754715
0.13598495059419
0.12576349453639
0.12788883322573
0.13570361640233
0.12763678046048
0.13529000457716
0.12814595412935
0.13776168233791
0.12670077255311
0.12699878544068
0.12691613810448
0.12796360086852
0.12781773540808
0.12835400892639
0.13700715325406
0.13823872514411
0.12848530071288
0.13526225003937
0.13600508923454
0.13774746228502
0.12619031085427
0.13639911239215
0.1261137881159
0.1282405881151
0.12841047147269
0.12853675119426
0.12571476475394
0.12849169937052
0.12619202178323
0.12714395949246
0.128687763175
0.136333189678
0.13725831277695
0.12881076751636
0.13602699446727
0.13722358872872
0.1380915344234
0.1383898564613
0.12494127553205
0.12695557214758
0.12689921850648
0.12818733414362
0.12820361924414
0.13659848364619
0.13751994275083
0.13624359750225
0.1282472149858
0.13705390224035
0.1367718739788
0.13723950944435
0.13765976217233
0.13705437815361
0.13683710206672
0.13646242508648
0.12744070723913
0.13733390437172
0.12763287903032
0.13645201075169
0.13777057429968
0.13789429335904
0.12694798993438
0.13628758839305
0.1283708778303
0.13652206365318
0.13688909312525
0.13682586818727
0.12642209882925
0.12626732425596
0.13653937090313
0.13669819868237
0.12711410176337
0.13612888001434
0.1277071731172
0.13669687015533
0.1361819066126
0.12662227788813
0.12745209890629
0.13754411857447
0.12726589004941
0.13730676816112
0.12718569874511
0.12720818005238
0.12747030775073
0.13676225568975
0.13661191182439
0.1273126575692
0.12764699341739
0.13546456200639
0.13720774897312
0.12766788413659
0.13734335101553
0.13654521082749
0.13620684477644
0.12722352894106
0.13635980785341
0.1269389553317
0.13672220256931
0.13662651110903
0.13693764262436
0.12737397013782
0.13719900578817
0.13623380081055
0.12732209873112
0.12950459117553
0.1254526444051
0.12516348518076
0.13448523610834
0.13712065678023
0.13708219007966
0.12723625499831
0.12561856990569
0.12554875809561
0.12687631169033
0.1368459957322
0.13614734083275
0.13675924443643
0.12843889596262
0.1273259328011
0.13530050366283
0.12697918247955
0.12729667038661
0.1367991746233
0.12739810605689
0.13487686072591
0.12750749826919
0.12721326892943
0.13682175629363
0.12568898492229
0.12582610016534
0.13668763105364
0.13588050333438
0.13680826196477
0.12774807625079
0.13648351813884
0.13591842607435
0.1271694608648
0.13440863571677
0.13739402928156
0.13663039652406
0.12757932208483
0.12491391376374
0.13823247373323
0.13758084885102
0.12767794316226
0.12763618970258
0.12747423694718
0.13677216157022
0.13474934867126
0.13509065348375
0.13732365807259
0.13817496403484
0.13724854009277
0.1369499960437
0.13664120239146
0.12769403645899
0.12802529397869
0.13673488214629
0.13630980998282
0.12781454000994
0.13713338712468
0.12540061745103
0.12747040446641
0.12640666250917
0.13776557407777
0.1280992375654
0.13633930404976
0.12796558933009
0.12778448860282
0.12715464281135
0.12749181350845
0.13739496706439
0.13776712661573
0.12780167894828
0.12811056997964
0.13647702361185
0.12537230757221
0.12580368373367
0.12727689968742
0.13604963646708
0.1362422116068
0.13612553126483
0.12733684333365
0.13709054094448
0.12696446972275
0.12801694919723
0.13673338120951
0.13752083040675
0.13768707546119
0.12710547812058
0.13682025631546
0.13682063726227
0.13678925120914
0.12728396658783
0.1379143227832
0.127211725496
0.12723096183893
0.13781849089899
0.12817450276531
0.13680922282712
0.12511865104526
0.13753394125454
0.13557544210592
0.13664255762292
0.12833041441211
0.13531679202157
0.12709890477977
0.13613086584189
0.13686880444922
0.12738345919158
0.1269947347745
0.12682381089213
0.13708179941479
0.12772658635016
0.1268459720548
0.12609190440648
0.12677602306573
0.12620173224964
0.13762257016661
0.13714739672979
0.12789330289134
0.12825290263875
0.13581377572302
0.13659644658062
0.12707267683575
0.12696507131963
0.1271674714823
0.13620215017952
0.13612316154248
0.13543227023578
0.12684687834399
0.12649780853977
0.12503437919
0.13629383355351
0.13650029229229
0.12689225811123
0.13612536782405
0.1358114466197
0.13565757888614
0.13558406600308
0.13526024914318
0.13582912277843
0.13598935340919
0.12547428071903
0.13675208892884
0.12537122341955
0.13616272988517
0.12661778569898
0.126544056708
0.12663385159741
0.12633704121362
0.12642028687285
0.12652973315908
0.12619880495444
0.12672039099152
0.13615784910202
0.13635391336541
0.13812370147388
0.13812527953419
0.12593745634136
0.126871339269
0.13720318566766
0.12577141261906
0.12778589356431
0.12636398580028
0.13638836603941
0.13657620111653
0.1257277932503
0.13543788311836
0.13527667581372
0.1255760103435
0.13538250627926
0.13642494727554
0.13440245170545
0.12461626344858
0.12451808767601
0.12462231145099
0.12427120403948
0.12417302877515
0.13443907628388
0.12431296402034
"n_500_d_30_tr_20_a_144x144_idx_5_p_flooding"
0.13698818900698
0.13688618674458
0.13875335520844
0.13681390794326
0.13726365743222
0.13902972211789
0.13746090319838
0.13619572814965
0.13749445688705
0.13633504479456
0.13676167592815
0.13821691638111
0.13738933133163
0.13886243949193
0.13773841237541
0.13909240511403
0.13823769491193
0.13800867012681
0.13768124160785
0.13639060477974
0.13937287422447
0.13698856989148
0.13830978845591
0.13838592371357
0.13770857963811
0.13817559957649
0.13865409656419
0.13866019934592
0.1390887708572
0.13836590347904
0.13891963448785
0.13881650936522
0.13684197471988
0.13814262013637
0.13763251535006
0.13813488000022
0.13667479131136
0.13923588894983
0.13916636412183
0.1379700182996
0.13734741732236
0.13851522867143
0.13762378211801
0.13991450915054
0.13738636793982
0.13807845361587
0.13855198146296
0.13974680999371
0.139706425069
0.13895405944098
0.14012155693195
0.13803878306224
0.13920311441874
0.13881460069896
0.13847429884666
0.13972738442907
0.13976520656067
0.13958394877241
0.13895805409771
0.13993069057789
0.13753252679986
0.13984139718648
0.13926064711535
0.13954258752191
0.13740935418207
0.13895424420265
0.13823954495383
0.13999642928709
0.1384779431938
0.13878846242623
0.1401912377356
0.13924852416923
0.13955734575882
0.138464173153
0.13837197784619
0.14036483445404
0.13954591590098
0.13791114665104
0.13920674640892
0.13940432692524
0.13983046572139
0.13994337792751
0.13893263025776
0.1390042831911
0.1396274889856
0.13999240321953
0.13816525762169
0.13864947809295
0.1400794713402
0.13955734662032
0.14000693126456
0.13935020185773
0.13990077871712
0.13989680380471
0.13969522139424
0.13897059183384
0.13905433825959
0.14003188109399
0.13918876440998
0.1385261156003
0.13967017323802
0.13984227774304
0.13701886447182
0.13996381390315
0.13934686190349
0.13885267708589
0.13959181007368
0.13949508338012
0.13998762104064
0.13825624511777
0.14053206503768
0.13975116674775
0.13792959224723
0.13994741018342
0.13892018225136
0.13971552348962
0.13845183053751
0.1394456625711
0.13919754847282
0.14018893515462
0.13894165162523
0.13943205786367
0.13958119422607
0.13919395279655
0.13984458122557
0.13958070768779
0.13887498459073
0.13906582091227
0.13948221699661
0.13951337565922
0.13951743173306
0.14005178888851
0.13919078763328
0.14021829750529
0.13911358573334
0.13984556433421
0.1394801460692
0.1401780804253
0.13908379627317
0.13947572204887
0.13856854428218
0.13935049753626
0.13851202638944
0.14030863971582
0.1398999657444
0.13889717588969
0.13991284291447
0.1394597453518
0.13942498221183
0.14028569844014
0.13987674728436
0.13952940238436
0.1400353955717
0.1398291177772
0.14007849539355
0.14005845775204
0.13994915243583
0.14045157875536
0.14023778066418
0.13925465895705
0.13946487343906
0.13961473821664
0.13940767883425
0.13939815401071
0.1400853061973
0.14033440775711
0.13885550151293
0.13977979551875
0.13897960954067
0.14023674154944
0.13923295925228
0.13955806621122
0.13910165760842
0.14006286618385
0.13974563332686
0.13877304969074
0.13712120517306
0.1369959192297
0.13951821922808
0.13627568943407
0.13760429625871
0.13800706326228
0.13790126857517
0.14005633507453
0.13800652527741
0.13972402416739
0.13781654585202
0.14012587032162
0.13769537746542
0.139389138947
0.13728485914224
0.14063481020146
0.13973554528566
0.14083314720583
0.14000439229921
0.13743838194736
0.13810138253973
0.13763425449657
0.14056270723826
0.13686276251498
0.1380423958032
0.13774257326408
0.13771814891521
0.13792202590927
0.14049980663372
0.1407767761183
0.1407679342734
0.13977839572228
0.14052093035326
0.14055831358389
0.13858481561394
0.13957019534654
0.13849063897973
0.14029714828222
0.13907672439661
0.14063526158044
0.1405809249953
0.13709138907095
0.14086026630624
0.1381198975086
0.13820220257298
0.13782058688877
0.14057807065923
0.13903393274802
0.14022671598408
0.13762557618614
0.14064111069471
0.14083933469343
0.13897873008355
0.13953233691335
0.13928759777515
0.13997819433029
0.14052329992291
0.14078595182724
0.13968578529702
0.14132044642961
0.14100145476792
0.13785782105555
0.13852053949707
0.14063682962047
0.13840445410495
0.13872448006573
0.1382193978551
0.14079995983924
0.14115394933072
0.14147834904584
0.13772978115363
0.14132808620132
0.13839462408833
0.13926245699547
0.14132734952834
0.13897920535744
0.14038661703255
0.14141224430465
0.13839469799325
0.14002101063804
0.14105465348489
0.14143312258732
0.13708414421779
0.13905970941915
0.13927062737172
0.1410849225356
0.14066026067514
0.13917392833951
0.1400998765965
0.13908345416419
0.13983727558074
0.13980782292181
0.13964866556038
0.13989740290688
0.1405826272442
0.1401197337621
0.13952986642971
0.13899313969201
0.13995746593311
0.14031035213858
0.14022994182125
0.13921278897667
0.14078498678365
0.14093830476509
0.13931092057625
0.13860116339363
0.14063329977048
0.13909564102653
0.13958229026302
0.1394187759303
0.13846239506832
0.13850673429034
0.13908326236607
0.13931325520346
0.13962631213799
0.13856022932766
0.13993077808193
0.13930993001458
0.13860342777746
0.13876144796299
0.13949532242118
0.14047862265278
0.13961424400944
0.14011903274238
0.13909938677412
0.13954307703301
0.13984200093479
0.13997476554506
0.13908070837953
0.13979130537402
0.13973641238117
0.13822385962104
0.13961493542807
0.1399616712185
0.13977327945811
0.13915179250913
0.13877039545319
0.13903606565844
0.13880567487296
0.13938010668809
0.13966430377415
0.13908515038568
0.13969447989516
0.13945899406219
0.13972863295446
0.13854315754974
0.13996916627429
0.13953998812304
0.13745407526433
0.13708688009717
0.13708211234224
0.13986279143547
0.13986370874764
0.13938073809865
0.13762198419686
0.13744019908903
0.13922612557521
0.13964427618443
0.13850903074764
0.13933592125926
0.1410360811439
0.13963607488373
0.13787394484303
0.13935709594085
0.13989241901683
0.13944247676175
0.13966613239871
0.13684800129975
0.13988633519577
0.13960519053672
0.13913201430085
0.13774381550588
0.1378644898203
0.13918712609465
0.1381616716155
0.13933193742453
0.13988554263769
0.13886171418502
0.13815025807254
0.13942962129974
0.1369685190523
0.13983693875035
0.13954434757858
0.14006058511366
0.13671652889836
0.141441167404
0.14034486155309
0.14003557603266
0.13997118874673
0.13996646063456
0.13948729970248
0.13664658599519
0.13720899111315
0.14053339696215
0.14129580209122
0.13992897906011
0.13948109664911
0.13924368304293
0.14002506423171
0.14035990381305
0.13918413789784
0.13890419935792
0.14007522221172
0.13994929891468
0.13703366753937
0.14001537799082
0.1385089394365
0.14063447191679
0.14020531648033
0.13884162154315
0.14018288704266
0.14013121848556
0.13948199573103
0.13998624937398
0.14009426065372
0.14032414944602
0.14047874168125
0.14058741617883
0.13898077310062
0.13715895899359
0.13763528824763
0.13951089338526
0.13860968467994
0.13878241684877
0.13860216938554
0.13963486558755
0.1396247266167
0.13912356563132
0.14049008412026
0.13922477223322
0.14016077118402
0.14043189752612
0.13931519983213
0.13958415711806
0.13955291075133
0.13950617898537
0.13958494645826
0.14063062830104
0.13967519386657
0.13953403533163
0.14040282969573
0.14056829496843
0.13916590681756
0.13685281270967
0.14006591722671
0.1379891561951
0.13948664737931
0.14098227678315
0.13756597148097
0.13927550604626
0.13866491150883
0.13963080177923
0.13975676644533
0.13931273082897
0.13901582701759
0.1403076363032
0.14000190424274
0.13935341114639
0.13834432122623
0.13882310063723
0.13846688470029
0.14065825503817
0.13997113829422
0.14021306567266
0.14081309123276
0.13831074571496
0.13953359063821
0.13961172136136
0.13961968694065
0.13978998832146
0.13892151271298
0.13920065694882
0.13809788179619
0.13947638483344
0.13903558974941
0.13680790618907
0.13878683132759
0.13870369147914
0.13869751529438
0.13836141591847
0.13804088986514
0.13784754684406
0.13785768031228
0.13736552108209
0.13803414077312
0.13822390407
0.13735921149357
0.13911845830284
0.13716695085543
0.13851870174013
0.13865858109962
0.13864964375722
0.13873687925257
0.13847734941216
0.13886833022444
0.13913088806028
0.13842711048425
0.13939994417544
0.13847143277475
0.13860569769153
0.14108630397177
0.14108102637389
0.13841319865736
0.13940742617844
0.13984160842826
0.13801859158106
0.14045948135742
0.1382250958456
0.13930829127878
0.13948848987374
0.13805299736631
0.13754757237217
0.13731349595323
0.13757192280929
0.13756778015398
0.13910455973259
0.13652066527893
0.1366192564462
0.13662044017663
0.13681606124423
0.13642017630506
0.13642123290383
0.13664728560847
0.13600330620743
"n_500_d_30_tr_20_a_144x144_idx_5_p_mprt2"
0.1293382126439
0.12602086039241
0.12996648366258
0.1276387426234
0.1284162473272
0.12638428909106
0.12723628785208
0.12658496474093
0.12958477957111
0.12753144798169
0.1252342471953
0.12659475676571
0.12953148999703
0.12728754422229
0.12609260207166
0.12799683496249
0.12412220088458
0.12817273290749
0.12780456359111
0.12681528551096
0.12782766946187
0.13188044663877
0.12948080959912
0.12926936922074
0.12728761434294
0.12974413641555
0.12614494386164
0.12903185524115
0.12876354495642
0.12825295265444
0.12821610126931
0.13145687829632
0.12940296418634
0.12694696211423
0.12808534668875
0.12834940542774
0.13076855366985
0.12446953157308
0.13032989582136
0.13027232849175
0.12749236417181
0.12971866404898
0.12901971936507
0.13355735303589
0.13179726585056
0.12898088180203
0.12909063120364
0.12739269264551
0.12883725296199
0.12990121839219
0.12720445462173
0.12904683247081
0.12839716691016
0.12985280785879
0.1288712981307
0.12731095944778
0.12882842469747
0.12681024740582
0.12936501683293
0.12657536285186
0.12869887832317
0.13322723062044
0.12834694016966
0.12822018745833
0.12567625434045
0.12983520442619
0.12788896547182
0.13014507751224
0.1260809451626
0.12619851015022
0.1301747535218
0.13014550766639
0.13106167260437
0.125934616499
0.12466582136058
0.12446808179107
0.12564639872702
0.12792455969948
0.12786594328099
0.12739960361037
0.12556773569552
0.12901864967726
0.13024057447525
0.12771302753293
0.13183192619839
0.12819139269162
0.13094316658404
0.12800595189357
0.12456052160656
0.13368433461249
0.12500170469554
0.12821143698438
0.12905032834982
0.12646437058309
0.130645517476
0.1304648987459
0.13057011092318
0.13106755689877
0.13140898524363
0.12680174099111
0.13313012016192
0.13389676349717
0.12689820404927
0.13090528661235
0.12886351900109
0.12787819103491
0.12904470959136
0.12915451530559
0.13081033346809
0.12672624045456
0.12918318501912
0.12816096542074
0.13117297082903
0.12861876957771
0.12575542515958
0.13001848573503
0.1277479293525
0.12620578228683
0.12641874751917
0.12876210989697
0.1259730666139
0.12983987943323
0.13133854233632
0.13037844157447
0.12885261348709
0.12607586727405
0.12996212340726
0.12790144413892
0.12811191640692
0.12661383189484
0.12613890054939
0.12654608193248
0.12444051473832
0.12442918218176
0.12520248445204
0.12483642851682
0.12402242313231
0.13060800083606
0.12530854640129
0.12501872312723
0.12412642375494
0.12443607164473
0.13077026232362
0.12504960364379
0.12568817464892
0.12565799974376
0.12613615536339
0.12651746404537
0.12808883751198
0.13050725228245
0.12518005165213
0.12583162575842
0.12616363761931
0.12920408584189
0.12936014850581
0.13019134726377
0.12624542224632
0.13092207103476
0.12946141974306
0.1273741945501
0.12619342968334
0.12850240308634
0.1297722567958
0.12903058579403
0.12981119023696
0.13371010419797
0.13053564235059
0.13113948308016
0.13015658634071
0.12883937236076
0.12708055272252
0.12784323660734
0.13025993808477
0.12664358538682
0.12693012650532
0.13064983280023
0.13158132845411
0.13105590235324
0.12587675072142
0.12572109548556
0.12744349411482
0.12705549385471
0.12618154786802
0.12592555586593
0.12576715649756
0.1271270284451
0.12595620566239
0.12444863793158
0.12610429240248
0.12810449699431
0.12621921858686
0.1310605674304
0.12620330300986
0.12555207502763
0.12730904088428
0.12567338801349
0.12498392792175
0.13026457591288
0.12483444234081
0.13065019995531
0.1274031016017
0.12971873122137
0.12688526547724
0.12556362411895
0.1254059753924
0.12456664386039
0.12539048746889
0.12844676443728
0.12618464345854
0.13189606711451
0.12793370410817
0.12859903474333
0.12502522395592
0.12487659426153
0.13212974495884
0.12576293896708
0.12778447215999
0.1258611150945
0.12859553060549
0.12550088743969
0.12873763896484
0.12960690449303
0.12746212337654
0.12854745442058
0.12520031657735
0.13104054098467
0.12615467816566
0.12891084206521
0.1260611110619
0.12816152040459
0.12829573218208
0.12744872044865
0.12755217507111
0.12937589001444
0.12769292197865
0.12742304868348
0.12546298906586
0.12525061238295
0.13058567895535
0.12873744484436
0.13270570077985
0.12910760035205
0.12855209822633
0.13184892773707
0.13188980100331
0.12769723619763
0.12610209620815
0.12726292672329
0.13145325204779
0.13017743881906
0.12933020074686
0.12703197989751
0.12808480399224
0.12702369010517
0.12789382717375
0.12988166380993
0.12900606219894
0.12843335758315
0.13281366969557
0.12833267453502
0.12728363690521
0.12862610262845
0.12829739059975
0.12702320636668
0.13063934606447
0.13096424860261
0.13070215399878
0.13129610476913
0.12623301894884
0.12857966048495
0.12744724707348
0.12734527183887
0.12857254878821
0.13159199764476
0.13062851903849
0.12839052838697
0.1286435494323
0.12778566162374
0.12910821598059
0.1284726055304
0.12883776043983
0.12965873708839
0.1275809238585
0.13386125587335
0.1285554019999
0.129739808172
0.12467346780224
0.12710261422188
0.13106874574746
0.12947288231853
0.13083386718471
0.12785995789671
0.12783720722377
0.12811488589403
0.12783822280116
0.13102687208882
0.12873055956713
0.13052551469923
0.12847269174574
0.12630765113281
0.12980127708925
0.13061630424956
0.12952226350937
0.12939157961884
0.12950776829575
0.13169493753111
0.12841872795818
0.12746192503008
0.1300611017964
0.12887365095851
0.12475705872189
0.12475705836509
0.12833036144348
0.12683862346172
0.12911305519442
0.12627521271371
0.1292828424174
0.12780733630579
0.12766359221179
0.12862937894157
0.13124941011208
0.12934365053644
0.1269434245282
0.12858632771732
0.12938395082966
0.12663400603809
0.12824459495048
0.12457857663287
0.12907476005513
0.12888112056452
0.12540402359046
0.1262620472233
0.12913296745889
0.12550203294426
0.13098868688667
0.1319236895473
0.12897046129943
0.13020283261129
0.12698339457006
0.13070006395288
0.12764390375761
0.13262695922427
0.12893674347654
0.12875226262146
0.13068065078654
0.12429954033089
0.12499543088241
0.12913359536674
0.12954614434453
0.1275037730829
0.12828132100171
0.13027733704492
0.12922081406612
0.12952443912573
0.12897664448732
0.13010719357893
0.13246554717317
0.12795560448225
0.12825984071816
0.1286691665725
0.12946483651704
0.12525672534622
0.1291185622273
0.12853734977312
0.12859443301769
0.12831600823059
0.12963590775954
0.12892385633163
0.12935449437017
0.12937376214415
0.12931143485013
0.12889818955699
0.12935699157097
0.12801811745617
0.1292425311782
0.13005018326583
0.12943915496104
0.1314833259611
0.12852251549276
0.1292732018013
0.13025216674649
0.13317630049627
0.1247103715166
0.13316633246152
0.12679529446643
0.12984983573814
0.12691895528621
0.12676581979849
0.13285653682836
0.12999162009041
0.12761566822593
0.12798986402309
0.13014069110838
0.12965863659346
0.13147497617165
0.12817751893314
0.13055363815441
0.12750800824867
0.12807314180238
0.12962982413224
0.12626877321173
0.12577894951959
0.12648667806437
0.12625957957885
0.12698623116367
0.12650458630829
0.12842471161215
0.12916039451954
0.1291916524996
0.12626241691233
0.12543933515772
0.12469427561747
0.12755884182309
0.13158826155275
0.1288984788543
0.12692226919415
0.1279716937842
0.12976381585193
0.12563284917563
0.12886827198478
0.13055360887262
0.12676522575959
0.12899342643019
0.12816213881793
0.12617157901022
0.13180514305765
0.12566920105335
0.12991616438132
0.12602259297817
0.1279196003546
0.12693332895803
0.130487220135
0.1281682829133
0.12777729567252
0.12808539491674
0.12843449269685
0.1291519548824
0.1269956002557
0.12728252833048
0.1271844793079
0.12924287757884
0.13198399737254
0.13148000697826
0.1271756141467
0.12828752493198
0.13052632116799
0.12853614416358
0.12862044937142
0.13059559751523
0.13101790317462
0.1317452758338
0.12740896500181
0.12617909725687
0.12680472836835
0.12974181209651
0.12589997024126
0.13129765765507
0.1271960549257
0.12596085444565
0.12692745848117
0.12701304396016
0.12562423902242
0.12765965718867
0.12850006338885
0.12486801674794
0.12650296083841
0.12563420114536
0.12777203136881
0.12800835155755
0.125703360256
0.12816161653148
0.12612238306286
0.12870094193055
0.12782260777079
0.1260837796731
0.12949508319961
0.12903118743925
0.12831598882855
0.1255479743271
0.13073159764187
0.12587365611484
0.12749584950913
0.13162623906354
0.12631617149588
0.12865685524942
0.12530330162979
0.12502889948758
0.12499043448993
0.12493325178402
0.12493363582901
0.12774386448276
0.13063498997118
0.12424419581037
0.12437789249832
0.12427971663465
0.12550339612606
0.12418509172789
0.12408691635025
0.12427395435476
0.12394157007993
"n_500_d_30_tr_20_a_144x144_idx_5_p_probflood"
0.13743681266118
0.13669123738188
0.13532530353079
0.1361043580042
0.13791520401934
0.13745657830496
0.13734116668089
0.13679408621454
0.13784369747315
0.13742464212029
0.13622588650339
0.13745054200915
0.13779308792909
0.13791400703311
0.13688171028809
0.13756578542058
0.134695541981
0.13781365334083
0.13625674530429
0.13693400873126
0.13554384315981
0.13767112841224
0.13757823467946
0.1378933250547
0.13699061650932
0.13785247042771
0.13505731030254
0.13728125737506
0.13751994621121
0.13706702298707
0.13721178386709
0.1376193192292
0.13723514774664
0.136658099795
0.13734143484403
0.13772898575634
0.13717525797478
0.1353214629634
0.13789476631058
0.13722914623104
0.13698184415877
0.13743629216345
0.1369108194596
0.13775534376063
0.13840745577348
0.13767911341513
0.13799485128315
0.13700674501245
0.13748279771325
0.13750051574398
0.13751527708279
0.13564735443866
0.13721927749514
0.13782100166837
0.1371849118225
0.13746611562421
0.13734593885576
0.13721939018514
0.13782563583375
0.13738527806371
0.13721636285261
0.13757985686627
0.13647548923949
0.13735764290584
0.13563729257563
0.13810537433636
0.13713684013397
0.13796290190633
0.13546724386088
0.13718301651111
0.13779752011841
0.13751100789925
0.13795446704817
0.13729818521107
0.13540747047326
0.1351445088318
0.13662269667803
0.13728029597468
0.13771379158903
0.13752703676623
0.13577566994369
0.13604191726345
0.13798826784521
0.1349171865137
0.13619739855568
0.13781452131743
0.13701705110261
0.13768019156771
0.13528393730216
0.13740505663723
0.13552800714087
0.13667531814582
0.13559531035828
0.13745398417292
0.13832676946865
0.13789760783113
0.1375949347994
0.13672384676607
0.13765313574181
0.13790351428568
0.13760303033788
0.13786244693554
0.13777202922163
0.13751725335596
0.13708968525693
0.13756236957348
0.1384896647226
0.13611707695045
0.1380519952418
0.13701258656122
0.13706617210429
0.13711050177396
0.13706668601253
0.13737297722153
0.13563902103964
0.13706065335934
0.13760553791665
0.13754947465926
0.13731457289372
0.13787442344227
0.13696925269349
0.13811319481938
0.13657722942924
0.13770499008662
0.1383111800039
0.13739600979686
0.13767997259526
0.13714901911634
0.1383656861279
0.13765264870281
0.13702104984377
0.13674359443708
0.13521990991177
0.13509096794715
0.13551656422493
0.13561320052792
0.13455578936885
0.13587245483705
0.13621707529196
0.13582215799025
0.13468208718489
0.13523905569666
0.13642475617114
0.13579343477928
0.13643056996195
0.13661847304585
0.13706770711727
0.13673653365037
0.13616652121898
0.13705877421122
0.13609463071733
0.13616364854711
0.13717365419096
0.13670048082672
0.13755630280368
0.13781416697919
0.13707727847824
0.13724873531854
0.13622841048188
0.13648063448224
0.13630236313401
0.13616724024264
0.13606563374749
0.13667271756778
0.1370201045619
0.13713897415202
0.13715912859788
0.1367536840295
0.13655415835262
0.13728312984689
0.13772178519407
0.13777732712689
0.13815569062703
0.13774497265123
0.13753652611965
0.1369658940039
0.13702671609697
0.13782470863783
0.13469623438788
0.13573364080771
0.13714742745664
0.13758020147086
0.1373836107464
0.13671369998225
0.13658585953662
0.13612825921243
0.13717115893344
0.13521649133908
0.13729081397724
0.13757320915336
0.13671292894355
0.13798913650183
0.13729757504706
0.13676325906384
0.13683584643996
0.13682042397334
0.135948586218
0.13703931734294
0.13586156901404
0.13817119821614
0.13804819064484
0.13739621330552
0.13631895939984
0.13667120724555
0.13659863595005
0.13532751556228
0.13648810268424
0.13712428461276
0.13707089438009
0.13699484524694
0.13711303521499
0.13768532784509
0.13577183539884
0.13560373467556
0.13774359768166
0.13664400621379
0.13636939615952
0.13665465570721
0.13755236552933
0.13610356985916
0.13619600243646
0.13797423888928
0.13610257152879
0.13760132446532
0.13593550748234
0.13792887548952
0.13581650686483
0.13724533681386
0.13554095308124
0.13847707545553
0.13734261789883
0.13864855269442
0.1378207325228
0.13820486881991
0.13623250208876
0.1359389282063
0.13600323161147
0.13619932029095
0.1382568324047
0.13838631426844
0.1386278585121
0.13787845742719
0.13825972741878
0.13852962741955
0.1377399570599
0.13808183160382
0.13707744983847
0.1383697899954
0.13832709467241
0.1387059215775
0.13634690637509
0.1375054260109
0.13837083169963
0.13817672017553
0.13822381784921
0.1386088815401
0.13752535843574
0.13741681715823
0.13713450663735
0.13798065641382
0.13831843289376
0.13862156317178
0.13775179505769
0.13757785747603
0.13804157317117
0.13904616228179
0.13855023926712
0.13791004958428
0.13595732094105
0.13832302372952
0.13767377589499
0.13699511684994
0.13842792255093
0.13854552792195
0.13928257474811
0.13777644051279
0.13590580749588
0.13891096060252
0.13753160612333
0.13891383337415
0.13794719415722
0.13913866130637
0.13652166356259
0.13787132873048
0.13852584170012
0.13917975106464
0.13527985097735
0.13758186844152
0.1373500778141
0.13850651836191
0.1382656274118
0.13802039385043
0.13724329474403
0.13785721468773
0.13761575847428
0.13778406259106
0.13833182290968
0.1378656810427
0.13742466625463
0.137132666181
0.13798561157179
0.13806378271265
0.13719885801011
0.13848855015186
0.13814969957975
0.13828952811974
0.13687972128115
0.13777189210397
0.1375678282839
0.135638022691
0.13531789841917
0.13531443326511
0.13759510294743
0.13787558314762
0.13750621539831
0.13583828135842
0.13567098655458
0.13727949234221
0.13744225600639
0.13682435971056
0.13876877282514
0.13782094052144
0.13594934203968
0.13724864700779
0.13767471276301
0.13745924366141
0.13761302764399
0.1351828237571
0.13774212105802
0.13744391326912
0.13606539825491
0.1360363415748
0.13751382254433
0.13652686760786
0.13745794823019
0.13812749164031
0.1370885911024
0.13627128337115
0.13518116765618
0.13769639023381
0.13506857489612
0.13909782642602
0.13799388029262
0.13794687973052
0.13759173013953
0.13502085701809
0.1354587984274
0.13813882364761
0.13891094677432
0.13773856829108
0.1374275547018
0.13768070124606
0.13726583892215
0.13637507555885
0.1374606578397
0.13851666458745
0.13718512805445
0.13703158505129
0.13814737450766
0.13722398697188
0.13781650316635
0.13540363117716
0.13686634391015
0.13773128208821
0.13846561971619
0.13678634656982
0.13839911708846
0.13788465796511
0.13755423966486
0.13803969156734
0.13757548940247
0.13808136803296
0.13788147930822
0.13830819179427
0.13840686406227
0.13773377895962
0.13836349634082
0.13715711190691
0.13819824945163
0.13757209764376
0.13756092977712
0.13704151546516
0.1353372941693
0.13576264691586
0.13773296806397
0.13671718050671
0.13694694831142
0.13781397945574
0.13806574209914
0.13789996520807
0.13713557621856
0.13684069957892
0.1373191993186
0.13696527988124
0.13743391816133
0.13787533021786
0.13770060245059
0.13725156985704
0.13784172072442
0.13752875467469
0.13752517460473
0.13700549991707
0.1375640573559
0.13502748063249
0.13794360726831
0.13752928095475
0.13717657422078
0.13816763318504
0.13785130179476
0.13718647086575
0.13657423598577
0.13505877767317
0.13697893941118
0.1367078146659
0.13878571753533
0.13819097743442
0.1377635577728
0.13860069154265
0.13636330246165
0.13755944505426
0.13754487919062
0.13746214716937
0.13760181249567
0.1371897001474
0.13700609589222
0.13677260635814
0.13624430084874
0.13744384917517
0.13704388616355
0.1376481321836
0.13776653264138
0.13750989589045
0.13851315398312
0.13736856171338
0.13840463992114
0.13849176129463
0.13755612534659
0.1377166239155
0.13772656599302
0.13745715638001
0.13773063583605
0.13835435926109
0.13771279226101
0.13759958616146
0.13870796495908
0.13848250792925
0.13752639275604
0.13836925255016
0.13622684926949
0.13759453806177
0.13869135498068
0.13595413723832
0.13682690754083
0.13698293943506
0.13671683432884
0.13659464285429
0.13659140219259
0.13614235000657
0.13605273755083
0.13585656853068
0.13591727922352
0.13548915674204
0.13609674891999
0.1362541266204
0.1354794910077
0.13703553320959
0.1353362859105
0.13662465342477
0.136740769755
0.13660367135953
0.13686134681766
0.13723677253538
0.13644400961497
0.137379875343
0.13648008984471
0.13669381756241
0.13888721586351
0.13924687635212
0.136485231265
0.13736773512776
0.13620919794639
0.13829352197288
0.13630046568647
0.13736536790275
0.13758009753682
0.13611774905146
0.1356612323366
0.135461328154
0.13568910812168
0.13568385981342
0.13724594294647
0.1377818081942
0.13485895819851
0.13496508572182
0.13496515047263
0.13514333411604
0.13475285803009
0.13475171303388
0.13492970120602
0.13439554035135
"n_500_d_35_tr_20_a_133x133_idx_6_p_abba2"
0.13433968308321
0.13326439919448
0.13202986002563
0.13217622461463
0.13389027974594
0.13192157448786
0.13229669144424
0.13233451131208
0.13251375753218
0.13352981878058
0.13333965756584
0.13324920242025
0.13321160723235
0.13262681003982
0.13212832939655
0.13164527138731
0.13283534321005
0.1320819169829
0.13298451524881
0.13300407885268
0.1319338166868
0.13247481159778
0.1338381418047
0.13166250407983
0.13226856964244
0.13440414562268
0.13204952475851
0.13161278858802
0.13197182268587
0.13234706033919
0.13301970894794
0.13285933154244
0.13133334171577
0.13386482761032
0.13131746584546
0.13239188466078
0.13441765700859
0.13373806473843
0.13333354606762
0.13257492022099
0.13505642772014
0.13187859783411
0.1335889371522
0.13160930946997
0.13114120346899
0.13368967897981
0.13274104036427
0.13355366111481
0.13366290348829
0.13289015842226
0.13222253158876
0.13269575442233
0.1333226909462
0.13347103106069
0.13376558798405
0.1329414998145
0.13372988150564
0.13461961166085
0.13479730285835
0.13299755180455
0.13390166522583
0.13360805813254
0.13378610567921
0.13364022965899
0.13233911364194
0.13405043938341
0.13342227516126
0.13176280620926
0.13375999025646
0.13429698238488
0.13198081104794
0.13207293504782
0.13254055969431
0.13375029602502
0.13341493615095
0.13333386841862
0.13294509278177
0.13128527906466
0.13215895628995
0.13259986352047
0.13244226811739
0.13492498428074
0.13230346640954
0.13244259304582
0.13168868227295
0.13272329111902
0.1345016252944
0.13352705088109
0.13214752550479
0.13215135908953
0.13198550106137
0.13386851616911
0.13265681787957
0.13323376982415
0.13350385745648
0.13304171982995
0.13288619116058
0.13461814197905
0.13263275194922
0.13195980138852
0.13214294302579
0.13351033825382
0.13447059563335
0.13273915718832
0.13332336851869
0.1321228518876
0.13184285961433
0.1333668999726
0.13345363749528
0.13472023804897
0.13224368184936
0.13249693450305
0.13229096458698
0.1345058399061
0.13204616643791
0.1319230599245
0.13187387415819
0.13382294432708
0.13250041009745
0.13331439586921
0.132837791428
0.13343348560551
0.13235574395961
0.13304354759744
0.13266848228991
0.13368808538706
0.13400547311592
0.13414926602225
0.13379982230842
0.13385435641659
0.13342396557822
0.13359990055746
0.13186153230503
0.13221837812353
0.1330619059865
0.13277299667999
0.13431002000379
0.13242201845476
0.13301057212307
0.13238565775087
0.1317817407477
0.13299747631315
0.1324698686257
0.13305333290816
0.13313335150574
0.13423315720314
0.1337274562509
0.1330920641861
0.1335283233373
0.13339350916115
0.13400612181105
0.13326788375459
0.13314793853577
0.13330856552345
0.1315403414413
0.13232326255377
0.13335897684395
0.1337756721285
0.13160217291448
0.13379058455484
0.13268196869667
0.13271688265537
0.13315000288633
0.13297066927821
0.13354160153745
0.13314685104309
0.13408744080793
0.13196646122513
0.13407465215148
0.13418193575562
0.1327523327217
0.13321850182024
0.13389277696356
0.13284248019683
0.13135783782789
0.13262169488986
0.13342946866458
0.13369017705467
0.13322085528042
0.1340697282792
0.13325038767821
0.13207897523362
0.13306479231294
0.13356204997032
0.12949240658029
0.13332177365597
0.13379224836282
0.13367800608637
0.13372819374194
0.1329156337785
0.13404529099095
0.13281733493574
0.13255140222197
0.13404008059983
0.13300084134795
0.1330484924603
0.13361519543291
0.13443372578816
0.13358644232094
0.13211150575103
0.13206535877922
0.13415564685064
0.13290777608417
0.13276275879104
0.13303966207928
0.13201615296287
0.13271425826131
0.13364926935043
0.13246707544364
0.13300244957322
0.13374145087433
0.1331549270399
0.13300990193316
0.13361751364911
0.134308629038
0.13121756766353
0.13247198838074
0.13329979885277
0.13390318461694
0.13545039222192
0.1326155056256
0.13064644896508
0.13487538691814
0.13492612617966
0.13341177292404
0.13311737617362
0.13339133258762
0.13350557481316
0.13278555232626
0.13314041387753
0.13330667444487
0.1338361843547
0.13441992156402
0.13516641169998
0.13233082782341
0.13081433934794
0.13380490909187
0.13570923261472
0.13380798070022
0.13259509744203
0.13367756674116
0.13385046963433
0.13181612329938
0.13331636306735
0.13424914992667
0.13435673179956
0.13158571916704
0.13326405047797
0.13090230779978
0.13347343166795
0.13168638951189
0.13366095934649
0.13252625557795
0.13233724408257
0.13229730103288
0.13281440037301
0.13414890044394
0.13385479618754
0.13321124782473
0.13254401678546
0.13399707560138
0.13300749707913
0.13358218322845
0.13375877363115
0.13243093029727
0.13340847334701
0.13346721458508
0.13301336947217
0.13145834166308
0.13360398207106
0.13505606358314
0.13414879509962
0.13208470673717
0.13546080219777
0.13265252159112
0.1363021064067
0.13262579058
0.13253004473601
0.1342100298633
0.13259474232824
0.13367301021048
0.13266613173774
0.13419149875402
0.13411790796918
0.13315637416324
0.1317343853416
0.13433015813704
0.13200013590343
0.13272642857709
0.13372330560592
0.13311060291196
0.12950174324699
0.1310635044178
0.13163821176111
0.13077025747556
0.13134381763246
0.13045719849683
0.13242998372004
0.13129874128178
0.13245762244151
0.13297211607744
0.13295277380307
0.13175337211053
0.12989802500589
0.13212417766548
0.13094606547203
0.13221672183525
0.13509081041643
0.13141392027415
0.12994834732745
0.13278262026984
0.1352039182465
0.13216202084702
0.13213439322816
0.13216227285405
0.1316909992082
0.1313962471787
0.13276778093959
0.13265891502079
0.13192069631528
0.13170331529301
0.1304124990327
0.13262410462382
0.13278359926713
0.13259752925458
0.13300217353547
0.13259933022208
0.13277010865425
0.13225206382194
0.13358081309166
0.1330223473168
0.13350524538708
0.13141545821031
0.13237058896969
0.13133725082525
0.13245721069954
0.13303314017458
0.13503110031386
0.13335361019858
0.13206887650224
0.13289861807457
0.132575261146
0.13448838593313
0.13046774412505
0.13201590379143
0.13269426917473
0.1340982970283
0.13254963358893
0.13390091287247
0.13249951791176
0.13301617977506
0.13456857399197
0.13390959272554
0.13301065873807
0.13370238875041
0.13352546632466
0.13320796558892
0.13104293646703
0.13268887648671
0.13206102223496
0.13115948044585
0.13253073363505
0.13405045713818
0.13521655642614
0.1336560139306
0.13315806155387
0.13389850441257
0.13325400028866
0.13137748191046
0.13188372389285
0.13252942473969
0.13331066317609
0.13204203833484
0.13206571558778
0.13330788473206
0.13072990242479
0.13385280633859
0.13058346946073
0.13339343884706
0.1330897229432
0.13131460791771
0.13114507330592
0.13296868460793
0.13350097251914
0.13173832593406
0.130689373688
0.13359772402491
0.13380063991772
0.13320202791129
0.1323997588607
0.13276301862286
0.13246846520548
0.13217916999524
0.13176885573435
0.13346216928791
0.13385820550986
0.13193992567093
0.13473078795852
0.13227822843004
0.13194239090977
0.13450380349023
0.13067179410248
0.13205102539537
0.13221847388835
0.13229548100983
0.13278409676376
0.13538290776017
0.13297615507312
0.13267600299581
0.13131588407177
0.13360509725518
0.13156836195735
0.13293305811463
0.13410525610689
0.13127443699265
0.13327793076592
0.13041092030252
0.13256176560257
0.134600205169
0.13006619299609
0.13167073974044
0.13221064075081
0.13420010270074
0.13392422331096
0.13479278510055
0.1313550773312
0.1333324493789
0.13254085815101
0.13259444027499
0.13151066155132
0.13339513636069
0.1332563908497
0.13176912889496
0.13334442419016
0.13376700808968
0.13111137112223
0.13357109275227
0.13187215164828
0.13259252148706
0.13087288619693
0.13306177769868
0.13199214300466
0.13163250245743
0.13131447799573
0.13362789955379
0.13345572347009
0.13279410927677
0.13316955558897
0.13259983389444
0.13353783543906
0.13286917296265
0.13383960021904
0.13284288657452
0.13535812691004
0.13306691824764
0.13043988239089
0.13158614721945
0.13396904884594
0.13195322614823
0.13334414099694
0.1353330026994
0.13148457058268
0.1312479890211
0.13079475860076
0.13353495696356
0.13025694256116
0.13039589073191
0.13101065936693
0.13341069332815
0.13245326959131
0.13386148107798
0.13223954891526
0.13238848124461
0.13340811941266
0.13265367239631
0.13268680253722
0.13261586641479
0.13308922923138
0.13243829996491
0.13165242848178
0.13271156389559
0.13187999260479
0.13063212869504
0.13173640149492
0.13451843843185
0.13118653043493
0.13318839079749
0.13378119052674
0.13103041061428
0.13272826424786
0.13190636659416
0.13182055086929
0.13310591205641
0.13329774271971
0.13185624033978
0.13278909268053
0.13283845672675
0.13333011176856
0.1337335133454
0.13352423235233
"n_500_d_35_tr_20_a_133x133_idx_6_p_cds3"
0.13681579232449
0.126495889007
0.13658611054646
0.12820285195934
0.13692570243983
0.1265690152547
0.12820430168936
0.13688546345431
0.127852038946
0.12719515728564
0.13759086336677
0.13776311443282
0.12834041907682
0.12705352042544
0.13623305729
0.12702277100329
0.12809750802977
0.12706995614492
0.12609420682391
0.13645979417443
0.12719760964679
0.12743536147998
0.1372142476549
0.1268317037553
0.13602365647048
0.12823817786609
0.12710898905074
0.12724104048333
0.13612233892196
0.12745038993188
0.13690211755233
0.12802810828919
0.13683741631943
0.1279353061674
0.12637711940088
0.13778187095896
0.12827256258915
0.13770485848274
0.12717853155896
0.12818946638317
0.12577878471744
0.1280146364355
0.13775059367855
0.12700808751641
0.13593736777697
0.12751432388562
0.13780330984143
0.13802604665172
0.12792222159644
0.13762184076286
0.12632873439609
0.12812803734255
0.13710743854468
0.13784595638514
0.1371250298755
0.13745512236514
0.13751506337681
0.12493448324066
0.12782321581692
0.13636023576117
0.13780136751392
0.12542927102709
0.13756655734393
0.12814313330756
0.13785426141944
0.13682556770304
0.12821204790778
0.12673795295599
0.13699113784709
0.13731079356879
0.12674727228843
0.13591167954264
0.12756752720926
0.13738151811852
0.12814711707968
0.13836456871125
0.1357190423681
0.13663037149859
0.13597172005366
0.12790188018695
0.12744263770738
0.12802817404174
0.12794026477263
0.12797363555153
0.1267285599611
0.13715228026367
0.13826761795431
0.13760312412254
0.12764531648931
0.13765892187701
0.12783008246937
0.13536151352413
0.12702601286277
0.12786052994615
0.12752887876559
0.13719820082555
0.13727645085791
0.12681692434102
0.12813086298298
0.12809910819846
0.13774017818416
0.12837058513631
0.13754442234472
0.12785123679753
0.13568131937688
0.13730089833472
0.12822881663412
0.12712803933837
0.13702323062539
0.12629549139717
0.12691175748706
0.12767158347362
0.12781023318822
0.137582546612
0.13783460788777
0.1269942697312
0.13745989418405
0.13694025358441
0.13718888883238
0.13654180115654
0.13751381633695
0.13724931628264
0.12775535684053
0.13767968928061
0.12836824776717
0.12807066270845
0.12779300334602
0.12774992091707
0.12775162749175
0.12817994206537
0.12813657682067
0.12651938726458
0.13727256325958
0.13824969812887
0.13765516623676
0.12806185754263
0.12683451121271
0.12876289841668
0.12915485830149
0.12892393069852
0.12845935704209
0.12908892555477
0.12846009247934
0.12815278289656
0.12827909427529
0.12918264272483
0.12911039260698
0.12871266163248
0.13769963886774
0.12855416406875
0.13582775715387
0.12807926831184
0.12818679228561
0.12925485160458
0.13621982642306
0.12789554641426
0.13713847179887
0.12936656757167
0.12567066893916
0.1289591931107
0.13792406945383
0.12770140120418
0.13731518843758
0.12794599960609
0.12919007058985
0.12793066391631
0.1290102068086
0.13689304883683
0.12881042522701
0.1383101835137
0.12859761708602
0.12835021229787
0.12843573018461
0.12871994927375
0.12584357861338
0.12877012284224
0.12884237623462
0.12580392081603
0.13707246355063
0.13734767194896
0.13695496224034
0.127247184722
0.13804908272639
0.13741588263458
0.12584300235474
0.13731072923344
0.12825013362379
0.12870037292526
0.12829083041017
0.12876919678699
0.1372616150195
0.128770246701
0.1362829936806
0.13726248741318
0.12867593392757
0.138154275117
0.13847175328802
0.1277446824404
0.13715703335442
0.126442162428
0.1274859665895
0.12903750807036
0.12868031805781
0.12872008927655
0.12856506908926
0.13659828399768
0.12710201481206
0.13834273939038
0.13713837671083
0.12834282858697
0.12829880865535
0.13806918057757
0.12837065236177
0.12822731461372
0.13814967724294
0.13666797212746
0.13743325003988
0.12782984229502
0.12830643854122
0.13809313191595
0.12854629546915
0.12498549226463
0.12759911959233
0.12862996011377
0.12700875272596
0.12831934186874
0.13732541612888
0.12872502979525
0.1289022926345
0.12868957293196
0.13828565369986
0.12885700636891
0.12821283210152
0.1283044424371
0.12773653106924
0.13474685171423
0.1380825163268
0.12923469766941
0.12853025364908
0.12549877839277
0.12884848498356
0.13773162664596
0.12731062997091
0.13617948453697
0.12869015802748
0.12752405379818
0.12668515580056
0.13744384668426
0.12446680639701
0.13811827189413
0.12757895958005
0.13804705457874
0.13760884970542
0.1278518714658
0.13587719559274
0.12883696288944
0.12886149920026
0.12785884181781
0.12864109531084
0.13705251247103
0.13756433777922
0.13783079091492
0.13812657251946
0.13789124552233
0.12791794666921
0.1380090627786
0.12807539795544
0.13725934186849
0.12433179081188
0.12856573342386
0.12807035936589
0.1284623939818
0.13784105202714
0.13822312299884
0.1274618155645
0.12451492387462
0.12682551342224
0.12682113724139
0.13500081855855
0.13697837067025
0.13804584098849
0.12791378678622
0.12932231607982
0.13828379927421
0.12686903080875
0.13772599024543
0.12929074326954
0.12697519007433
0.13756579943807
0.12868847986672
0.13705790217065
0.12621985751026
0.12666790826762
0.12689365050021
0.12637826578482
0.12728625312046
0.12572151033836
0.12512302102531
0.13593076698243
0.12731619713573
0.13613686760681
0.12482628490418
0.12687624746782
0.12644037243144
0.13578256604342
0.13578213310643
0.12595688149967
0.13484168473967
0.12534761774825
0.12636228665242
0.12592485811072
0.12469681417921
0.13627191486597
0.12793555188925
0.13742108626746
0.12570287981506
0.13661818940205
0.13682520803
0.13745298564575
0.13790566322397
0.13655116164069
0.1263746432603
0.1372694283346
0.12826231212005
0.13739524517225
0.12568955857418
0.13780968017988
0.12517216483257
0.13724043773183
0.12788963948221
0.13641746375982
0.13532965594118
0.13640660081004
0.13640799995127
0.12555091570693
0.13662741914933
0.12687537142016
0.12717224076067
0.12684775202377
0.13730855037772
0.12686248091528
0.12678040789089
0.13503499812393
0.12612132438255
0.13657027131544
0.13659947191555
0.13676805619049
0.13755186339117
0.13664246229472
0.13597482960201
0.13716373705634
0.13659041287175
0.12825217830917
0.12635572261749
0.13796084186009
0.12845832498015
0.13771839617265
0.13750301066643
0.12715909432427
0.12727778403271
0.12760276411984
0.12736824545197
0.13534373511119
0.13518827249406
0.12731283132726
0.12744119358144
0.12710904359281
0.13591962909981
0.12687562808984
0.1266952096964
0.1366480125463
0.1279644501202
0.12672234671136
0.13530062855922
0.13673480836933
0.13661161012461
0.13754177002028
0.13619046610564
0.12513212212414
0.13767776683121
0.12702448045629
0.13571942821825
0.12754674164143
0.13571568537438
0.12605574137233
0.13588702300253
0.13722944892972
0.12549347206929
0.12793886155587
0.13608701199142
0.12555107807239
0.13703132213568
0.13747539154624
0.13737990012747
0.13654974972128
0.1350782148233
0.13765422853978
0.13582827188483
0.12779174974279
0.13724002694162
0.13509427275948
0.12510389127199
0.13714244044273
0.12704909935015
0.13659318639478
0.12740676197337
0.13557792209924
0.13696102690946
0.12625257921484
0.13691027814624
0.12706841046274
0.13555565902883
0.12706292248207
0.13509549286162
0.12584165118814
0.12553809897894
0.12705793627768
0.12559009268569
0.13557343563434
0.12681810200082
0.13696308216844
0.13724378645706
0.13661970713769
0.13632810025109
0.12711836731532
0.12707540984439
0.12684940849293
0.13594913147461
0.13702881612046
0.1275440166978
0.13686055400442
0.13628055415115
0.12691770941596
0.12685004398582
0.12532003511197
0.12717002503749
0.12676822211028
0.13666725766551
0.13657882160888
0.12729561123954
0.12694358877475
0.12702927307419
0.12727932849192
0.12679094526831
0.127716224093
0.12530776572569
0.12807802096013
0.13725144695846
0.13733903360698
0.13750210298063
0.13660993394122
0.12720369832466
0.13712325895438
0.13458941451542
0.13702391614329
0.13604525900048
0.12692842911218
0.13637296600243
0.1364583986403
0.12695658260226
0.1271847438368
0.12710926583715
0.12698329363231
0.12683599501217
0.1265826115088
0.12601227672861
0.1266145970789
0.12617772764667
0.12703913225914
0.12630912846594
0.1364320833759
0.12597588099195
0.13649248917076
0.1268400070227
0.12693461994191
0.13654461311077
0.13671314956433
0.13700803899345
0.13618612540817
0.12700202390886
0.13677563254505
0.12624333325144
0.12627666965126
0.12670337510024
0.12461854306977
0.12648401267445
0.13645713501741
0.12579536192911
0.13578567029362
0.12561171978827
0.13606502553604
0.13601465747948
0.12715879752657
0.13670280381134
0.12687464294025
0.12560500392033
0.13525299336166
0.13552663922495
0.12569828563219
0.12483825095898
"n_500_d_35_tr_20_a_133x133_idx_6_p_flooding"
0.13939731212906
0.13861835262673
0.1392050960209
0.14100064636501
0.13972714323597
0.13906459905362
0.14063137126355
0.13972521207079
0.14073280495106
0.13974388918697
0.14078617746014
0.14092506446588
0.14106912453795
0.13933583652306
0.13897367962499
0.139148536483
0.14075717678731
0.13952528314544
0.13847112840625
0.13909294701468
0.13932899111814
0.13988888056577
0.1400521700715
0.13882766601649
0.13901586904565
0.14063131588984
0.13923804815658
0.13958012680458
0.13901989475096
0.13976142267138
0.13978694698229
0.14082244543615
0.13967957621238
0.14058195986007
0.13880747431717
0.14078320692996
0.14096617345804
0.14073116361944
0.13989547796623
0.14073015708417
0.13797980252304
0.1408156126831
0.14095188560075
0.13955857796948
0.13873179039939
0.1400008189434
0.14104761200778
0.14113446326143
0.14054981980863
0.14044255848221
0.13873211603264
0.14140837572042
0.14000611842793
0.14103711967087
0.14026444826099
0.14078512135602
0.14051931321783
0.13682060940254
0.14061878477911
0.1389066679125
0.14086259102257
0.13761731879425
0.14042801745499
0.14099179305552
0.14082004680654
0.13941485300157
0.14102260376571
0.13919469307857
0.14036886188105
0.14026067458297
0.1390764116194
0.13832132745835
0.1399786625681
0.14100524425081
0.14043775997887
0.14130247651343
0.13842825080311
0.13922347484052
0.13844174617209
0.14078596665242
0.13987179500715
0.14040888137437
0.14054525426494
0.14071049765907
0.13911868631471
0.14073042893194
0.14143995903103
0.14062575528015
0.14046553977309
0.14068556753031
0.14058015639339
0.13766406434512
0.13968398331017
0.14037291992203
0.1403983115022
0.14013944661711
0.14023296936075
0.13908577313437
0.1411414767067
0.14068501282078
0.14103755687471
0.14087869520279
0.14114613983385
0.14062766274187
0.13823855400209
0.14018442618802
0.14112024739596
0.13960819682472
0.14023068849978
0.13853452327913
0.14007893457423
0.13993189875618
0.14043539898764
0.14099048680713
0.14087486224724
0.13937244614408
0.14044545500486
0.13965325011687
0.14000162450918
0.13978740687087
0.14047178261535
0.14026869300506
0.14053908559977
0.14064554790867
0.14011086893952
0.14078100111856
0.14028219504908
0.14011061045034
0.14060755946512
0.14079285619781
0.13969437594067
0.13883273257056
0.14060133349253
0.14174389267285
0.14095329843132
0.14079083485005
0.13884258571277
0.14117562233473
0.14136507270261
0.1419479333996
0.14136579993878
0.14212186053836
0.14136468032938
0.14066888528263
0.14064214790642
0.14196591079616
0.14206965951674
0.14159258106874
0.14091088356086
0.14091014164431
0.13865936836721
0.14048290876383
0.14081517670978
0.14164219674238
0.13886548186825
0.14023961612659
0.14048293507061
0.14246512086107
0.13793452260802
0.14150509038316
0.14123567975629
0.14023674483438
0.14051372611441
0.14050262597785
0.14194877689598
0.14064185702649
0.14204266482971
0.1397431532921
0.1415963477471
0.14190390415812
0.14156300267664
0.14140444433994
0.14044567951061
0.1413809329576
0.13823933682576
0.14145528119459
0.14157039260905
0.13810105988919
0.13979668591425
0.14063007511963
0.13989238272624
0.13925543441034
0.14133950165555
0.14080852169765
0.13823469552402
0.14013839124597
0.14092195624728
0.14143511232835
0.14067083590131
0.14144951566662
0.14008397639012
0.14145006859374
0.13889442318668
0.13979137520488
0.14139849597826
0.14179618621489
0.14190095421667
0.14013934405232
0.13974072504644
0.13870596182076
0.13980913228312
0.14153145864675
0.14121586447834
0.14125400052881
0.14130511743073
0.13912231733841
0.13938000271191
0.14200816289697
0.14033991989569
0.14114329269924
0.14113742649791
0.14145056304219
0.14116193871245
0.14108213500641
0.141710950841
0.13934375154867
0.13979442188683
0.14083081685904
0.14121148718218
0.14140940349021
0.14116730306741
0.13724252793589
0.14017100897286
0.14147135318247
0.13949777907284
0.14099418123237
0.14019677184834
0.14118398549116
0.14169443970655
0.14131936480459
0.14131902387004
0.14158934409038
0.14111094787526
0.14057963536804
0.14005884803527
0.13734872969196
0.14154689307491
0.14200648830832
0.14125083091892
0.13761659451702
0.14090186590497
0.14083428181999
0.14001224277313
0.13877109267057
0.14136841045681
0.14012027413301
0.13904089696709
0.14027050576982
0.13661130188089
0.14145804551948
0.14016186067795
0.14082382365909
0.14133550851831
0.14044766753449
0.13828837859979
0.14127641418942
0.141727374807
0.14023890530587
0.14179968011705
0.13987507027715
0.14063723512171
0.14104435680996
0.14127914357092
0.14118870247764
0.140485184911
0.14101055908039
0.14033938618662
0.14026936556331
0.13643377705235
0.14132222425826
0.14024280125384
0.14097944163441
0.14148229267121
0.14133896475923
0.13986927606196
0.13655579438317
0.13927821013798
0.1392747983164
0.13741195697596
0.13991660297372
0.14126112548965
0.14059687157612
0.14179286953296
0.14191877109445
0.13944772019294
0.14059847154551
0.13974976229068
0.13954656131691
0.14013239087879
0.14147134308065
0.14026940898514
0.13866548290584
0.13918944411077
0.13935470426653
0.13912034655917
0.13971915567149
0.1382390448332
0.13757407426563
0.13869364901886
0.13994413454279
0.13869887964324
0.13719813247231
0.13950769522573
0.13892321205194
0.13810718136031
0.13810312100492
0.13842044892784
0.13697474884267
0.13778438623192
0.13848639232977
0.13788918552363
0.13676339200865
0.13906172625072
0.14052463260026
0.14042720622975
0.13826525303422
0.13932236841758
0.13959244661806
0.14039885150641
0.14101912616292
0.13909606186134
0.13883231635654
0.14019201121762
0.14090873182165
0.14020281700763
0.13781300935548
0.14073323883376
0.13769707833464
0.1401255976747
0.1403160786856
0.13907460042881
0.13786837086551
0.13887913032753
0.13921681616345
0.13750410620378
0.13921996130149
0.13924074362389
0.13942510354342
0.13951944938854
0.14081012171644
0.13928384290975
0.13890910046041
0.13739850676923
0.13855777521132
0.13918521456604
0.13924277886325
0.14004675403544
0.14067538737532
0.13944216991822
0.1383933620024
0.13991197237061
0.13925756699439
0.14087682434712
0.13906947749956
0.14096093542056
0.14103264299068
0.14069365497479
0.14040100481305
0.1396191334094
0.13954920763916
0.13995211883362
0.14003564239468
0.13778863914424
0.13730132940961
0.13960788421806
0.13959221010805
0.13963667396388
0.13831729054155
0.13902888051503
0.1388567492406
0.13922800311339
0.14054866783847
0.1390375475701
0.13758133853264
0.13928459820928
0.13918630718958
0.14036463403143
0.13866490625452
0.13706131700947
0.14037153428815
0.13944097308607
0.1380573032628
0.14001423856391
0.13805854242159
0.13825553296089
0.13817629496122
0.13976099499315
0.13746464892684
0.14028068438497
0.13856494050436
0.1374795239643
0.13966629326287
0.14008247764838
0.13993133069916
0.13902667502803
0.13746703307345
0.14024641060365
0.13821842173483
0.14009239740046
0.13998440679868
0.13730095840419
0.1368883911381
0.1397000405369
0.13893454581482
0.13917767560929
0.13970335574924
0.13787098595611
0.13941835713377
0.13855290153393
0.13961520357943
0.13936910901741
0.13798688127082
0.13925588476901
0.13732466678908
0.13798351415841
0.13749826772742
0.13958586653234
0.1376878570014
0.13781793064871
0.13928188387757
0.13964145445383
0.140181395918
0.13985707869229
0.13933630582187
0.1393232808758
0.1393007154521
0.13916468535527
0.13911247569466
0.1398973279559
0.14013920818764
0.13960813188213
0.13923680950038
0.1393863599821
0.13941330301575
0.13771529828686
0.13958100581718
0.13897568825456
0.13936780324881
0.13905859460063
0.13984485257525
0.13931167624408
0.13925924602698
0.13988594228489
0.13905739600612
0.13990562163159
0.13788413905668
0.14067234152171
0.1405798413894
0.1404298541522
0.14059036788031
0.13982602886045
0.13971406360637
0.14031428663778
0.13663422178795
0.14013244208979
0.13854523234561
0.13952926886691
0.13929407421848
0.13986306211091
0.13940001048155
0.13954573397043
0.13956996722137
0.13951268465266
0.13939053409699
0.13917372258224
0.13834716683258
0.13906725346397
0.13883299549317
0.13928221264566
0.13902168182242
0.13867337614334
0.13873690036993
0.1395383115686
0.13896206472173
0.13914449818531
0.13902443072924
0.13906409914637
0.13963459789498
0.13909829782995
0.139546669151
0.13980309808307
0.13856340905796
0.1383954136865
0.13879587102239
0.13683004322658
0.13892700668072
0.1393878743884
0.13792045876784
0.13811547220691
0.13759915348231
0.13854005904958
0.13845631640651
0.13964544992945
0.13941035459085
0.13945035013543
0.13763848543821
0.13743700916501
0.13791463479093
0.13771754206936
0.13685548281633
"n_500_d_35_tr_20_a_133x133_idx_6_p_mprt2"
0.13219454722626
0.12802281628156
0.12954365049002
0.13219596751603
0.12909295583412
0.12894824930092
0.1281515407781
0.1278801520591
0.12798539719383
0.13073115768925
0.12874018902758
0.12777402103864
0.12986364872033
0.12777402075305
0.12773578369661
0.13045457505461
0.12909726157843
0.13094022650724
0.13083687508712
0.1262659017432
0.12728455928818
0.13103705277735
0.12977972469743
0.12738574444423
0.13006920878489
0.12802153055466
0.12822960185985
0.12788624978884
0.129650398625
0.12615360412153
0.12607006502741
0.1314794209934
0.12789341380415
0.1273466914174
0.12883626087136
0.13064259139301
0.12894942460018
0.12979495560631
0.13039950445254
0.13258926637379
0.13056085457224
0.12940224706115
0.12982052273106
0.1302451626341
0.12821972179309
0.12569602043815
0.12916491383834
0.12521725154525
0.1289752739959
0.13151681143738
0.12650702451984
0.12858714596617
0.12674099593451
0.13156356193789
0.12549966821742
0.13021881032962
0.12928261943847
0.12899969008777
0.12966579175132
0.12732157067443
0.13020512846562
0.1307582170495
0.13079480550578
0.12920093232512
0.13112423353235
0.12909354559921
0.12649012017595
0.12822384938465
0.12841271025522
0.13121518840463
0.12973908656344
0.12882635608997
0.12965311377235
0.13144680969728
0.1265940862566
0.12877282467101
0.12946038798562
0.12632738605475
0.12985835768198
0.12919907884692
0.12848642966072
0.12860821680437
0.13074754267507
0.1280048988163
0.12567592758852
0.12755219656932
0.12750008911659
0.1274391984374
0.12869918644507
0.12817293139568
0.1295524280961
0.12744218708316
0.12905560040961
0.13050683055447
0.1293733655522
0.12955336721892
0.12827883108682
0.12683638886699
0.12901322496536
0.13121676063102
0.13116654569888
0.13044533048508
0.13011426221818
0.12615870419932
0.12923324354474
0.12725941813593
0.1290038493683
0.12474118476972
0.13018115905667
0.12876736341433
0.12806717419942
0.12865815605491
0.13072869877248
0.12496538400548
0.12827762630252
0.12780845334338
0.12846987116136
0.12652420150595
0.12929614730806
0.12882287825402
0.12683153829232
0.13126849425506
0.1242964425308
0.12775111216235
0.13094487809561
0.13067005660937
0.12893803145409
0.12830342577466
0.12846023007741
0.12905486014345
0.12776292741571
0.13048647357905
0.12680755779513
0.13142649871285
0.13146928799891
0.13152806802705
0.12970193554806
0.12972626630357
0.12880345185522
0.12929410832598
0.12756177394078
0.12889180337556
0.13050146120486
0.12762590648304
0.12903198110338
0.12703614861252
0.12910968409797
0.1286263724301
0.12428146156853
0.12975253126603
0.1315982401123
0.12899198479676
0.13003293924975
0.12923670187404
0.12946623082921
0.13168988915791
0.12425316872105
0.12610341145091
0.12688723948339
0.124810103423
0.12944993253335
0.12756088212533
0.12906620111599
0.13020882521228
0.12668011625114
0.13120388715478
0.13068820023372
0.13066139988005
0.1309688359192
0.13128352670368
0.13013045393331
0.12989297710043
0.13116043756823
0.13100671151822
0.12915727579065
0.12745076597413
0.13005730130441
0.12988181077251
0.12706083089779
0.13004306058116
0.12964646384585
0.13032198179265
0.12615489272969
0.12641520327396
0.1272535400664
0.13047245472281
0.12866149171268
0.12889186053179
0.12756257405229
0.12652359655316
0.128489430147
0.12838983872734
0.12832391938297
0.12731546020895
0.13052144916788
0.12888824915385
0.12867878153533
0.12738303249238
0.13141809963208
0.12598599217539
0.13043718268058
0.12728037874831
0.12619872136023
0.13268627486863
0.1270615868324
0.12968186273681
0.12586157670746
0.12592847044332
0.12967211548667
0.12924004130937
0.12865984938331
0.12604513412465
0.12602386416761
0.1283906545562
0.12740021548457
0.12973567348152
0.12904003482618
0.12914703557004
0.1257596481439
0.12884471153589
0.13003184426893
0.12889880325255
0.12787236439194
0.13091291593568
0.12850848714623
0.13026058545495
0.12836106936473
0.12515481523554
0.1279502660995
0.12950758450039
0.12895798079256
0.1262649574579
0.12922874833739
0.12842256814001
0.12887964100893
0.12986609384806
0.12567781877538
0.12745955362531
0.13413350248682
0.12868108208722
0.13206186270085
0.12693167784353
0.12759701499954
0.12447007162709
0.13013943584623
0.12836127126486
0.12497421383827
0.1285855370141
0.12904364636518
0.12826086844199
0.12802772800389
0.12787572748334
0.13064414712462
0.12950779899995
0.12691046157214
0.12863566147747
0.12542177432651
0.12833453081628
0.13047167440286
0.12551952805934
0.12551906175611
0.12937505405743
0.12693732342415
0.12802409606191
0.12837820242954
0.13000541863957
0.13039954237607
0.13007399615222
0.13211305108126
0.12721036450114
0.12495691092182
0.12895875354969
0.13031882666576
0.12785192088861
0.12745024372348
0.13026446814747
0.12887196837307
0.12810374025691
0.13127664019512
0.12728603849248
0.127800614384
0.13188798251542
0.12761496397581
0.12662209692622
0.1283021860373
0.12794890777218
0.13128784271696
0.12641038117991
0.13357420094483
0.13107527835528
0.12788806648687
0.12588209830123
0.13297873367184
0.12545511882688
0.12494716824604
0.12830846935961
0.12462704013311
0.1274400214472
0.12499378016535
0.13000909214967
0.12514994141007
0.12683126684147
0.13144378584788
0.12853488923718
0.12797370370758
0.12826627013833
0.1282646494076
0.12642544738331
0.12511043087642
0.12690200401896
0.1282800951916
0.12895950419596
0.12506954810724
0.12737267005065
0.12972206881216
0.1323204705933
0.1307136087627
0.12977342606463
0.12486951325382
0.12704441294529
0.1262965524653
0.12860612773393
0.12722727908272
0.12698345891271
0.12719327837054
0.12927911798794
0.12829176020731
0.12810758667324
0.13077397072457
0.13072007856542
0.1282248432264
0.12783826205799
0.12604383103557
0.12618938780442
0.13164820380851
0.12655820307457
0.12724422747863
0.127034646152
0.12523344763423
0.12523344767174
0.1258460690151
0.12456477368899
0.12609262637293
0.12577453695936
0.12436939694495
0.12686306405395
0.12709530752826
0.12689417746889
0.12908985643054
0.12609343987885
0.12858354032869
0.13057153098713
0.12593203343513
0.13082426605751
0.12645476047868
0.12881189257102
0.12549136311096
0.1273128643918
0.12521306902758
0.13051750457831
0.12670477041952
0.1276401457802
0.12836634175959
0.12548197888539
0.12882707717141
0.12558913765284
0.12650845435523
0.12929627399051
0.12677305780519
0.13148762487504
0.1285221242663
0.12547953383959
0.12488755513001
0.12882614225861
0.1272201663225
0.13058791969433
0.12863532714907
0.13105080818425
0.12938308262214
0.1263530210841
0.12667996606388
0.12951157305523
0.12899546747787
0.12725946835272
0.12546117912287
0.12822479454605
0.12536300233549
0.1254083042798
0.12532102138775
0.13185428340448
0.12757075210425
0.12686945214197
0.12964238271297
0.13026453913471
0.12998102232313
0.12869070054655
0.12752410678757
0.12751446640075
0.12686209819309
0.12526643641502
0.13080745798935
0.13227310047106
0.12732891560391
0.12775965820751
0.13243297592837
0.12508959598157
0.12580586259406
0.128067082188
0.12861159028028
0.12639753721326
0.12870350114483
0.1285821371287
0.12550638865636
0.12782764523356
0.12778401503278
0.12830205692875
0.12843203431991
0.12494835092573
0.12977522315588
0.12780662678433
0.12947249637166
0.12882559807787
0.13243674233182
0.12846207856439
0.1288237746162
0.12422653537821
0.12905751633781
0.1273049163666
0.12617416857257
0.13197588229556
0.12690079205629
0.12914526019623
0.12971049508531
0.12977348706873
0.12899789761138
0.12640095771651
0.12881234267347
0.12519193264292
0.12859881287184
0.12612467873828
0.12861468347846
0.12819012957671
0.12755458204377
0.13084068539046
0.12911792118586
0.12588023868441
0.1302477210999
0.12917165866931
0.12956879295316
0.1313354112622
0.12945674945655
0.12976284269586
0.12754431267362
0.13041040431235
0.12765470536689
0.12609295388207
0.13112305033611
0.12648925426655
0.12585003938931
0.12954552487914
0.12699971727766
0.13008543109713
0.12577670350732
0.12566917628448
0.12844146738922
0.12961055867454
0.12738666883823
0.13074486955324
0.12857575276132
0.12592076087744
0.127557509247
0.12847339776171
0.12718083112358
0.12971818242443
0.1320765376404
0.12566259762656
0.12589908354732
0.12435999617714
0.12653534063204
0.12732578818802
0.12678855866059
0.12990971983491
0.12711129851851
0.12734281133098
0.12806341333696
0.13264788121946
0.12747216619425
0.12524077943923
0.12603204340074
0.12590029986887
0.1258930710342
0.12809428624239
0.12692383998766
0.12658190970433
0.1291472615048
0.12493517949524
0.12505552809605
0.12526163986243
0.12606989521145
0.12444199111672
"n_500_d_35_tr_20_a_133x133_idx_6_p_probflood"
0.13854983104096
0.13802996490004
0.13763849069325
0.13689193849397
0.13945392133396
0.13892501337161
0.13762709686735
0.13691861967452
0.13883959901913
0.13913314564296
0.13927043927722
0.13876279651096
0.13972708438842
0.13905800398494
0.13761269898047
0.13994307940359
0.13948200912745
0.13866823114864
0.1386895756526
0.13682706608006
0.13850988672836
0.13756586487572
0.13798685172088
0.13847684785003
0.13940336569314
0.13715276188052
0.1383714679032
0.13765093436283
0.13994688430666
0.13609352528092
0.1372380033132
0.13934565077174
0.13894625027968
0.13788277785322
0.13830913972494
0.13959434876401
0.13777434062311
0.13940092225138
0.13772322312998
0.13932651517909
0.13913229843348
0.13772390195738
0.13852672280077
0.1384415149591
0.13877914171851
0.13645386746602
0.13872508088273
0.13638643793646
0.13767142543258
0.13860673258631
0.13773722016245
0.13808514421442
0.13748555722657
0.13894236260162
0.13645804598685
0.13838354811153
0.13869456061967
0.13897796586315
0.1385620061332
0.13831776327791
0.13692365592121
0.13816558684365
0.13931710480661
0.13947317072279
0.13813159721076
0.13825727634329
0.13740807158707
0.13696667122721
0.1378863379595
0.13863955516845
0.13901553801881
0.13915995230246
0.13890931813604
0.13884272706398
0.13738445633795
0.13750174315169
0.13964424812011
0.13728625336515
0.13886111203874
0.13864114906012
0.13867729080216
0.13859075262709
0.13933243754936
0.13753892929901
0.13655007451279
0.13829823780836
0.1382179666119
0.13845434554505
0.139136540762
0.1389515409725
0.13711350237446
0.13552492548615
0.13833511607334
0.13891955777754
0.13775488042733
0.13869804716755
0.13835338348115
0.13820268119291
0.1386224059837
0.13952000798621
0.13933688117251
0.13943331826324
0.13900316390378
0.13714093429386
0.13867016403539
0.13885896689163
0.13809588733181
0.13566791229073
0.13980497775585
0.13865122937644
0.13847597220545
0.13834407896328
0.13939246474674
0.13590879225746
0.13902179415682
0.13858953700506
0.13823616336493
0.13678363277442
0.13926768270416
0.13788247310775
0.13716108016092
0.13843415018016
0.1349028828191
0.13737403628196
0.13835752086129
0.1396194142417
0.13839348686436
0.13861152342117
0.13895664309609
0.13833249468191
0.13911370048065
0.13718471786625
0.13654216969669
0.13921811849816
0.13939611318415
0.13908940069571
0.13812800979044
0.13865881052528
0.13865639459708
0.13903428778243
0.13813601948273
0.13865588022427
0.13841508973519
0.13776288347688
0.13788646426795
0.13798091401009
0.13799817485443
0.13851141665213
0.13474083518766
0.13929441321461
0.13822303515938
0.13803343241761
0.13897095054747
0.13947682337832
0.1391018574862
0.13873072609238
0.13486146123493
0.13745841356537
0.13735756156562
0.1356721420014
0.13768505519125
0.13794421128707
0.13846720178537
0.13876783136702
0.13660301098841
0.13856395453326
0.13944228905239
0.13887863311828
0.13925948873564
0.13896351935161
0.13802820559989
0.13893759099705
0.13757999819572
0.1381233945489
0.1389256907398
0.13804358562628
0.13764480092126
0.13818430645211
0.13771690690713
0.13839043427854
0.13941306444135
0.1382677138123
0.13683025495992
0.13759740849505
0.13831598417675
0.13903023181043
0.13856927837804
0.13736482218521
0.13862066950954
0.13799147765376
0.13831462458152
0.13865128638638
0.13831411448702
0.13830927036852
0.13912772559171
0.13881542941106
0.13886057680459
0.13728033440713
0.13864827371814
0.13736103185083
0.13869735842655
0.13825965623207
0.13684741307163
0.13752968209597
0.13825223357369
0.13802098581146
0.13706915198815
0.13723290520775
0.13852322252985
0.13902417217809
0.1384072091844
0.13744537108401
0.13723023868879
0.13782213843353
0.13804756609935
0.13896808238508
0.13831689594868
0.13835063551126
0.13706249185898
0.13836600220446
0.13855471098374
0.13844284599139
0.13906299672131
0.13873228952859
0.13799681343687
0.1387759769626
0.13906691885706
0.13631144463468
0.13883234076533
0.13902096647831
0.13801012222596
0.13695966902489
0.13816839749289
0.13876974500317
0.13919167201796
0.13875213778063
0.13695810322708
0.13832582860483
0.13910437781398
0.13905783884746
0.13892345918233
0.13803248903151
0.13871260314598
0.13520143807685
0.13819198889024
0.13893718244279
0.13593329531479
0.13843364705619
0.13854572215233
0.1389247350745
0.1387512552757
0.13777499138796
0.13914102109361
0.13899325921173
0.1383701468545
0.13858745334027
0.13651379897265
0.13853440676478
0.13923918553352
0.13672844278695
0.1366630517808
0.13887036148599
0.13772751091106
0.13853028420617
0.13873180338637
0.13837116104341
0.1388016110927
0.13832500994308
0.13840157541088
0.13856332488728
0.13593794051683
0.1385328444226
0.13822598295599
0.13790565821491
0.13740569152913
0.13880531187665
0.13858232764631
0.13851381061755
0.13860229237096
0.13794126665502
0.1380474975586
0.13922282970356
0.13817851913402
0.13815921475549
0.1380883164828
0.13909394690872
0.13742488576072
0.13790705941605
0.13871716067737
0.13849030634093
0.13819625008738
0.13664618388052
0.13682478950262
0.13631001254024
0.13573078188951
0.13676745911244
0.13536205675271
0.1367855515558
0.13568264496726
0.13907666349273
0.13624929117381
0.13634369113324
0.13731982415832
0.13690607066418
0.13894129203379
0.13904417106244
0.13585153159706
0.13709276203232
0.13630047128009
0.13724615857522
0.1384467965352
0.13855677570762
0.13564442706822
0.13729695237284
0.13925741565505
0.13722168138398
0.13725799881496
0.13896810176059
0.13563255667304
0.13654783461659
0.13715700268822
0.13720841740967
0.13828480693903
0.13745806428308
0.13872710618409
0.13725253632747
0.13925640428082
0.13853653766596
0.13887825953783
0.13838752417894
0.1368966401248
0.13860552527856
0.1375438980075
0.13764123902244
0.13812138096992
0.13809066450635
0.13701107676462
0.13761492864416
0.1363397243225
0.13634238146113
0.13677147205247
0.13531036926518
0.13758045360108
0.13683400409215
0.13518520471366
0.13732793305555
0.13865515955677
0.13790074566535
0.13839788240753
0.13728954233052
0.13843140736469
0.13625678434962
0.13710789277021
0.13769581909713
0.13731877600839
0.13782021105265
0.13664146726051
0.13783513909598
0.13580394448006
0.13676857261277
0.13532173464232
0.13573335246972
0.13669395020001
0.13575836801531
0.13718706112909
0.13574601511536
0.13626404000623
0.13702381797338
0.13717322268517
0.13744523058994
0.13627627394225
0.13627981066535
0.13576826741152
0.13607448916081
0.13652104134443
0.13718781538367
0.13765412185264
0.13829872945868
0.13711801730848
0.13754109748573
0.13738101025511
0.13849221879468
0.13863493176003
0.13761133262188
0.13638527311857
0.13799295222322
0.13628753094553
0.13648688539229
0.13642074425765
0.13793110255647
0.13839908637021
0.13760019025789
0.13820785532452
0.13802371107821
0.13824101638159
0.13835856145451
0.13761858562912
0.13811099134383
0.13558411481324
0.13522053102506
0.13811101072998
0.1384660961529
0.13754697402838
0.13720797831836
0.13798566358868
0.13612179036922
0.13674579192976
0.13749986513878
0.13768100784048
0.13768307252735
0.13780435635905
0.13562276096694
0.13603634768983
0.13564537895337
0.1380611631683
0.13755358190079
0.13757820913146
0.13592959603186
0.13740121579717
0.13765819199228
0.13862254656238
0.13784688193603
0.13795571500421
0.13744238098419
0.13755842772113
0.13500875758931
0.13762507134677
0.13747799317678
0.13716828548267
0.13719008147045
0.13679899341363
0.13784302691056
0.13800760565452
0.13757022435645
0.13742508288867
0.13755945963482
0.13751468085163
0.1358618111796
0.13765889167451
0.13717485790842
0.13784553550304
0.13738612499581
0.13723454174273
0.13791724321491
0.13801652685025
0.13610177999314
0.13858256194208
0.13869984656537
0.13837445067293
0.13852277631726
0.13783265766483
0.13799329718268
0.13841250435381
0.13821621957744
0.13770077482285
0.13735636257038
0.13761739278149
0.13713269588681
0.13729364710089
0.13725804266683
0.13739432911564
0.13728784404144
0.13694811204519
0.13702157300804
0.13716064414502
0.13727898322303
0.13780552029197
0.13751513934647
0.13777204415632
0.13691005216645
0.13687049291198
0.13719377266276
0.13779725756948
0.13759412863156
0.13720272499596
0.13657944843076
0.13713733855265
0.13513071572549
0.13723884363527
0.13747430652963
0.13763739249312
0.13756138183821
0.13770968963621
0.13761908987729
0.13747837492563
0.13784243534056
0.13745514717006
0.13634897008755
0.13649685677949
0.13599746912895
0.13701088594927
0.13684206843133
0.13771833541419
0.13754027798885
0.13796847375151
0.13591906089678
0.13574501962634
0.13605254528034
0.13585644704975
0.13510537598984
"n_500_d_40_tr_20_a_125x125_idx_7_p_abba2"
0.13389875106124
0.13344832254663
0.13344199263459
0.13436065352381
0.13263022653357
0.13267300249772
0.13342290469798
0.13378376705737
0.13369994189807
0.13308112440226
0.1331815211115
0.13287939826024
0.13296549619056
0.13286550732481
0.13383722147854
0.13209405778424
0.13374881848121
0.13310978172214
0.13361771681072
0.13325230951566
0.13382101841533
0.13386417983397
0.13367431646191
0.13432440478394
0.13340284578816
0.13307084944507
0.13423807540053
0.13439361548007
0.13325929758209
0.13362263151737
0.13415025108779
0.13408393949353
0.13390254880441
0.13271756158311
0.13345848762416
0.1326159578478
0.13484472528605
0.13399280017994
0.13404954747034
0.13356300288802
0.13371817292837
0.13223950224551
0.13443347115019
0.13407784118062
0.13357550704187
0.13278066370171
0.13482885868816
0.13203803245525
0.13227569956404
0.13272367214975
0.13277399360451
0.13297450068851
0.1335317264934
0.13483119989587
0.13456855708843
0.13295879347061
0.13324072796042
0.13238228937678
0.13385496220483
0.13401070418595
0.13247445827323
0.13468769401963
0.13403574047475
0.13316764824919
0.1336178262885
0.13391539030997
0.13442584682513
0.13400102575086
0.13305240725174
0.13444038336284
0.13328394428352
0.13274039554653
0.13309250250448
0.13332601970179
0.13387937664387
0.13321863797958
0.13351927106472
0.13326827033936
0.13234287070654
0.13288263750246
0.13248975195664
0.1340793084331
0.13537119927746
0.13327310929822
0.13260765766034
0.13435560168058
0.13362457118016
0.13339605938113
0.13408914783977
0.13286020819581
0.13423903502328
0.13424619432402
0.13292512845201
0.13249970278545
0.13264103711722
0.13373288857513
0.13339128204725
0.13285138981063
0.1324345197946
0.13472338031161
0.13311377269957
0.13297829189913
0.13439900484611
0.13300178590568
0.13488796422746
0.13301559128459
0.13496636284216
0.13240459700144
0.13318893784594
0.13449761772838
0.13171110140022
0.1349437921043
0.13273455018454
0.13220615839914
0.1355681474615
0.13305393753167
0.13466087092944
0.13327624660698
0.13435433361791
0.13292522492104
0.13264058325864
0.13363119986092
0.13369620605812
0.13368448313446
0.13252890658724
0.13118078489386
0.13399372869233
0.1333792588582
0.13310718606669
0.13298578304117
0.13235725410838
0.13367160601604
0.13405366684316
0.13363706832565
0.13289475140445
0.13349813123915
0.13258246097731
0.1331500043818
0.13466947111556
0.13349618891964
0.13291799370356
0.13357946381875
0.13361781323997
0.13270066716723
0.13352640569543
0.13171644787559
0.13571007601454
0.13347585384876
0.13398457724161
0.13357211907101
0.13282865427334
0.13001376636071
0.13181363207838
0.13218807761149
0.13268440136548
0.13280802845945
0.13434614096558
0.13295593625125
0.13338016227492
0.13142942061919
0.1321013908766
0.13158638006251
0.13375845292675
0.13027076285733
0.12968287622296
0.13031148280557
0.13221758893912
0.13168877256617
0.13430536975949
0.13176692153131
0.13485149745188
0.13155547958406
0.13218136658008
0.1330835120543
0.13203835213452
0.1333722348642
0.13356405577302
0.13131560538869
0.13251600848555
0.13397128847457
0.13343985183517
0.13174283598451
0.13368849270748
0.13383587228994
0.13329731471216
0.13088736245732
0.12976334654305
0.13309517298318
0.13068900104857
0.13115292125691
0.13263524690931
0.13120622245452
0.13513602070077
0.13126971720274
0.13318874324506
0.13488519559274
0.13286760719781
0.13450582969719
0.13222243937921
0.13130867346391
0.13245844711176
0.13312170918375
0.131861230365
0.13327984366312
0.13375421384275
0.1324263610489
0.13367163941957
0.13308234040983
0.13310571993126
0.13278491779487
0.13315495219452
0.13278728308871
0.13222796284787
0.13175137440925
0.1335149692728
0.13078258852649
0.13134727896303
0.13407442526493
0.13107815945083
0.13449296505141
0.13174160363298
0.12997148912637
0.13262939439882
0.13055623808185
0.13139348236962
0.13255600936566
0.13029696678839
0.13236351100835
0.1333782933012
0.12940086378006
0.12923675837205
0.13046242048409
0.13258239112186
0.13022792250947
0.13022517139748
0.13248959716291
0.13258968857626
0.13226377631204
0.13199053318308
0.13393048152915
0.13384158601312
0.13241713457067
0.13200069138635
0.13343308103704
0.13249245264112
0.13276119398069
0.13495813268269
0.13187733997088
0.13310177242447
0.1323518152617
0.13121060220952
0.1311702335477
0.13223475264478
0.13232616685733
0.1335504466162
0.13132542938887
0.13297653664079
0.13131256100985
0.13386708779129
0.13401879801716
0.1324611917099
0.13062758089612
0.13374799674751
0.13391691712966
0.13290189244498
0.13313240351308
0.13294612087413
0.13244389906595
0.1351525681787
0.13323408292418
0.13176165552061
0.13353597494825
0.13392625290741
0.13347502467865
0.13374105483636
0.13050853237304
0.13276477705964
0.13289006362649
0.13345293820622
0.13278896014048
0.1337235021248
0.13475441082866
0.13189188977442
0.13495233353667
0.13156627506842
0.13251542553432
0.13107273056873
0.13319975759133
0.13235492440624
0.1327048067115
0.13328984547773
0.13412091899638
0.1331166438033
0.13211482829151
0.13237642496794
0.13006718171449
0.13247466535738
0.13262158714781
0.13552144055437
0.13088124638138
0.1339808177348
0.13287014936455
0.1330280866757
0.13276928186738
0.13419386337513
0.13136138676053
0.13344581335518
0.13280907889523
0.13545835116652
0.13321652041116
0.13231964080299
0.1334644250881
0.13270380046883
0.13369368384104
0.13342828996173
0.13250586322069
0.13443004519807
0.13286294286877
0.13272730129776
0.13220659560459
0.13395384887441
0.13429753056081
0.13386816369305
0.13313428252997
0.13203639017993
0.13263589619798
0.13298279367006
0.13405623724081
0.1327191299065
0.13227392146006
0.13302230467048
0.13218688185082
0.1331692822992
0.13363122986001
0.13527978591709
0.13235840332226
0.13327607742865
0.13010127694798
0.13170994594236
0.131845404628
0.13194352804
0.13542281828264
0.13360729963201
0.13409170073036
0.13171527124179
0.13183690719828
0.13112201555139
0.13249234028416
0.13344126182102
0.13357700230299
0.13164105668175
0.13323359888233
0.13231795277263
0.13187341552457
0.13293022982731
0.13369994568796
0.13265184257109
0.13336295988744
0.1333778248609
0.13309879064212
0.13299145429595
0.13198653372209
0.13269283072771
0.13145542140648
0.13238708129542
0.13258431032788
0.13358226295167
0.13288789885818
0.13407255779697
0.13302088601935
0.13296972705322
0.13301127561246
0.1325991835508
0.13315646987949
0.13400736157273
0.13230589074078
0.13188231052616
0.13253399374955
0.13319764884682
0.13257122353752
0.13285217596278
0.13346956896306
0.13338887350092
0.1330624074747
0.13445949401326
0.12974777995487
0.13247175288135
0.13412519925445
0.1321752782623
0.13318189075406
0.13369810156012
0.13287377027217
0.13163041228279
0.13025739546645
0.13064924685195
0.13189044598652
0.13421713821093
0.13297653312269
0.13099675851389
0.1336457585661
0.13287891820525
0.1337977457444
0.13462848033057
0.13364108952256
0.13083875763898
0.13327926284952
0.1313294672531
0.13104043852875
0.13295316582147
0.1321938303349
0.13182303293831
0.13385873863932
0.13338789135961
0.13286614794789
0.13436746352867
0.13464583130779
0.13254811187666
0.13181718803034
0.13320917503785
0.13366940845359
0.13208575246119
0.13373457382967
0.1341553768219
0.13155967079606
0.13355361247266
0.13325323432911
0.1327369748082
0.13387099331527
0.13256348984515
0.13406765488567
0.13228662919558
0.13250963627143
0.1321921498994
0.13408810566467
0.13197498504758
0.13288017712788
0.13396905722887
0.13289937683111
0.13389401114933
0.13294568578625
0.13373335161704
0.13302147485409
0.13091056781318
0.1312698507776
0.13346938983737
0.13197295999533
0.13128471374731
0.13113756162356
0.13239842630219
0.13424204055265
0.1333393960933
0.13188378847633
0.13342453682513
0.13389136714603
0.13398995468415
0.13309923264322
0.13315235279337
0.13147689216483
0.13132677426313
0.13157817585867
0.13337104602216
0.13108499243429
0.13382530287837
0.1335313424065
0.13342085726618
0.13325305516187
0.13382998532049
0.13308608154974
0.13396247402746
0.13272136618482
0.1328987801316
0.13266326124934
0.13424112324004
0.13349250330063
0.13363929292718
0.13299009306818
0.13233591358682
0.13267355558512
0.13304970031408
0.13333106900072
0.13352676807986
0.13373858623547
0.13258473316583
0.13254503072218
0.13141236139934
0.13374820775096
0.13523731380693
0.13278197470367
0.13280770370859
0.13221423147386
0.13331157094341
0.13341038633357
0.13240578508345
0.1334087338384
0.132721641762
0.13448548687799
0.13292017005754
0.13263087448027
0.13368759133953
0.13404983809744
"n_500_d_40_tr_20_a_125x125_idx_7_p_cds3"
0.12835085445551
0.12946089483955
0.12894830915145
0.13892078486436
0.12828519772329
0.12850544326505
0.13816615620225
0.12982947103881
0.1294864168297
0.1292519575575
0.13866825945171
0.12925616249319
0.12925714569685
0.12882418278867
0.12967612255337
0.12822349622127
0.12880586497833
0.12956708438703
0.12929350273502
0.12855214288124
0.12836689809727
0.12926471873823
0.12945787371812
0.13874183150158
0.13851959522177
0.13825045952429
0.13865481336201
0.12922053968963
0.1386725738495
0.12874417690828
0.12938710426452
0.12810698681898
0.1292886103185
0.12890743196217
0.12907132991904
0.12872068229563
0.12924846549159
0.12947778659297
0.12890643628311
0.13853010707015
0.12903917343946
0.12827925026028
0.12938596912319
0.12770094469219
0.13831901876095
0.12895449697894
0.12906039138301
0.13711432111995
0.12727177228223
0.13793812552323
0.12845122342276
0.12883066698635
0.13879442375754
0.13794953707135
0.1291543601558
0.1385363082606
0.12850808358576
0.13774233240946
0.12899474887661
0.12886632320857
0.12717095328528
0.12929829888247
0.13802348561672
0.12896407966207
0.12919004398693
0.13801542143131
0.13852020812532
0.13807141009803
0.12879706880013
0.12874412383482
0.12872245487724
0.13793035705007
0.13839108093703
0.12901926544297
0.1382822287175
0.13799735496775
0.12907399133261
0.12872608123067
0.13761264140506
0.13785361278153
0.13805639839694
0.12848084869666
0.13836733312216
0.13843659084517
0.12815540190444
0.12899098108494
0.13833301105999
0.12875240905962
0.13880033291209
0.12868649679975
0.12892314530217
0.12869652136707
0.12727430945608
0.12883650643584
0.13839836509962
0.13850706617912
0.12853084608245
0.12911413200804
0.13770860198692
0.12957892822738
0.12874318419497
0.13821352315987
0.12906493564353
0.12826529578082
0.13772623854168
0.13845400921954
0.13849644207065
0.12763063403473
0.13812173899996
0.12934129194335
0.13632539861257
0.13886961529371
0.12740715717687
0.12772823392893
0.12844144304977
0.13806413371161
0.13855193423805
0.1284714434667
0.13793676125883
0.13774600142695
0.12888336299969
0.12811239614447
0.1278025477916
0.13758668565103
0.12687546067058
0.13638056242166
0.13771480247879
0.12761788747861
0.12886711972655
0.13702223638868
0.12817223064295
0.13796240868223
0.13742545207963
0.12907442471498
0.12820800542061
0.12710335597595
0.13726609503567
0.13799309474966
0.128985896504
0.13756527298414
0.13836492191201
0.1292349542834
0.12828286292029
0.12725503811776
0.12930015841623
0.12731680843767
0.12813104629883
0.1379547604936
0.1376101906943
0.12722460652068
0.12840097496981
0.12620273889134
0.12592174296419
0.12571558694344
0.12732748421025
0.13673849361065
0.12798885136772
0.12738716731185
0.12563779203351
0.12668563575998
0.1360032483705
0.12642210842186
0.1375824958301
0.12631759734885
0.13626197622117
0.12632730347802
0.12621696796796
0.12669200617498
0.13728073734785
0.13604039207325
0.12841869502659
0.12705583825873
0.12751495901128
0.13521665390607
0.12637880215979
0.13511086281125
0.12884178790269
0.13605632163965
0.12649176347513
0.12547940412487
0.12647284499848
0.12566112968539
0.12804863531057
0.13767103126715
0.12862175405566
0.1262844365571
0.13602726847828
0.12557318172952
0.12595811213209
0.12634749988711
0.12757967103912
0.12630092351342
0.12586829055963
0.13535007298219
0.12824573764637
0.13826212397983
0.13523400047448
0.12843044614889
0.12675710730974
0.12692182976463
0.12718639658268
0.12813151644854
0.13648053774539
0.12684815680809
0.13450872714202
0.12980019230051
0.13749275130725
0.12866107742368
0.12791602866487
0.13813625808211
0.12726787965267
0.12693564465799
0.12756710939825
0.12658131824131
0.12815369616442
0.12589416185165
0.12651780812009
0.13781409068851
0.12649766000969
0.13761340105901
0.12850744049086
0.12637221729396
0.12861683335281
0.12638452503102
0.12563459460349
0.13566407806304
0.12646038548828
0.13686127306821
0.13754282655438
0.13508227246403
0.12597186249002
0.12575713487355
0.13579652162451
0.12605244106826
0.12567585403275
0.12526174771259
0.12562703783703
0.13770284232037
0.13720702572408
0.13756572924349
0.13715062014624
0.13614466271831
0.12657068336655
0.12782771983834
0.13730293029627
0.12695431221802
0.12623585598608
0.13711244542736
0.12843400759348
0.13732422650051
0.12755390560027
0.13572489687489
0.13750954548877
0.13657296105502
0.12650098584644
0.12740106594075
0.13699817166424
0.12702428947119
0.12639066947895
0.12840827746859
0.12593970800396
0.12660742967915
0.12870888263354
0.13622480710852
0.13589549127881
0.13688363035823
0.13586683955651
0.13618285534644
0.12774637360529
0.13725309449004
0.13755124267276
0.13581565723939
0.1273523784234
0.12853284486189
0.13697789062817
0.1356464656784
0.12749993807374
0.13677733456894
0.12602999347455
0.12810028173228
0.13680586081226
0.13607803250207
0.13608338846841
0.13710482055483
0.13644091977954
0.1372148841769
0.13713401312195
0.12742495293846
0.12823155559088
0.1368502765606
0.12668511629839
0.12790568548709
0.12685232325388
0.12794690762153
0.12887975507993
0.13596943776168
0.13748720085332
0.12845665270373
0.12698579387037
0.13674665723971
0.12829068278518
0.12862674105593
0.13759301038124
0.12734531527716
0.13720976194644
0.13683618516768
0.12745027064653
0.13725815569943
0.1346299290155
0.13578613079018
0.12759383644683
0.13701057724163
0.12809150987599
0.1279404324026
0.12669369682384
0.12766367809454
0.12816877005263
0.13618088176507
0.12792498427296
0.12848915660402
0.13574044582122
0.12478205319424
0.13743460633869
0.13692299642738
0.1356849743507
0.12814827149504
0.13706911393585
0.13700494881712
0.12779267802171
0.12822108483172
0.12755816973137
0.12760674223833
0.13685925252432
0.13413225876684
0.1246840690337
0.12833974501987
0.12626729400934
0.12554400567487
0.12642751953779
0.12750739842368
0.13706566525247
0.13712858666667
0.12738104503899
0.12557140412416
0.13584288897718
0.12558076458639
0.1261126013732
0.13588754184356
0.1256980618784
0.13570242969292
0.12703199820628
0.1362010952961
0.13707387037374
0.13570671280756
0.12753819260367
0.13449820358188
0.1374074208052
0.13538606474392
0.13762701082049
0.12712530931829
0.13757903147334
0.13662989596441
0.12739465553571
0.12752576802183
0.12742196959997
0.12742347346299
0.12732213523632
0.13723238388031
0.13656590006925
0.12779568080103
0.13709105405218
0.12804321839878
0.12816874659237
0.12786155522083
0.12751595181494
0.12808003118854
0.13732534725099
0.13699514868142
0.13742987593756
0.12689692075239
0.12675616565563
0.1261401840529
0.13524116760091
0.13561303061256
0.12949531995365
0.12535604873928
0.12732884106559
0.13570719842618
0.13642481558973
0.12747735834533
0.1284394525303
0.12775403343263
0.13679556291164
0.12708985463801
0.12699167865867
0.13726182543343
0.12812011978462
0.12745011362167
0.12713623940786
0.12762444452153
0.13770136561197
0.13784194788889
0.12816121348678
0.13758788644139
0.12734498889073
0.13752712313704
0.13705519685714
0.12667131069124
0.12840874797677
0.12828373693148
0.12724515515208
0.13752271883108
0.13799585538832
0.1281102727763
0.13700613897349
0.13791961247695
0.12796230203647
0.12829156258129
0.12602288430581
0.13812984932771
0.12894267835803
0.13736331660079
0.12849978789404
0.13621259348288
0.12829539082949
0.13716925864865
0.13542617625352
0.12893048950536
0.12799703358338
0.1380528115156
0.12816991578467
0.13719583911335
0.13740561759243
0.1386504819486
0.13719862261625
0.12834978523318
0.13691979340814
0.12823198571763
0.13677988450854
0.13764710274817
0.12671425087975
0.13680146604409
0.12643521290546
0.12695063388175
0.12815462783846
0.12627712716771
0.12652904399278
0.13564158995808
0.13763973903573
0.12842647337567
0.12818730444782
0.12758044746395
0.12850948374917
0.12881957699309
0.12782798787922
0.13708269182167
0.12892231841065
0.12621403362019
0.12558137924017
0.12687307535374
0.12549179505519
0.12607807125219
0.12873478254307
0.13727215925676
0.13805454482054
0.1279703965533
0.12792471531249
0.12834611868551
0.13670409186338
0.12836240614448
0.12853895785294
0.12827270707394
0.1374301315841
0.12835721425791
0.12840912513375
0.12829194112426
0.13754628150215
0.13744857061504
0.12878393140266
0.13682893184571
0.13738033372382
0.13711928766943
0.1375521760644
0.1282133351956
0.12747405344956
0.12813119568359
0.123985485535
0.13718119953186
0.12709349159178
0.13754858312223
0.12829829176583
0.12820479564323
0.13667726857793
0.13795814433431
0.12797419161546
0.13709825729445
0.12731856252313
0.12718758866277
0.12820780820837
0.13788365751024
"n_500_d_40_tr_20_a_125x125_idx_7_p_flooding"
0.14084991642387
0.14206635121715
0.141737408234
0.14251727415299
0.14105657885436
0.14130182476923
0.14121199071132
0.14226568110874
0.14214080704821
0.14206415580683
0.14196878632232
0.1420952438512
0.14209288168575
0.14162302435934
0.14237144354565
0.14069825512315
0.14165794538723
0.14236574722587
0.14167187054279
0.14139324080089
0.14122961467436
0.14194162403181
0.14207844802027
0.14224865029853
0.14172511439749
0.14147851898991
0.14200913261038
0.142125998891
0.14233863569122
0.14140807551464
0.14210263034199
0.14105454377502
0.14219328057865
0.14214682527607
0.14204640004595
0.14176644670203
0.1423639361497
0.1418436619187
0.1417500361092
0.14152888747913
0.14173496528087
0.14064135539672
0.14227934305516
0.14027385892009
0.14185960309205
0.14174290038056
0.14201601496125
0.14041276185207
0.14001511939663
0.14166788783519
0.14126537423538
0.14174297496039
0.14199441005422
0.14157036070898
0.1417534398648
0.14182951238309
0.14153350389389
0.14078993214196
0.14139673088848
0.14136591299318
0.13976060922078
0.14227239229244
0.14086593074852
0.14192095117521
0.14213313994811
0.14083334089384
0.14190677684311
0.1415157038718
0.14155716649363
0.14118211911409
0.14151405031696
0.14079490021812
0.14167715007671
0.14150496476283
0.14163627270852
0.14171309515409
0.14165754637889
0.14180449037805
0.14089649952967
0.14101829513667
0.14111809608711
0.14073301693509
0.14200083361758
0.14196634454085
0.14105773099621
0.14158776214699
0.14194787902916
0.14156746884809
0.14210638068869
0.14124001145029
0.14161121531074
0.14130522140966
0.13970860443186
0.14194804667555
0.14174869171421
0.14203027444726
0.14119237534273
0.14204290409969
0.1408013706838
0.14210581073291
0.14154790132649
0.14156835654948
0.14185467941048
0.14073940407518
0.14084265248429
0.14196412693055
0.14157069556211
0.140093455577
0.14140488761381
0.14210005890848
0.13940720485034
0.14231911647902
0.14042403479355
0.1400918709344
0.14090545551144
0.14174948836693
0.14168970324741
0.1414100682738
0.14145715762419
0.14079977716945
0.14126546548647
0.14045722291981
0.14037333758025
0.1405193350729
0.13919001407613
0.13903663689281
0.14075907028507
0.14021000094938
0.14183524979634
0.13967982440386
0.14081525404172
0.14129053791887
0.14034152162452
0.14181539201782
0.14081134513531
0.1394664004142
0.14024553779801
0.14062319930577
0.14178549156581
0.14072635970004
0.14138612189166
0.14130674246512
0.14090859216723
0.13957897994159
0.14179461940066
0.13974039146
0.14100679313971
0.14103793280437
0.14036032673851
0.14005139764974
0.14018757146582
0.13843567855404
0.13826999966332
0.13810209647357
0.1401994315186
0.13981057182812
0.14071299649207
0.13906078364515
0.13781714367804
0.13952700319158
0.13892334009986
0.13917105478952
0.14086188818611
0.13900095978819
0.1391230014242
0.13904635142022
0.13898329036754
0.13903058868995
0.14046162165688
0.13889244011588
0.14111593928987
0.1397266686441
0.13915562484384
0.13809599319144
0.13904914614787
0.13770578304787
0.1410685858127
0.13888617701678
0.13894429122251
0.13778722299539
0.13795560875856
0.13764805306669
0.14058538860477
0.14090975883588
0.14120432275144
0.13902538812898
0.1389792136005
0.13777152220119
0.13844498430374
0.1376496179863
0.14031872740597
0.13788929183272
0.13818735733463
0.13843957925673
0.14067980763599
0.14178611875892
0.13772708925521
0.14022682181959
0.13919391356864
0.1392137416281
0.1397939508392
0.140603660356
0.13928355252824
0.1393490431764
0.13671793626451
0.14057739992681
0.14035072150489
0.1412001724618
0.14053658187501
0.14108137434089
0.13978913215498
0.13957511749473
0.14009239101967
0.13907421816534
0.14014899181719
0.13835689030106
0.13852995116274
0.14102964612596
0.13886721686087
0.14159006869757
0.1402887199439
0.13866309322811
0.14051232542617
0.13864828331031
0.13782459182296
0.13804534960535
0.13881541699742
0.14003270499463
0.14078000461501
0.13728929468232
0.13830016411768
0.13812721554863
0.13835380665908
0.13839724986821
0.13783905934917
0.13727035961619
0.13808083064734
0.14057885319453
0.13995934282325
0.14047475620254
0.14047633473026
0.13881496181367
0.13892254373648
0.14014347256805
0.14038396674654
0.13959320325847
0.13855767614045
0.13980481334162
0.14074185531932
0.14023300679952
0.14032655734297
0.13820046128752
0.14017993539522
0.13918619604724
0.13869910515209
0.13947754564871
0.13967258924141
0.13933552109044
0.13883561931698
0.14064612783123
0.13805257713061
0.13889015237585
0.14061180325341
0.1391565839863
0.13857319024628
0.13955933206011
0.13822510913141
0.13849607477989
0.14047182547228
0.14013499815753
0.14038623267783
0.13834025947927
0.13972541949747
0.14103569035912
0.14053037368397
0.13806784427649
0.13977468837957
0.13954668158506
0.13806694876924
0.14066403539996
0.14027704996462
0.13889844966595
0.13850612146484
0.13996348510934
0.13932047785853
0.14095124092512
0.13982969762338
0.13995218969629
0.14092064846627
0.13944092179601
0.139022114337
0.14070019539978
0.13929489930262
0.14028251419946
0.14105970572714
0.13823936824613
0.14093262405015
0.14073965173734
0.13928643555473
0.13965195596355
0.14051082831826
0.14111683205989
0.14046423105906
0.13966754630428
0.14011656361336
0.1399895184108
0.13982361302621
0.14024451702261
0.13701871556297
0.13828762849437
0.14007248903417
0.14106435406398
0.14104029077079
0.14077264507693
0.13904376910873
0.1402263638572
0.14068682003483
0.13882350222645
0.14012214978567
0.14082736014763
0.13796972867701
0.13677262409138
0.14072006763079
0.13992170734569
0.13860156939361
0.14039656731484
0.13971742547737
0.13997656509728
0.14078509049527
0.14059638832845
0.1404323838365
0.14003851082824
0.13949139762745
0.13642157864494
0.13677214410422
0.14064224860607
0.138476543313
0.13757381946481
0.13930843796214
0.13993012576312
0.14066147850821
0.14042114028011
0.13975424564929
0.13790523436961
0.13811535518235
0.1375290069866
0.138296066785
0.13832913710425
0.1378561102867
0.13818644084361
0.13937924219261
0.13854495019359
0.139802270846
0.13784576744848
0.14016982260217
0.13659284485157
0.13995747190884
0.13750656600215
0.14055930115031
0.13956362512499
0.14053446652411
0.13945189396184
0.13987159567474
0.13997633693573
0.13989421984128
0.13989370803246
0.13974851398677
0.14031603823698
0.13957130502454
0.14051927101473
0.13991473300107
0.14026297170914
0.14082118374952
0.14022420061949
0.13972635831449
0.1401407362905
0.14031481466015
0.13969405368119
0.14081157367556
0.13934206038156
0.13900961980738
0.13817568944458
0.13778396294873
0.138180647644
0.1408032578927
0.13744929305667
0.13974490819369
0.13817022533063
0.13953140574479
0.13978608699637
0.14025590481007
0.14031592737794
0.13968005129292
0.13967932273223
0.13948331415062
0.14021159498892
0.140527335337
0.14028314816775
0.13981392779764
0.14030055165698
0.14060096270344
0.14110136634655
0.14052185855492
0.14101487864654
0.14028750080825
0.14096114182171
0.14029111800286
0.13920642450744
0.14100539954181
0.14130434289374
0.13992335478352
0.14080841624258
0.14138947193919
0.14061861673939
0.1397480869962
0.14105943643501
0.14091639227508
0.14117728709945
0.13863739658075
0.14144907578302
0.14123698653212
0.14069401128967
0.14106980484487
0.13950674980203
0.1407763350365
0.13977491109811
0.13775371209348
0.14142710159559
0.14084804446194
0.14121556195564
0.14057379866824
0.14074791475764
0.1410790931095
0.14211177265743
0.13971865409624
0.14055795027768
0.13965724052911
0.1407237489298
0.1395323831742
0.14078809885335
0.13947309391187
0.13993161656091
0.13929494034677
0.13955975234815
0.14038138521183
0.13898193993317
0.13930268508457
0.13855758581081
0.14095284783174
0.14069129591124
0.14063181817859
0.14048544104381
0.14098721761081
0.14135248784261
0.14027191442016
0.1405420602385
0.14116032407695
0.13882117642568
0.1381740545511
0.13964812601621
0.13801101188645
0.13903260927292
0.1411555053864
0.14044371808594
0.14101460628541
0.14085277919124
0.14017927685569
0.14076806456778
0.13982114500269
0.14067992792333
0.14093271548863
0.14065660435465
0.14087892538128
0.14060386178215
0.14062523363292
0.14112352363532
0.140275228062
0.13990664388845
0.14146386863906
0.14012162984465
0.14044810483741
0.14034211825603
0.14043893193897
0.14047823065411
0.13988420500012
0.14032841875929
0.13561180374325
0.1405347060018
0.13965126934564
0.14059699207106
0.14104672154827
0.14064754238699
0.13951658035752
0.14114464066048
0.14082813673644
0.13956928801478
0.13931189653844
0.1392850198909
0.14108373258682
0.14108060431274
"n_500_d_40_tr_20_a_125x125_idx_7_p_mprt2"
0.12712864282874
0.12692711166717
0.12747365984087
0.12655894360492
0.12797368946172
0.1264811023881
0.13084051880674
0.12537751481684
0.12803962742839
0.12805250755267
0.12815633190315
0.1251485155463
0.12898824354013
0.12749616591554
0.1275628085644
0.12869257718126
0.12705151437025
0.13122165668772
0.13018203301952
0.12887561140093
0.13246139944596
0.12727495609684
0.13114808258907
0.12815135044454
0.12955096362499
0.129074803056
0.12824520042816
0.12611725993058
0.12518725655042
0.12703701561606
0.13070735670209
0.12572288935749
0.12984993386226
0.12620136305982
0.12585907123841
0.12597447955873
0.12911354920772
0.12865982359655
0.12666098374053
0.12798171869141
0.13089968431221
0.12651709996869
0.12570907852154
0.12746241746314
0.12940671200835
0.12844874039015
0.13063943718368
0.12591907932273
0.12734371368903
0.12665161665601
0.12936900853444
0.12660424182663
0.13144265502701
0.12512936578185
0.13097030091392
0.12960767246038
0.12498919900522
0.12907158864601
0.12942583409434
0.1292420576467
0.12586269202398
0.12488927820495
0.1284888375756
0.12501113538009
0.13077685946457
0.12492772261112
0.12818274423607
0.12909298415608
0.13037291554093
0.12924767228241
0.12753643284339
0.12969067981191
0.1287029335927
0.12610222816758
0.12486063937394
0.12540270671503
0.12873794940999
0.12677098491449
0.1297547069994
0.13066215686092
0.12788726869813
0.12902046027227
0.12482849212483
0.1267301695915
0.12796641093629
0.12907393083782
0.1294082558483
0.12701691987225
0.12498951465172
0.12500099782642
0.12873962386754
0.13028861684601
0.12849168935395
0.12906696793089
0.12868015058778
0.12546101305973
0.12665693206072
0.12876963271991
0.13145643800821
0.12932467326335
0.1248374754546
0.12987319913672
0.12830813758365
0.12882681401965
0.12959330001064
0.13123928691369
0.12711790221592
0.12730327425771
0.12669746251272
0.12865474479911
0.12936084954969
0.12883548477209
0.1274025870181
0.12886517433855
0.12919314500376
0.12798406987022
0.12925491560863
0.12661191027894
0.12805004313201
0.12418979099293
0.12991376821527
0.12852248353313
0.12913227560134
0.13117328376286
0.13014278529438
0.12828258680822
0.12906876254269
0.12932889579827
0.12910191096433
0.13129443404993
0.12856649380351
0.12842138077489
0.1289816488208
0.1296746747916
0.13170525171381
0.12780081368178
0.12983229618073
0.13058036466616
0.12899093506765
0.12909538375646
0.13020082436278
0.12798551339229
0.13212308322778
0.1304601874015
0.12947899895618
0.12962552804297
0.1273928771774
0.12993310081411
0.12800152818311
0.1285710748139
0.12755288623242
0.12901704881628
0.12877632351679
0.12948712380461
0.12976859333603
0.13012624882984
0.12774820979602
0.12895586840005
0.12929932284735
0.13178324808792
0.12977329917396
0.12954047408052
0.12975511894676
0.12884469291516
0.13016613720006
0.12890372395103
0.12846230080099
0.13095802814925
0.12985436877568
0.12943112825636
0.12741787002648
0.13075403083324
0.12958846927815
0.13005892865796
0.13088091301327
0.12816033447534
0.12884921460594
0.12836461872178
0.12997185356054
0.1297533071885
0.12855192794982
0.13090963020647
0.12877813349571
0.13012304771859
0.13115254031611
0.12712692018936
0.13056622093107
0.13127087694838
0.12683186474441
0.1295373654045
0.12901315819973
0.13117018706793
0.13061083966426
0.12893313873761
0.13126964680912
0.1302146787089
0.12766511076715
0.12812093188235
0.12924508705261
0.12872061316278
0.12614932445988
0.13044077399091
0.12762586054967
0.13107006110612
0.12632366314031
0.13165727497004
0.12722433591208
0.12966901841249
0.12874395832881
0.12861560189624
0.12699303471748
0.12887069733832
0.13186363311582
0.1316069094026
0.12701712566149
0.12699484681567
0.12980121437711
0.12641499501024
0.12824549225016
0.12617675486699
0.1287368431178
0.12874933241354
0.13302327318008
0.12732151468239
0.1258059631971
0.12988075680796
0.12586569019815
0.12537982335868
0.12588639921107
0.1272974913447
0.12951208885628
0.12539042270152
0.12541425844326
0.1270134283398
0.12545742283004
0.12479744621767
0.1253365519431
0.13290071076668
0.12694502852438
0.12856595262755
0.12762756648603
0.12696023600804
0.12862206817108
0.12748388016409
0.12642422000142
0.125690774255
0.12691421976697
0.12943152007408
0.12750003787972
0.12693274381322
0.13045147159001
0.12792269788554
0.12597451134144
0.13378451655039
0.1299465861682
0.12648145637593
0.12825673693998
0.12886264954745
0.1267892239613
0.12956896579103
0.1256766254679
0.12837745589061
0.12533585039829
0.13085075080855
0.12814235613098
0.12884431230208
0.13062030303413
0.1289764072478
0.12532636242199
0.13199978245532
0.12823499525717
0.12908902613593
0.12547818391596
0.12786133944313
0.12856147917635
0.1291518686801
0.12767868754081
0.12764723892226
0.13040874486279
0.12626081414033
0.13122152024612
0.12536708012923
0.1302703013538
0.12756557732783
0.13179637665671
0.12894059688228
0.12791601655929
0.1313400170218
0.12865980105465
0.12554288713354
0.12537492383517
0.12988554081653
0.13316915394567
0.13108621355086
0.13008191676562
0.12797657208376
0.1281188373774
0.12925161670529
0.12659411745353
0.13093801902099
0.1284240042982
0.12437536523045
0.12588734553638
0.12869578686077
0.12880290695202
0.12916101429899
0.12847763034479
0.12660155420844
0.12411776317839
0.12437536507843
0.12975742965575
0.12493888603729
0.12599304639644
0.12948933176201
0.13107601402001
0.12844839596766
0.12559893111312
0.12529910933261
0.12728837348997
0.12766461158963
0.1267044322173
0.12812310195946
0.12891091572242
0.12487974507226
0.12796890696139
0.12697253724259
0.12503216520408
0.12461353778564
0.12611564030109
0.12713501678896
0.12664452041487
0.13502157072867
0.12538826212879
0.12512694616334
0.13119169050816
0.1271606726109
0.12570750309837
0.12877243990297
0.12523442224482
0.12926568118791
0.12697563884247
0.12584729824635
0.12780603954196
0.12531906248681
0.12951362764563
0.12748775610983
0.12718905157889
0.12833771575902
0.12979978826731
0.13046797867035
0.12778310302475
0.1272956724516
0.13148387494067
0.12680136379025
0.12831180815072
0.12645460955645
0.12680925976263
0.12892586070109
0.12828498035091
0.12428992365546
0.13097940669439
0.13083354112218
0.12744080733101
0.1304992969812
0.12478596088514
0.13009299388185
0.13082238385945
0.13131337217216
0.13226052968042
0.12682719991236
0.12920795203507
0.12638858968898
0.12636471325572
0.13066771609255
0.12644758204615
0.12818068132162
0.12861953798681
0.12817336177867
0.13028194975749
0.12958141870967
0.12859269958058
0.13006139868905
0.12639040904308
0.12658676120629
0.1263904091669
0.12830086924434
0.12845245381844
0.1284284121787
0.12702227867154
0.12997462953821
0.12887250445297
0.12706105377689
0.13055275499182
0.12676652640544
0.12607140772412
0.12872962873694
0.12654414308513
0.12818323653951
0.12644053258821
0.12932072255541
0.13453789715601
0.13142063106644
0.12729993290554
0.12886270896952
0.12556899916633
0.12519129962065
0.13031553634366
0.12744154355515
0.12629875696463
0.12825975002857
0.12720690729292
0.12951995208753
0.125266558175
0.13296756948695
0.12997426335892
0.12704857556514
0.1278783355274
0.12704487666339
0.13184908033107
0.12788552707965
0.13049583618406
0.12955060327688
0.12852864531776
0.12828974080617
0.12922120009871
0.12602763223764
0.12560968683021
0.13078544647982
0.12770093294063
0.12930012968173
0.13105810258927
0.12502593349628
0.13101887261714
0.12997796797028
0.12844200201484
0.12798141113264
0.13224376957406
0.12983223456599
0.1269264976876
0.12756893251487
0.12851315402541
0.12622188663003
0.13074522143857
0.12886116220228
0.12598411995073
0.1263402891898
0.12577778437311
0.12648216904999
0.12548284566225
0.12784403372096
0.12887972856943
0.12828858128734
0.12703647359035
0.12733016202359
0.13105489346245
0.1257622252706
0.12520545228521
0.12628767099395
0.12926315960663
0.12520797977575
0.12578935824245
0.13049312043857
0.13025682311856
0.12888736149645
0.13091462396135
0.12924103734806
0.12871527559709
0.13056772042492
0.12983757347135
0.13085833676966
0.12778063110484
0.13124591071744
0.12963456231114
0.12959818298542
0.12708232227556
0.12804265931708
0.12882974941668
0.1294529340902
0.13057328254509
0.12739721860303
0.12929891370169
0.12786314643918
0.13017840922791
0.12915619768367
0.12969892693639
0.12837922020558
0.12368259285551
0.12927539498408
0.12902864079643
0.12838121322581
0.12808992331732
0.12926711704888
0.1274601400153
0.12991186523258
0.12821230761141
0.12778450938048
0.12964444400655
0.12675157831935
0.12985467992974
0.13067710881882
"n_500_d_40_tr_20_a_125x125_idx_7_p_probflood"
0.13830027387969
0.1383455590519
0.13889855609412
0.13666217873348
0.13920810835413
0.13820746370625
0.13906481927175
0.13651179624993
0.1383010748427
0.13905854321017
0.13927482922066
0.1363720304119
0.13955242345614
0.13827448085894
0.13890327448677
0.13953010980024
0.13856433513927
0.13926457265428
0.13929265813773
0.13914014360849
0.13948628582951
0.13818282584655
0.13946479636026
0.13801571495616
0.13893488201459
0.13887638379877
0.13887986110934
0.13741138267803
0.13610684808076
0.13795516361494
0.139059740242
0.13712424229093
0.13951303598869
0.1376287237005
0.13762562149508
0.13776447125789
0.13971383312502
0.13883210581278
0.13748979189459
0.13758933123082
0.1393908247062
0.13753814905244
0.13726296889749
0.13877121160397
0.13856472405485
0.13738483327151
0.13885143521198
0.13732803322031
0.13864944973715
0.13738985104681
0.13922300622541
0.13748924444257
0.13981307721513
0.13638286481873
0.1391902684281
0.13741385736512
0.13599957931163
0.13938733366352
0.13902276289551
0.13962275939495
0.13728561438472
0.13607376360164
0.13935430845544
0.13623765477028
0.13900857767071
0.1359994768469
0.13898769125522
0.1388053812979
0.13911316379985
0.13951634754938
0.13900632673147
0.1391353724016
0.13741640662696
0.13736523193808
0.13607067858672
0.13690053545266
0.13940461007875
0.13792671021904
0.13989717933742
0.13970375007007
0.13881238482155
0.13953318033306
0.13599485727621
0.13712587290402
0.13857235909862
0.13956164891764
0.13929880505013
0.13846588487291
0.13624571112381
0.13646375572061
0.1388266777729
0.1398225996859
0.13940257542046
0.13909001753517
0.13899534350835
0.13653684542192
0.13686802979655
0.13890810407556
0.13969107885689
0.13950827797912
0.13614459313635
0.13846862936881
0.13929983510149
0.13846869212072
0.13767890886792
0.13925280489657
0.13769184000374
0.13811796402007
0.1377206425496
0.13967581074846
0.13930389358997
0.13894465186504
0.13871675577726
0.13925487794838
0.13919892583536
0.13881960341851
0.13868865859993
0.13764667178349
0.13774581323897
0.13515707923507
0.13990686582828
0.13925360307057
0.13978819050608
0.13979073151556
0.13963654716933
0.13953497559852
0.13914421162031
0.13981334440664
0.13976382032659
0.13999170991493
0.14017023870412
0.13966202090469
0.13929853420609
0.14013469710433
0.13959952095551
0.13925350019052
0.13940604363673
0.13927948584328
0.13922202741415
0.13985025163098
0.13975715507585
0.13911030107137
0.13988495789256
0.13960309396744
0.13932352733577
0.13917264537574
0.13891300790939
0.13944765223973
0.13874755467019
0.13921425795818
0.13915302036062
0.13923705000287
0.13932468882344
0.13926847068295
0.13891250837054
0.13919345941359
0.13898713768832
0.13897954420294
0.1389262693117
0.1396399474403
0.13931968284873
0.13904278289204
0.13945210775157
0.13905417214011
0.13904527745423
0.13905950112711
0.13885019389563
0.13937452623575
0.1395422793304
0.13917411852066
0.13893174265488
0.13892938309503
0.13861851157118
0.13943297717565
0.13931512928859
0.13894556768611
0.13919434500733
0.13906786655706
0.13912633612305
0.1395378934974
0.1389762346486
0.13961489838573
0.13911825767574
0.13897436370197
0.13894527831126
0.13838721268488
0.1393637547679
0.13972952526028
0.13829502137234
0.13880081191021
0.13923140513759
0.1392235221183
0.13920475404809
0.13932302033308
0.13834886857085
0.13821828570372
0.13847623286579
0.13799683310979
0.13859542139866
0.13875109312366
0.13776791141986
0.13847496486259
0.13878475031299
0.13864189887083
0.13789785256097
0.13957934236123
0.13803770235846
0.13880199709187
0.13877059726375
0.13879834154742
0.13843314836666
0.13919067070885
0.1388763165118
0.13911071436985
0.13813630452608
0.1379618865856
0.13862761477993
0.13713613582306
0.137985969034
0.13666512771175
0.13899316152756
0.13699144232018
0.13913863363742
0.1385655568954
0.13674901911786
0.13821405055684
0.13689777406362
0.1363175858063
0.13700749619818
0.13822983220834
0.1385395759477
0.13647169674257
0.13644794815467
0.1365139990989
0.13655606131507
0.1357252198174
0.13641279871683
0.1389706199522
0.1380859497129
0.1384290873278
0.13848778167752
0.13715303168772
0.13847914422289
0.13840378245009
0.13782522094373
0.13680275566699
0.13787016446352
0.13822963298264
0.13850472230757
0.13845902930661
0.1382881822267
0.13784982944072
0.13731403342414
0.13779423394562
0.13771360127383
0.13741341701518
0.13708019983926
0.13839013516418
0.13699126177582
0.13868344163977
0.1371290382301
0.13760746906643
0.13676948232726
0.13825523879059
0.1383802921661
0.13794244975619
0.13864157330105
0.13830408227943
0.13627325429663
0.13627360622004
0.13809181271184
0.13716152213861
0.13715891356206
0.13818532548978
0.13871618020772
0.13801970510424
0.1381391177168
0.138506709247
0.13833539418524
0.13769396357351
0.13861028443355
0.13699663375634
0.13883804456593
0.13825070632564
0.13752681900743
0.1382653737387
0.13874800445857
0.13825291798969
0.13790835649015
0.13536310194455
0.1364822759944
0.13789877074303
0.13858379560595
0.13825117569511
0.13906990255499
0.13859924642273
0.13715786612547
0.13819283306342
0.13699472342723
0.138289914448
0.13847680435974
0.13509883559562
0.13698924104634
0.13850071769992
0.1386826228479
0.13835631099335
0.13868824112347
0.13756121666717
0.13476849168467
0.13509749198308
0.13863975579339
0.13582368247993
0.13764764171166
0.13818646435839
0.13843328840485
0.13767707918377
0.13671891783536
0.13637591943539
0.13792942487543
0.13803389195022
0.1378959872801
0.13780860008733
0.13783311768533
0.13578212281306
0.13790634062781
0.13775022064258
0.13611083327912
0.13567276500151
0.1365365236579
0.13762038233496
0.13772570861535
0.13651028348314
0.1361417301348
0.13606958663392
0.13807819918703
0.13703850019969
0.13653503590141
0.13789558241297
0.13630997582362
0.13811053482935
0.13718289721673
0.13628242307851
0.13694427941158
0.13654542115477
0.13744077851502
0.13807928368551
0.13845895541891
0.13767375332517
0.13859295174949
0.13786335543216
0.13780976208228
0.13736967960195
0.13825083593207
0.13683239990471
0.13798923045466
0.1377881449219
0.13617565427451
0.13826900488705
0.13819965167532
0.13496727341845
0.13792651267952
0.13833101262989
0.13831889030912
0.13760989821073
0.13584165996291
0.13846271117591
0.13897494042242
0.13823351652853
0.13853262225886
0.13774348824682
0.13801969894648
0.13794558083052
0.13636075287648
0.13872849388986
0.13764324436033
0.13755559642644
0.13780679501966
0.138096884199
0.13771997290547
0.13878310603831
0.13787874590458
0.13807719532586
0.13779406402469
0.13779591757069
0.13769544759288
0.1382695885107
0.13834072565118
0.13782603843048
0.13832822623399
0.13879435144373
0.13821070169863
0.13837520745531
0.13898252926455
0.13847235276751
0.1372909588633
0.13921430050547
0.13793037349972
0.13855284927506
0.13637516644877
0.13941439279393
0.1390827136567
0.1377196176461
0.13897810181237
0.13913064568421
0.1369821395321
0.13550103482573
0.13865063928227
0.13845445071403
0.13781078454915
0.13828080865158
0.13766034709198
0.13803506566027
0.13591123087313
0.13883281489107
0.13885930836746
0.13795026451989
0.13825293462208
0.1385728406723
0.1379158868721
0.1374990103976
0.13848472200337
0.13840851175362
0.13851466352877
0.13769205377597
0.13858224229741
0.13723474298473
0.1365245255967
0.13850932804016
0.13897545788456
0.13917198021737
0.13891736724971
0.13611335050058
0.13927126201383
0.13640971458742
0.13898443773404
0.13905373612129
0.1400301686322
0.13836177571361
0.13799930776069
0.13858121097462
0.1374537990956
0.13786188787842
0.13823898464516
0.13832963994727
0.13771099430379
0.13799123357959
0.13744813157879
0.13749688061904
0.13709631221599
0.13828296004067
0.13875878018732
0.13866669118394
0.1387382399017
0.13796787639588
0.13892789558148
0.13732121475823
0.13668355454589
0.13800039629463
0.13844054624259
0.13652237216217
0.1374334605314
0.1375181997165
0.13841945266267
0.1381844048285
0.13866526334224
0.13886146741606
0.13871750665343
0.13846344446996
0.13875125911354
0.13901947773459
0.13824312298821
0.13831658689226
0.13907227365366
0.13901116090371
0.13834077847368
0.13816121436342
0.13909047155796
0.13870922137678
0.13916546871789
0.13813467491791
0.13845307898432
0.13806878938171
0.13869403935372
0.1386964950361
0.13815611593215
0.13840046147033
0.1340340558554
0.1384917290131
0.13801427122129
0.13875151969679
0.13884605735008
0.13785642793363
0.1386957323133
0.13779571779348
0.13873636830316
0.13884777232494
0.13769571375396
0.13758739948375
0.13901083804455
0.13902232383336
"n_500_d_5_tr_20_a_354x354_idx_0_p_abba2"
0.13343671691916
0.13290391008837
0.13691800991317
0.13573530013319
0.13554735607511
0.13488303945263
0.13573170803918
0.1357357584191
0.12728992968189
0.13691650057319
0.1358339343565
0.13640408983727
0.13573305602995
0.1354259262818
0.13193071707639
0.12874605095974
0.13708042178668
0.12894240317043
0.13532775188158
0.13662653424397
0.13349096850081
0.13089760320912
0.1362140315734
0.13688418494574
0.13619480414199
0.13298495502591
0.12620530039525
0.12611211560686
0.13594333413737
0.13502095025803
0.13656820403428
0.13570497558209
0.13549818403633
0.13511118931509
0.13591676763218
0.12610982774954
0.13655041766658
0.12596337705668
0.12567078770467
0.13574222535103
0.1357329498355
0.12581772833219
0.12574784023168
0.1364837236302
0.12604043225718
0.13604122743451
0.13542339431918
0.13523142519747
0.12618737641014
0.13571380949065
0.13191530104952
0.12951979428649
0.1344268579905
0.13597749085443
0.1353671174466
0.13183166609401
0.13614815764763
0.1357253995012
0.13574733267784
0.13616345846068
0.13703209995213
0.13615144441451
0.13572554834106
0.13566272519033
0.1374072759491
0.13528667048729
0.13577793138958
0.13594581826457
0.13524893019841
0.13584318669365
0.13546585933161
0.13093438917299
0.13132357275068
0.13544269257278
0.13631126591428
0.13263000291614
0.13555894587364
0.13621447266297
0.13545850638574
0.13679373289285
0.13594581834455
0.13647543864002
0.13544666807167
0.12653195596467
0.13638618977837
0.1359458185392
0.13644641072173
0.13501804959039
0.13675995418601
0.13720688577523
0.13605405883493
0.13605585083997
0.13609759715675
0.13468744902997
0.13551878673502
0.13545044234902
0.13589782591416
0.13480705564891
0.12718178954924
0.13651051107599
0.13645442643174
0.13645256318185
0.13565311052787
0.13080073878345
0.13650315952145
0.13295890990494
0.13168666658041
0.13603709084865
0.13683001621857
0.13614537895754
0.13354968809415
0.13071361772693
0.13566283671148
0.13493507002774
0.13669990763554
0.12589875211356
0.1357892101455
0.13583169001213
0.13388044829126
0.13660184473404
0.13588934347959
0.13625677008996
0.13620484170542
0.13608180755477
0.13594652604405
0.12695337021625
0.13611027804404
0.13682585945255
0.12589875208618
0.13578921014018
0.12575180805764
0.13657747578598
0.13450956833132
0.13330549571196
0.1370096676065
0.13579010170521
0.13417254404003
0.12544998410641
0.13649108219767
0.13094725250915
0.13587998733333
0.13573351405439
0.13022777373004
0.12972749627778
0.13388044826457
0.12604583376947
0.13159610496517
0.13489518864727
0.13550347577058
0.13593874687162
0.13535159905301
0.13594031148345
0.13511484892929
0.1255969280114
0.13539947572327
0.12559692815463
0.13625253401454
0.13516079504188
0.13570628258238
0.13511320402121
0.13570396834945
0.13588069358203
0.12764169263711
0.12559628828922
0.12559166417199
0.13565442202599
0.13564497819118
0.13634968422758
0.13564381885083
0.13604895507282
0.13534122928418
0.13619584189487
0.134733724167
0.13587946550474
0.12628165941339
0.13543411212479
0.1353900566269
0.13628593752579
0.13593557805972
0.13470170062392
0.13598829353062
0.1347177994437
0.13622521148565
0.1348878363394
0.13562740463892
0.13489969572836
0.13634217316956
0.13400143637585
0.13362658331326
0.13601133124072
0.13576521455077
0.12804200614428
0.13312658188966
0.1347879445121
0.13616813337355
0.13593737014038
0.13495654184389
0.1323191348985
0.13543567270284
0.13514570182705
0.1362653376678
0.1363252421907
0.13504753232964
0.13690552423493
0.13623787311627
0.13269196685898
0.13600501340722
0.13610130796555
0.13590522781302
0.13594413458644
0.13731491564538
0.13732210287605
0.13198392187853
0.13471356269551
0.13471356268127
0.13659279323351
0.13638630294832
0.1340404980748
0.13335318310269
0.13426285232244
0.13172189178165
0.13683803184511
0.13578142668693
0.13648312723421
0.13625286952112
0.13665790203101
0.13658999866548
0.13658130519123
0.13729478616018
0.13572094092946
0.12979319035669
0.13293427514168
0.12753464238732
0.1370617026832
0.1305008189264
0.13281670939822
0.13507802461204
0.1362779731381
0.13584421761707
0.13653721942731
0.13743619218964
0.13664753707079
0.13581505947383
0.13676158256555
0.13618830189377
0.12850992760649
0.13631249810147
0.12812730291289
0.13147908378536
0.13553243561199
0.13564728234239
0.13643265012351
0.13648252626751
0.13638469522337
0.13659340442717
0.13531711639208
0.13582887481505
0.13351229143161
0.13524409257466
0.13288744201516
0.13658383528925
0.13683853158941
0.13663603418091
0.13182071825551
0.13103827853369
0.13573128175994
0.1352379803914
0.13596390106837
0.13584929348718
0.13654081388615
0.13573177480976
0.13593849465757
0.13532510931564
0.13593146725761
0.13660623401292
0.13633183988003
0.13581751869445
0.13623141349919
0.13708847707325
0.13531703188837
0.13664468428985
0.1347179891661
0.13626071333796
0.13595419179085
0.13561202026189
0.13638842319906
0.13626080203395
0.1360523676261
0.13672177314817
0.13667957281305
0.13600244790816
0.12685665848299
0.13622958154522
0.13639475109125
0.13700391347289
0.13606353615793
0.13504776186027
0.12514150427437
0.1366958191713
0.13750659618621
0.13660554368908
0.13638883886842
0.13617179859605
0.13565243094895
0.13638930640267
0.13332385272069
0.13534214715899
0.13475443853085
0.13604040847944
0.12534825287444
0.12521206383612
0.12514217245216
0.13600103685599
0.13567147560615
0.13595737543174
0.13511887505584
0.13598758797683
0.1356222015223
0.13574069923382
0.13531891072166
0.13486023248044
0.13657033113421
0.13605359196234
0.1353646456856
0.13580147625141
0.13608623861962
0.13582842163028
0.13570329756721
0.13568476127083
0.13599818784185
0.13664760340038
0.13536207023235
0.13516352487647
0.13637019305994
0.13597672638525
0.13682740252246
0.13579916976141
0.13579916982115
0.13653484128469
0.13162614133121
0.13093858714715
0.13640930234922
0.13663680581979
0.13482736447543
0.13667740401157
0.1343467084363
0.13452427998042
0.13614200702727
0.13599658216379
0.13639957063104
0.1357714497898
0.13595856279434
0.12756328521239
0.13629286355724
0.13556212706144
0.1357264339637
0.13521961895994
0.13392163108191
0.13611651486824
0.13573984263455
0.13595492891139
0.13583868605217
0.13553046209168
0.1362920910653
0.12980185862291
0.13595250560769
0.13618198525302
0.13674806783711
0.13618189000521
0.13479401573002
0.13699951443262
0.1362635732259
0.13623957394951
0.13591457961449
0.13647008659497
0.13685480437654
0.13634947260832
0.13530470908085
0.13583330996496
0.13546130033222
0.1362471927148
0.13647519323207
0.13667995311649
0.13656402143098
0.13627538449456
0.13411551241197
0.13509285301187
0.13624266573808
0.13547198876894
0.13632976721931
0.13573525460988
0.13587220795747
0.13541885153731
0.13710401300414
0.13562499171749
0.13593978874125
0.13631011568557
0.13573117068948
0.13592365083726
0.13604154870155
0.12791101168283
0.13680752375391
0.13545673614005
0.13568973344007
0.1360403653232
0.12494502997421
0.12521523778233
0.13531104089219
0.13636983285481
0.13485275818595
0.136472616844
0.13515673618033
0.12612520606139
0.13552032493905
0.12500953595079
0.13544303235877
0.13548835148791
0.13462433935357
0.13480193401046
0.13521716824145
0.13510393402417
0.13572020450071
0.13615857544923
0.13479600660781
0.13588582870078
0.13557491794142
0.1358109325974
0.13644009451911
0.13246106874411
0.13489388900365
0.13647124170382
0.13616347304808
0.13550137696116
0.13576190111186
0.13606116043171
0.13585474234976
0.13582959141343
0.13198916898314
0.1365170737033
0.13668991683886
0.13577931926291
0.13528296428398
0.13618933294986
0.13575828541645
0.13603501947197
0.13559968659338
0.13511187134695
0.134815488
0.13508195133264
0.13512588811158
0.13512588811771
0.13639973311256
0.12913414052642
0.13609290915422
0.13613363201142
0.13538763086702
0.12545216012408
0.13520050375692
0.136214287349
0.1365140206162
0.13597057533192
0.13671614735193
0.13071616104104
0.13503366569293
0.13434707165133
0.13594290110546
0.1363930246423
0.13611252588708
0.13543341040849
0.13535670464175
0.13272199275242
0.13589915559711
0.13651587101632
0.1360369541323
0.13664019424652
0.13531191727742
0.13592657338859
0.13617905918341
0.13659507449632
0.1356617709149
0.13430310408371
0.13493455515252
0.13630942464028
0.13430572379484
0.13630196619081
0.13653859502205
0.12832692223728
0.13635120633596
0.13603940962282
0.13603940959752
0.13658418195989
0.13413235974556
0.13651438318801
0.13599282690234
0.13373733940429
0.13524714603854
0.13481932812529
0.13481228811989
0.13455615536225
0.13491293213297
"n_500_d_5_tr_20_a_354x354_idx_0_p_cds3"
0.12412285259542
0.13410776784855
0.12450109648488
0.13381444748877
0.13385944408209
0.13409948335198
0.13381351127009
0.12409528586852
0.13364113105973
0.13445280832951
0.13381471350532
0.13375903995393
0.13364077122148
0.12373267331781
0.1341754786563
0.12480653725229
0.12459121725256
0.12480653736439
0.13355027620255
0.13398415628391
0.12468702549261
0.13438437555514
0.13416666434526
0.13475939185041
0.13375358473312
0.13419405505203
0.13376090932075
0.13377160063135
0.13357591146311
0.13365922859175
0.1341627030207
0.1334987485406
0.13400127939947
0.13364095021703
0.1336277376691
0.13358517964648
0.13410093848376
0.12395848188788
0.13327493761985
0.12370183307126
0.13387834300002
0.13325107770431
0.13334638038884
0.13395361113536
0.12384713968251
0.13395876249089
0.13378153928444
0.13364987021511
0.13346898113367
0.13408558336331
0.13399465693716
0.13427230135854
0.13422850700551
0.13363621847108
0.13294677370337
0.13389570200343
0.13440109414074
0.12411858016402
0.13318443845543
0.13376327757079
0.13461468529091
0.12417808268596
0.13364165220677
0.13284499433071
0.1347075270326
0.12434359431682
0.13349000815985
0.1336990249108
0.1235667530291
0.13379112985915
0.12434617633434
0.13379113119825
0.13450878665116
0.12328502391177
0.13383748750157
0.13461786816585
0.13366713670003
0.13394824563948
0.13356322901355
0.13428068262198
0.13369891077914
0.1338138271412
0.13465341444118
0.12434617517421
0.1342422280867
0.13369900471278
0.13404354220919
0.13295401645732
0.13415812093918
0.12472776236604
0.12380156869746
0.13363781665137
0.13356039610205
0.12318336008376
0.13349476077786
0.13377676669263
0.13346624023568
0.12346252838065
0.12397267587936
0.13389418403963
0.13383055811166
0.13382867975855
0.13329925144056
0.12396707736686
0.13392061891951
0.1240406400726
0.12400108709192
0.13389461872264
0.13373395731642
0.13414887341871
0.13422233743119
0.13377162322658
0.12378788851572
0.12366035930419
0.13450300787545
0.13329604046112
0.12392851304066
0.13344228502632
0.12328486416794
0.12469006944994
0.13346928619052
0.13392109694372
0.13398905505501
0.13368529906367
0.1235565666182
0.13344631760954
0.1336274129089
0.13403573184519
0.13346573011919
0.1334470918245
0.12376610335
0.13407051221707
0.12369939522832
0.13434889351138
0.1342366862614
0.13389914776531
0.13308902424199
0.12318092810641
0.13376829038492
0.13451791077398
0.13503581470415
0.13343094541528
0.12399980369877
0.12462543513934
0.12328486418394
0.13353700283428
0.13495831232804
0.13322883259869
0.12403264896847
0.13403267543381
0.12421589733368
0.13406148720755
0.13335099548867
0.12328153614074
0.13346219963337
0.12328153617654
0.13414235526601
0.13390448304512
0.13356549097572
0.133354579414
0.13376199050297
0.13369184805603
0.13392571014726
0.12328614427758
0.12343116999845
0.1334519288784
0.12369850066752
0.1337497457017
0.13355317603576
0.13389432591871
0.12379630696311
0.13375718532515
0.13444704687795
0.13353576402008
0.13375121549887
0.13366203045223
0.13268352008439
0.13391078551075
0.13347700370202
0.1234474240711
0.13369785826246
0.12459354161634
0.13388999895609
0.13459243495187
0.12343551214219
0.13497412013208
0.13375142565312
0.13474773923852
0.12499659622839
0.13390797573943
0.13295052807814
0.13429328213809
0.13488778688007
0.1231737601148
0.13391903255577
0.13363882138926
0.13386046774222
0.12328691213193
0.13320808204333
0.12355336987839
0.13382122182473
0.13384151244114
0.13345333519124
0.13414433629218
0.13392697761808
0.133291264
0.13379343840587
0.13400264379269
0.134290838675
0.13384017195105
0.13392212255899
0.13433072033169
0.13438388525802
0.12328693778589
0.12338511377762
0.13397112308295
0.12398779550999
0.12435026029629
0.12444788284443
0.13414456298436
0.12489004286277
0.13364717724256
0.13393931874343
0.13350285144443
0.1339124888174
0.13412443236895
0.13425449578699
0.1335013507567
0.12431269693456
0.13404462125487
0.13436081625496
0.12483935183902
0.12412774041106
0.13385522290227
0.13420653231614
0.13391055117398
0.13390878863192
0.12393590560983
0.13339161627436
0.13388938382222
0.13439125035268
0.13393408031609
0.13360043889411
0.1243364807727
0.1339726305801
0.1243182879483
0.13393003995139
0.12452850282006
0.13428636413171
0.1338435092413
0.13432387612026
0.13394807056952
0.12396244446682
0.13377879648213
0.13401367948076
0.13401226972496
0.1335696683155
0.12499435905632
0.12407231872464
0.12407231836604
0.1346177924004
0.12445199626632
0.13386762624608
0.12453962220955
0.12410277993613
0.13393609337411
0.12387246689555
0.13410669638392
0.13391331674163
0.13365976421079
0.13384348627363
0.13385561780593
0.12392298752713
0.13394952053189
0.12406062573665
0.12386658524471
0.13368016802664
0.13395960231065
0.13423176964959
0.13356683620453
0.13380080910502
0.13370060648168
0.12402972681172
0.12404678465671
0.13369213220911
0.12428660382145
0.13384689709273
0.13347168051994
0.12424224966226
0.13393051003878
0.13309273612961
0.13382775506767
0.13367106665248
0.12403960488355
0.12471628829091
0.1335167441344
0.13390297170877
0.13342220924321
0.13373302731957
0.13441599814608
0.13402077240639
0.13335599237339
0.13453553726597
0.13328661781475
0.13335630200695
0.123186304
0.12348362412548
0.12376919641661
0.13378105436793
0.13340203098554
0.13347565679954
0.12366508886476
0.13345116926182
0.13386709020086
0.12347046488033
0.12346280597873
0.13350561037353
0.13375362135264
0.13377044499907
0.12392676060745
0.13400122670417
0.13384033465731
0.13404841720462
0.13409272916218
0.12356109184662
0.13353141146435
0.13355837915017
0.12336473807144
0.13355580606439
0.13395809429141
0.13391680561684
0.12318451212558
0.12344388907429
0.13410819741661
0.13339954204018
0.13433676775191
0.12348969070132
0.12329359941365
0.13406159038934
0.12436499950193
0.13408125009438
0.13366794155253
0.13413975989112
0.13298304030099
0.13403921093838
0.123279104
0.123182208
0.1336474360908
0.12410033841976
0.13411939685209
0.13406415265149
0.13392520593694
0.13402125620609
0.13378375109229
0.13385382209513
0.13376867708743
0.13365708976881
0.13404833316806
0.12386673307812
0.13318080029359
0.13363470561151
0.13375327474456
0.13348954174376
0.13383260351549
0.1240215257663
0.1239692372131
0.12390691665784
0.13401408172945
0.13372186523793
0.12348377712159
0.13407619104526
0.13382162338568
0.13391838325186
0.13396610147353
0.1240210541282
0.13419059208965
0.13369882488432
0.12357087119819
0.12395516961018
0.1336723205059
0.1338715059064
0.13406275537297
0.12408686642596
0.13453977378378
0.13388186494172
0.1338815774303
0.13346503249204
0.1340411811853
0.13425894352017
0.13397745447718
0.1336329420967
0.12430602698843
0.12374494220923
0.13427114120239
0.13390494823169
0.13381348235571
0.13382832975511
0.13395068497209
0.12437271249766
0.13384761521457
0.13381450616073
0.13398968360068
0.13367644943721
0.1234616285277
0.13367901738091
0.12349107513336
0.12370494605511
0.13353577488907
0.13409575425991
0.1235714538239
0.12407079459332
0.12394045577855
0.13356173042227
0.13366557386316
0.12359270401481
0.12373286394848
0.13346064063394
0.13366850940151
0.12339020817213
0.13356310519325
0.12357977611091
0.13356636779081
0.13395566769602
0.13345155199819
0.13369710657324
0.13346048636615
0.1337284536694
0.13370172405691
0.12328972813043
0.12342857171544
0.13380622237505
0.13352349489213
0.13364814701238
0.12352448383878
0.13352347880928
0.13326414816755
0.13376889974131
0.13380790803579
0.1341404713026
0.1338926270189
0.12371529913293
0.12346735885228
0.13335597483526
0.13356966420503
0.12362409714714
0.13345231571733
0.12361307211829
0.12347059201437
0.1231875841027
0.12357089365785
0.12357089360124
0.13423621583941
0.12399851677355
0.12463135705328
0.13395276061081
0.1235597299682
0.1231813156845
0.13344294549817
0.13371958998208
0.13396445020219
0.12375174703248
0.13396408015582
0.13428923886775
0.13415540837624
0.12430599322184
0.12377082663899
0.1341363661995
0.13457494040949
0.12318182429359
0.12380608201572
0.13374762033392
0.13348215216836
0.13396669344739
0.13374179980709
0.12411366803358
0.12318118422927
0.13340518551642
0.13373790536301
0.13389942598041
0.13443211694302
0.12317760020927
0.12318067211082
0.13388538081424
0.123187584
0.13361409524646
0.13396280227387
0.12369901205311
0.12367859229835
0.12339545614585
0.12339545613721
0.1337312356887
0.13412724693143
0.13394963873101
0.12377408068298
0.13379399316455
0.13343318492318
0.13345824005855
0.13344179256858
0.12318297616987
0.13337885605728
"n_500_d_5_tr_20_a_354x354_idx_0_p_flooding"
0.13553382025221
0.13594709706305
0.13626562046068
0.13565565947291
0.13554142172759
0.13584755252679
0.13559627130375
0.13565597546382
0.13560701318504
0.1364371432165
0.13565559442363
0.13586324297827
0.13560550205638
0.13533134229774
0.13598869757939
0.13674709905874
0.1364911557708
0.13674563741992
0.13533153587522
0.13570202971596
0.13633679061503
0.1365710759906
0.13599645697098
0.1367496647852
0.13568143528931
0.13642535173026
0.13578721258473
0.13569993164912
0.1351748929916
0.1352175103094
0.13580094193907
0.13520074303507
0.13582345372077
0.13520756068929
0.1352130539733
0.13568965345934
0.13584556174508
0.13545924111144
0.13505057736724
0.13518365751112
0.13565440633927
0.13527105603365
0.13514816963456
0.13564282673439
0.13550556567392
0.13568652002803
0.13543133946109
0.13521146232586
0.13570646734713
0.13590123275717
0.13564392675376
0.13618887337344
0.13590158375627
0.13524436697563
0.13491417625626
0.13598695942221
0.13623437025999
0.13565697310384
0.13516067894442
0.13560309676298
0.1364809015306
0.13598820804614
0.1356569728319
0.13513264995482
0.13649978781556
0.13586581303285
0.13540833197222
0.13581829317463
0.13516960761871
0.13571444795006
0.1359687352857
0.13571435398161
0.1366358751145
0.13492205313724
0.13567133299557
0.13647513405982
0.1354620562466
0.13577055194799
0.13565667585203
0.13606801994021
0.13581723589899
0.13562616630772
0.13648185539533
0.13596530946254
0.13610465764748
0.13581723362711
0.13600609587539
0.13492211207176
0.13586769633915
0.13627550930901
0.13544999509927
0.13544286270055
0.13523027697211
0.13471014408376
0.13548266305533
0.13558376798386
0.13501299240446
0.13492894457052
0.1353766873002
0.13586373946769
0.13587300663983
0.13588980615916
0.13535523543305
0.13539229004061
0.1356492244328
0.13560885043416
0.13561833053855
0.13563362673294
0.13587345285537
0.13591785714685
0.13599424617119
0.13573864609782
0.13515616361919
0.13539751132074
0.13632571987144
0.13531729646717
0.13558735703954
0.13499649446087
0.13493351152437
0.13632808028598
0.13513120351642
0.13563463703334
0.13574180934323
0.13584392023491
0.13518341553767
0.13558821159772
0.13523076746877
0.1360554341289
0.13546563678544
0.13558841354754
0.13505706619996
0.13607799625163
0.13532099314125
0.13620018584089
0.13627022710676
0.13562739572376
0.13524352411352
0.13460774410641
0.13543679329568
0.13640657583612
0.13699198115097
0.13499077791729
0.13557799995898
0.13639393357243
0.13493351516979
0.13551803034033
0.13696102203156
0.13499126483964
0.13541694392592
0.13575693750012
0.13575423766446
0.13580829013536
0.13521360182423
0.13482048517231
0.13539667986365
0.13482048296132
0.13598899212926
0.13573045877082
0.13546122267309
0.13522573323601
0.13559573278892
0.13564517976813
0.13577121614309
0.1348106906838
0.13484323592047
0.13500628158676
0.135202307863
0.1354634598582
0.13521277746968
0.13566609108485
0.13531319133262
0.13545206867452
0.13628068638974
0.13521104281684
0.13580391714288
0.1354354928004
0.13511503904986
0.13576050571428
0.13516279782531
0.13482995504346
0.1355197299225
0.1362564885218
0.13573527157463
0.13644627734946
0.13491763453402
0.13686687603263
0.13544454498743
0.13663959878664
0.13665707133893
0.13574530932212
0.13533632531043
0.13624667193656
0.13678252052977
0.134609024
0.13579265681983
0.13522308824682
0.13548711107108
0.13470617632983
0.13519849538823
0.13494357998442
0.13564197290711
0.13546973488254
0.13501788865973
0.13587451962156
0.13564641913271
0.13501619232983
0.13566279543465
0.13590852826052
0.13604872165119
0.13544427660447
0.1362451284595
0.13613932118293
0.13652317115013
0.13494246557267
0.13494246518446
0.13615411927663
0.13566456144463
0.13615383210859
0.13615028115865
0.13609405238556
0.13629342951722
0.13601528194703
0.13563175422276
0.13561114935285
0.13560505561722
0.13585254587852
0.1361229704119
0.13561163378491
0.13615036265749
0.13587171770623
0.13642895595895
0.13642828104746
0.13563418733414
0.13618229470373
0.13605983630417
0.13560587381871
0.13564965002908
0.13535764274022
0.13525248071543
0.13583764932636
0.13622050701385
0.13578597104966
0.13516814598808
0.13596903835606
0.13568492944005
0.13598658612042
0.13562442583519
0.13618229259379
0.13622632083324
0.13544174681146
0.13610217778455
0.13570113004836
0.13563064327036
0.13562987213581
0.13588235424427
0.13588206001176
0.13520683089771
0.13642016472311
0.13600956886976
0.13601016440347
0.13661938165203
0.13579670298975
0.13598744179924
0.1363501768975
0.13558646480237
0.1356813364508
0.13558949423128
0.13601945235598
0.13558617565048
0.13545876170042
0.13568503368831
0.13566497178124
0.1354450969598
0.13568976108575
0.13566366985941
0.13537857740696
0.13540767937473
0.13583262522801
0.13608837054607
0.13525199078341
0.13565757891611
0.13537005738061
0.13564072974675
0.13570820126669
0.13550059436967
0.1358681563285
0.1356396358346
0.13570551527645
0.13590671216246
0.13580309339605
0.13530960228552
0.13555461114245
0.13546488835132
0.13545213508593
0.13617915747477
0.13545863321321
0.13595873636704
0.13546337416872
0.13567672324401
0.13640051949162
0.13595821494856
0.13536485264077
0.13643840043961
0.13521136987195
0.13536494437603
0.1347095040651
0.13489510608449
0.13549482455015
0.13548448329263
0.13576383038892
0.13562389929721
0.13546100112044
0.13522972981246
0.135472429176
0.13534638266889
0.13491112877715
0.13522857074592
0.13556413875206
0.13543801016032
0.13534147645809
0.13584238689095
0.13579778150236
0.13581870423337
0.13606258860469
0.13510234798133
0.13525146057241
0.1352102518219
0.13510291992734
0.1352613907233
0.13582300402774
0.13588094150849
0.13470681631395
0.13482586512194
0.13591357043221
0.13524349084147
0.13612570548499
0.13492429206148
0.13492429439488
0.13581827375282
0.13584312112156
0.13584459122441
0.13547382720936
0.13591530105285
0.13502476812314
0.13590928185557
0.134609024
0.134710144
0.13521478705296
0.13564910518545
0.13586762158554
0.13591347710235
0.13564915388551
0.13589159231275
0.13560223991652
0.1354718568193
0.13548571044667
0.13523149005293
0.13591121860882
0.13538401210912
0.13501929660087
0.13522759173277
0.13545947651539
0.13521935560502
0.13566024438238
0.13562177783503
0.13544319263823
0.1353938365771
0.13589390443955
0.13539517757743
0.13491551738732
0.1360225843725
0.135452101566
0.13567772399554
0.13567710219945
0.1356224455527
0.13611259549316
0.13539265441794
0.13519206795271
0.1354232070552
0.13549139763859
0.13570640829067
0.13589645985226
0.13580683995788
0.13630376286909
0.13561021712437
0.13561108264707
0.13502156788278
0.13564679389961
0.1358872747998
0.13566550515199
0.13525787744534
0.1358306697764
0.135389384102
0.13606708149892
0.13559627000738
0.13546661130735
0.13589628093906
0.13565524135628
0.13607535725634
0.13548849898118
0.13586189781495
0.13607507493809
0.13567488373184
0.13494202116615
0.1352657632047
0.13511387509439
0.13556798673139
0.13523268019317
0.13586145367008
0.13515437912534
0.13561831723662
0.13541371004041
0.13541409355675
0.13524320391128
0.13516096513095
0.13518689226019
0.13501772825752
0.13548029815716
0.13492829058392
0.13523485483554
0.13521975378979
0.13524691221317
0.13568444590259
0.13500375564539
0.13543506686468
0.1350166097365
0.13547037591174
0.13554817073718
0.13470502432608
0.13495539616525
0.13560065539794
0.13529075829696
0.13540443423959
0.13507290236567
0.13536085913871
0.13535590696241
0.13543652463442
0.13544934657776
0.13592330471366
0.13568327700276
0.1352038175632
0.13492801029833
0.13543552408997
0.13523802608703
0.13528563963778
0.13500371377278
0.13515552369183
0.13492672986243
0.134710144
0.1351402680711
0.1351402688894
0.13608331431406
0.13564337157856
0.13628664852815
0.13564827477701
0.13495734534286
0.13461056012408
0.13500294449717
0.13543972048772
0.13568218891318
0.13516336567626
0.13582363718548
0.13607554421974
0.13604190922544
0.13586261025437
0.13514672481802
0.13592171164274
0.13656474175345
0.13470681629359
0.13519543124501
0.13543987976617
0.13536327615366
0.1357206155457
0.13542942316558
0.13586520454683
0.13470617622927
0.1352300518356
0.1354687087388
0.13566755726352
0.13634064000863
0.13470950408371
0.13471014411082
0.13545005600388
0.13470950404495
0.13542529621657
0.13568437627286
0.13533315798105
0.13542993161862
0.13515069392
0.13515184199803
0.135638641295
0.13583614878385
0.13570576869114
0.13542375926623
0.13559450876
0.13500000097643
0.13500973020685
0.13499408165545
0.13470617616987
0.13493037497579
"n_500_d_5_tr_20_a_354x354_idx_0_p_mprt2"
0.12418526246977
0.13297523866278
0.12443250453728
0.12376192147461
0.13380748853655
0.12354892897168
0.12994113737338
0.13361662966606
0.13335527823554
0.13269529303718
0.13223121790238
0.12385325088611
0.12349222688205
0.12362027754182
0.12362027869738
0.12357238443223
0.13242364171244
0.13284150441936
0.1331801465659
0.13248673968634
0.13375827549977
0.13356445161483
0.12392748908686
0.12395185883969
0.13387210152528
0.13360129207404
0.12931281300535
0.13288630920346
0.12401488825807
0.13335554769203
0.13383239521523
0.13343842475463
0.12389385190107
0.13253312009565
0.12383791619876
0.12457639919077
0.1334072511823
0.12389385186173
0.12413943620015
0.13218287625199
0.13418126211832
0.12442336430759
0.12465975315966
0.13360082639452
0.13367253403933
0.12455402434847
0.13263898362786
0.12987761499439
0.1335527246081
0.12383595841284
0.12927415636747
0.12856244370086
0.12892689299113
0.13154734239768
0.13346140404586
0.13325437903916
0.12410752038718
0.12844765336965
0.13256514573333
0.1308349963094
0.13382732800248
0.13325721658866
0.13435878404907
0.12630748953233
0.1329583586125
0.12357209530598
0.12382530723784
0.13214022233492
0.12382530943738
0.13363246526206
0.13347162550424
0.13191150201673
0.13356956726975
0.13338002032235
0.13336128022773
0.12424433632033
0.12346268283202
0.12404023166594
0.13423996044751
0.12575878117683
0.13034453449172
0.13325801547553
0.12395126556608
0.1243275885927
0.13357072805358
0.1231650562094
0.12539291108875
0.12394947998021
0.12405134314145
0.13257894938126
0.13190240373507
0.12329007344807
0.13364397996534
0.13377047866044
0.13381311969083
0.12405134294228
0.13172913155963
0.1256811134698
0.12377452892194
0.12860759928681
0.1277667041495
0.12966652116043
0.12954612176995
0.13286152452005
0.12376627115021
0.13334708397011
0.12327590427772
0.12682620131119
0.13352141575629
0.13312429150606
0.12856129306281
0.12372538563805
0.12991197388973
0.12388878971285
0.13257522338623
0.13368293948351
0.13356998532773
0.13192518247989
0.12317657610641
0.12743176388821
0.13332305102992
0.12327590408064
0.133120820226
0.13221978790855
0.12362631464221
0.12531978070164
0.12366096035976
0.13287587644247
0.13326494371692
0.12556243688094
0.12409639301761
0.13311944201919
0.12352207152926
0.12366096057218
0.133857391435
0.12366096043929
0.12803370599729
0.12348864038924
0.12835973683994
0.13200805599797
0.1336958806375
0.13356517485897
0.1275400224374
0.13447537942405
0.12372935372169
0.12436959597149
0.1268395533059
0.13312242192476
0.13282156633402
0.12369980439837
0.12390813878956
0.13365064119236
0.12354318531492
0.13284240013519
0.13344925520005
0.13294447407105
0.13306053686997
0.13273819333622
0.13320712049389
0.13331298681907
0.13367540741098
0.12327577628922
0.13403964954553
0.1232775681175
0.13342769985948
0.12400130440811
0.13325426786925
0.12959647333214
0.12327052813315
0.12327074075276
0.13384803021591
0.12395865822379
0.13345082734069
0.12370672029463
0.12366935820397
0.13375783068107
0.13368493163825
0.13310600092566
0.13298521620251
0.12356676184306
0.12345638411321
0.12433852972176
0.12453946930801
0.12329074255272
0.12826496691785
0.13356826960125
0.12467911910943
0.13330419176296
0.13077539806368
0.12398248316272
0.13326140552211
0.12634732576541
0.1238510594523
0.13358007494068
0.13047582213287
0.123180416
0.1328523504009
0.13336107950454
0.1337824675882
0.13209150897567
0.13345949051903
0.1257922918446
0.12327773799585
0.12724736056822
0.12344501507027
0.13230482178398
0.12614618711102
0.13318066319747
0.13384325376952
0.13403473456555
0.1239758749498
0.1240629694852
0.12772436303467
0.13355720734496
0.13368104787178
0.12809480457579
0.13283277356595
0.13118187264041
0.1279527352453
0.12367654113116
0.13387607796452
0.13363261238775
0.13355402382966
0.13388601186548
0.13365880629784
0.13370696898447
0.12328972813408
0.12338790413735
0.1241639051088
0.12377772863607
0.12406611488913
0.12445881966785
0.12412166598021
0.12863081742348
0.12377772864687
0.13370543879628
0.12403852937944
0.12395347223385
0.12394075979884
0.1338649060338
0.12405164832752
0.12466589347685
0.12489440540801
0.12931232450746
0.12440781806229
0.12394094836755
0.12377651228295
0.13375709031157
0.13319232000491
0.13346675884721
0.12517344390208
0.12452842226609
0.13283719085721
0.12378377008333
0.13383302475887
0.13405333495035
0.13385769480052
0.12402245032197
0.1336807226101
0.12583634226904
0.12637773510055
0.13244870790611
0.12862630781928
0.12390531600652
0.12373830308551
0.13366541189462
0.13011757471897
0.12434730041351
0.13416557624128
0.12427648970704
0.13346275153654
0.13364556040352
0.12394598799244
0.13353514749984
0.13314775438916
0.12840452675914
0.12469483975719
0.12428053642667
0.13368720276655
0.12416812124208
0.13345457320327
0.13199638428911
0.12662691848536
0.12468109137079
0.13324692140021
0.13279631886264
0.12379734475727
0.12616164639713
0.12400931425267
0.13353194512035
0.12519069726866
0.1237813360472
0.12356928032362
0.12858308052369
0.13336337884933
0.13085372728097
0.13345525734538
0.12365007893736
0.12377083479382
0.1335309406422
0.13306988408631
0.12380604986171
0.13327391222268
0.12403874835165
0.12481122627594
0.12366858158688
0.12357107239623
0.12376675762144
0.12338969618418
0.13299052340608
0.1336806566298
0.13346225546377
0.13367411668729
0.12313100816276
0.12362502476379
0.12318092812558
0.12346130225727
0.13352557732849
0.1336478330362
0.13373599567393
0.12358208601604
0.1321698198942
0.13345833735319
0.12584013121697
0.13357037115872
0.13321324851325
0.13393876116197
0.13317725275983
0.12448974030008
0.12588541450714
0.13383828455211
0.13306753329357
0.12345660574927
0.13247872527304
0.13054628390421
0.13397412756862
0.123491456
0.12329510405974
0.12469788782735
0.12409373815066
0.13377035954513
0.12409394998155
0.13357666769197
0.13384090526979
0.13345695238908
0.13308352030099
0.123278592
0.12318272
0.12418173063659
0.1334621769311
0.13371822018956
0.13386400219325
0.12400425315298
0.13366610832592
0.1236835272976
0.13361551211016
0.13318937607241
0.13348075519989
0.12370060862725
0.13216613146552
0.13369290174455
0.13368381147744
0.13352101916819
0.13315112613513
0.12645882265558
0.13351624116095
0.12376448214157
0.12367846249298
0.1260521564332
0.12363924029283
0.13356584020533
0.12621498403377
0.13355725305044
0.12363923992677
0.12336819223297
0.12938129570094
0.13021070335706
0.13375834411039
0.13271894604999
0.1260225638311
0.13397440599281
0.13338839515844
0.13353378396988
0.13264980145026
0.12365043863645
0.12426464133805
0.123843914046
0.13336067242185
0.12406591086394
0.12590108935303
0.12422499591315
0.1333323635804
0.13345377058065
0.13411581162605
0.1333449642431
0.12377497584775
0.12377535983265
0.12714460893029
0.12394229126057
0.13362117977893
0.13384856626444
0.13181047048685
0.1236936968313
0.13368848343154
0.13335222535338
0.13184883337634
0.12852784587892
0.12356791111623
0.13021443246271
0.13356538368018
0.13346195666885
0.12384589286242
0.12960140214248
0.12997400744023
0.12346252819891
0.13356649949403
0.12339302409363
0.13357375155148
0.12349411126153
0.12881059500438
0.13343702112
0.12357017490137
0.13335769652902
0.13344477371403
0.12359551622953
0.12328542124329
0.12365858211609
0.13211127338645
0.13347090005532
0.12327936032608
0.12391169725764
0.12363200287983
0.13335912421386
0.12335117094222
0.13315507227962
0.13362016262253
0.13354016500712
0.1327167963154
0.13376749225455
0.12370448281057
0.13385599240189
0.12362729712261
0.12343334406429
0.13309491224473
0.13243331148111
0.1333420607597
0.12339942421279
0.13231514869368
0.12934560561531
0.13215289379303
0.12357174379281
0.12357174375691
0.12346624007842
0.123185152
0.12353612847205
0.12317376012408
0.12385894760798
0.1333269773273
0.12455514005215
0.13283921412498
0.12365705585933
0.13391277112707
0.12396941099451
0.12902314641371
0.12739581290726
0.12687952578314
0.12352819225746
0.12876817302469
0.12513126591347
0.13213322006868
0.13355975123302
0.13377587882266
0.12318515211744
0.12414138246689
0.1336384997906
0.13374217778816
0.123185152
0.13331472066474
0.12657545813712
0.12318041608371
0.1334776515177
0.12317939227705
0.13361929728638
0.13327268299732
0.12898397604638
0.12318220804495
0.123506176071
0.12426803220021
0.12339763207922
0.12339763210608
0.13302976295001
0.13356131954755
0.13384573049436
0.12377593821203
0.13369469818508
0.13173062608992
0.13335676809597
0.1332332181936
0.12318118416987
0.12687264801741
"n_500_d_5_tr_20_a_354x354_idx_0_p_probflood"
0.13370894236822
0.1336316249616
0.13390289417392
0.13356555085602
0.1341605209999
0.13363024559997
0.13416525895543
0.13395887528247
0.13360664915584
0.1336149706898
0.13417938789547
0.13343743471368
0.13308107131708
0.13371136610059
0.13371057340605
0.13361664878913
0.1332908423145
0.13313783626624
0.13404457333595
0.13344483683647
0.13403165914948
0.134278114883
0.13362156964662
0.13361243298379
0.13427838869184
0.13398355162731
0.13449199532389
0.13428216372913
0.13364269599353
0.13427553588218
0.1345643845466
0.13365671710654
0.133911127063
0.1339107447776
0.13385941072429
0.13471863104562
0.13363507890719
0.13391113123472
0.13421735505299
0.13385843071168
0.1350086801716
0.13478256090157
0.13500947020197
0.13408518875176
0.13404950127575
0.13484049083476
0.13404808992719
0.13474857702528
0.13385368890171
0.13392771649474
0.13417011486337
0.13430923753145
0.13462923655908
0.13500739278931
0.1336643990733
0.13305126450718
0.13428773309726
0.13453043472409
0.13373246728761
0.13473028024145
0.13428671022368
0.13313160125294
0.1347450319339
0.13421973658764
0.13351879261876
0.13355744767109
0.13405349458317
0.1342854392404
0.13405061724254
0.13397538510426
0.13386016112247
0.13476109573734
0.13381968783264
0.13389547887149
0.13346819204935
0.13438127487211
0.13338811136224
0.13374996449647
0.13473997632901
0.13428575023292
0.13406753109739
0.13325507147362
0.13421793949052
0.13454911035396
0.13392916365125
0.13288128008376
0.13360943575418
0.13392945130156
0.13406277245985
0.13353050244318
0.13493007852176
0.1333903940618
0.13389984412281
0.13405994233308
0.13439770630058
0.13406100920603
0.13385150944441
0.13382294632455
0.13348418843595
0.13391209132764
0.13391573755481
0.13389471505096
0.13375293963574
0.13327591344964
0.13376729079612
0.13343997973465
0.13296423164827
0.13399152032875
0.13362879957323
0.13340290269407
0.13397383181955
0.13303469504497
0.13397489048464
0.13398038037355
0.13324019626028
0.13420159560477
0.13422276395308
0.13430976371199
0.132674304
0.13408505702793
0.1334277143423
0.13296423552814
0.13344606309152
0.13359649193404
0.13378711791264
0.13461178158952
0.13365172356429
0.13461376415581
0.13357791435775
0.13398237229148
0.13409727532075
0.13388538887823
0.13357757649709
0.13365009145076
0.13435321089164
0.13365076493371
0.13409197323966
0.13341188344839
0.13447725022831
0.13455991500786
0.13397731632652
0.13383292992663
0.13468166045882
0.13518443559337
0.13395485327154
0.13466565522422
0.13512263249131
0.13344729661941
0.13311360343883
0.13361108726273
0.13340473583933
0.13384572477042
0.13322086813305
0.13339102659316
0.13363905990188
0.13344336627958
0.1340204038358
0.1332317586845
0.13367094103215
0.13378846205043
0.13385172171254
0.13285542682645
0.13453125571071
0.13287193885306
0.13363912839343
0.1341405935827
0.13419522575341
0.13413900060219
0.13285798867818
0.13285848792195
0.13431525143054
0.13407744649683
0.13384328267209
0.1339356403496
0.13361765770721
0.13403836331986
0.13388537497306
0.13420599439551
0.13300438674249
0.1336080400859
0.1327490914645
0.13451859909565
0.13468528184678
0.13338061081774
0.13506422015136
0.13386645751104
0.13485293407024
0.13384114215001
0.13489576249474
0.13370471265993
0.13317145689978
0.13380100330336
0.13357573211711
0.13386977238679
0.13498585746899
0.13256742428699
0.13391048690337
0.13346627253755
0.13425158756327
0.13378503487484
0.13364824805315
0.13403689355905
0.133184384
0.13331106252737
0.13307915203576
0.13373776123507
0.13379501925367
0.13346752027064
0.13437615460144
0.13444425364327
0.13401806911428
0.13404394283995
0.13443766078473
0.13421543472088
0.13404287679306
0.13439514264046
0.13400993372179
0.13420499794818
0.13450838471385
0.13359148678492
0.13405718350823
0.1338359955895
0.13383228793228
0.13457502690889
0.13405270120837
0.13478666649124
0.13316992160883
0.13317023683334
0.13441226241345
0.1339923245652
0.13441328767358
0.13441492061916
0.13434828424124
0.13450752466252
0.1339928011126
0.13418024274422
0.13422493015957
0.13398213006319
0.13401402622433
0.13422500086702
0.13398143595613
0.13448870354646
0.13463665531783
0.134638211723
0.1343552804696
0.13401350433884
0.13374253172522
0.13422547010477
0.13345201728858
0.13362341850966
0.13419256151776
0.13417823872316
0.13437679977255
0.13401349863604
0.13435710367618
0.13453256560659
0.13440589356475
0.13437433238167
0.13401478285039
0.13381578759318
0.13437406450678
0.13403341600554
0.13398731685184
0.13375407923933
0.13378555058417
0.13400971745167
0.13415995735163
0.13466287876994
0.13435596342132
0.13400353345119
0.13364555889669
0.1340165632679
0.13401086978354
0.13379094097072
0.13471594200613
0.13487323338171
0.134144581509
0.13432545750755
0.1340622029121
0.13435948432797
0.13384452243322
0.13402287451552
0.13449265572878
0.13402109274361
0.13364205269513
0.13420048822164
0.13402189043169
0.1346715365624
0.13428839096437
0.13468052182047
0.13415112087585
0.13392657007438
0.13386071212013
0.13388232337915
0.13377278753604
0.13427441087526
0.13385152976391
0.13361888572881
0.13374022368797
0.13386271751462
0.13393374682069
0.13390256844543
0.13391829369842
0.13393416214444
0.13411549540813
0.13363448152328
0.13363866451327
0.13363505389938
0.13335507454278
0.13357794074658
0.13374309615243
0.13365870682471
0.13387005617022
0.13308305749439
0.13376335150387
0.13287799465809
0.13338688953087
0.13362309171354
0.13385195991594
0.13418935364752
0.13354004222135
0.13365006147545
0.13365860488808
0.13354015813967
0.1336836965686
0.13365243873187
0.13417705024471
0.13417416240649
0.13392731082328
0.13374367827411
0.13418649950708
0.13434029536452
0.13275712616426
0.13421492819023
0.13415508295016
0.13441393490713
0.13326668650213
0.13326733332591
0.13414525631869
0.13416818519231
0.1342153271694
0.13417161068162
0.13383413154785
0.13423774288713
0.13364773489976
0.13325685923069
0.13297456544585
0.13297907211628
0.13397311370768
0.1336683865784
0.13418514920776
0.13420674007515
0.13396991560903
0.13425499881447
0.13378492718504
0.13417653085966
0.13346572806754
0.13385175818369
0.13363115346648
0.13395841966795
0.13383363206051
0.13386574475668
0.13362414924177
0.13399358612456
0.13395288739166
0.13385025289611
0.13379717055307
0.133623785117
0.1338458953057
0.13381180916934
0.13422175239669
0.13382567474509
0.13385144079301
0.13381158469418
0.13325485403813
0.13434216567009
0.13401429786885
0.13405225039149
0.13405365853425
0.13399172954899
0.13424447662429
0.13444033875484
0.13415208552314
0.1341658208873
0.13343789729422
0.13436973548801
0.13398622729176
0.13345782440211
0.13388362266722
0.13399688999566
0.1340538619268
0.13386487776405
0.13405312041182
0.13460699748713
0.13365372894802
0.13399277826592
0.13399249163887
0.13382999561868
0.13403961368671
0.13388113086309
0.13424470435869
0.1340358435228
0.13361726043451
0.13404793874925
0.13345945621446
0.13365199554581
0.13422395261735
0.13358467987039
0.13402385353551
0.13381201730836
0.13365926374057
0.13381240091208
0.13402930625206
0.1338097724874
0.13340419303883
0.13385642587527
0.13336781028622
0.13366931109236
0.13332350628297
0.13372429552408
0.13367312832404
0.13362046360589
0.13345509763834
0.13365051721871
0.13335316466778
0.13339451228103
0.13378411435262
0.13386891025791
0.13365970584917
0.13317977632608
0.13396959918761
0.13368853085858
0.13345436935444
0.13351582845706
0.13376586410638
0.1339743764627
0.13384820472473
0.13385213882039
0.13407569543718
0.13363933438468
0.13423628355567
0.13372982974432
0.1333882675708
0.13371757665681
0.13367169157402
0.13344976127322
0.13355458465526
0.13440545188903
0.13402917766265
0.13459693619987
0.13357669279531
0.13357669328362
0.13339562401013
0.1331831041027
0.13340035280462
0.13267315212408
0.13399921076252
0.13344477466477
0.1338178636331
0.13402887154202
0.13358054984935
0.13426265559339
0.13418990620209
0.13439405531634
0.13437086568155
0.13419987375352
0.13358321067777
0.13482237198584
0.13361383245998
0.13384339031771
0.13376585731921
0.13403908270177
0.13318438411744
0.13421307310067
0.13385978108679
0.134032647219
0.13318656009171
0.13365759020441
0.13381418838171
0.133081984
0.13462080313786
0.13298304011082
0.13387034117119
0.13381332665486
0.13404596238597
0.13317977611238
0.13372864649874
0.13380929267876
0.13355296735784
0.13355324995978
0.13399022665596
0.13421748197728
0.13403002813457
0.13378219469414
0.13395755301865
0.1334487702199
0.13345642165334
0.13344934283717
0.13318464006795
0.13339458219208
