"n_500_d_10_tr_20_a_250x250_idx_1_p_abba2"
0.13345036235041
0.13412101640576
0.13356723891828
0.13359510244066
0.13428507970417
0.13518226520363
0.13568464068702
0.13490862426316
0.13352383580677
0.13410469437876
0.13513231275221
0.13290122806439
0.13428773555181
0.13396607100783
0.1344997186735
0.13516760519664
0.13228941859847
0.1350137262296
0.13530497334607
0.13547072544969
0.1358071286109
0.13282425888919
0.1354594545029
0.13426912198311
0.13343418475649
0.13500148283656
0.13387613045906
0.13607631724024
0.13582487273103
0.13423744454504
0.13397313043401
0.13274959884717
0.13362456519094
0.1321253999907
0.13330518702019
0.13476014747693
0.13379290144179
0.13319260022759
0.13459168936092
0.13646832365859
0.1353231824075
0.13548694628442
0.13687948785086
0.13587672442232
0.13616426231341
0.13386388820807
0.1344439354268
0.13456782504045
0.13638981916031
0.13551260238426
0.13519624628671
0.13466834379994
0.13363292359213
0.13297110810841
0.13523435245786
0.13589942226153
0.13549709819152
0.13442295881249
0.13517529726877
0.13570480136423
0.13598746589058
0.13454770289284
0.13470299923645
0.13590746297382
0.13612496071296
0.13357768303347
0.13082478916463
0.1335110069258
0.13186792068729
0.1345539447214
0.13338374150488
0.13457734690303
0.13356016016422
0.1338752823903
0.13331785970984
0.13391541301449
0.13579173392161
0.1331584378766
0.1342323724378
0.13442010653277
0.134119547125
0.13471374667637
0.13457401309651
0.13514908988228
0.13302964786016
0.13439279243103
0.13337041977762
0.13518163041282
0.13485012582229
0.1337106757027
0.13436998389738
0.13447373815941
0.1335993400107
0.13472986619485
0.13186100404241
0.13465467316503
0.13479374123176
0.13414175409488
0.1348923516144
0.13383510390427
0.13375485148012
0.13464177375412
0.13393129030418
0.13384775182174
0.13501998263088
0.13416829274359
0.13443747687294
0.13413391367538
0.13368098623267
0.13504578910917
0.13415731372418
0.13446601291549
0.13467497110004
0.13432074080627
0.13478572076763
0.1308888270275
0.13428702051344
0.13361117615922
0.13529212133942
0.13265014750516
0.13165924713869
0.1326488235786
0.13278180986458
0.13139086666122
0.13514213080826
0.13158372653841
0.1314063242799
0.13118552033269
0.13250275804314
0.13290357923256
0.13531450815599
0.13030542468928
0.13223039494074
0.13221303160485
0.13341161565934
0.13401381563295
0.13362784936823
0.13113353746678
0.1334780218283
0.13106479497001
0.1347189588658
0.13540093980693
0.13430735359638
0.13378532141004
0.13436413671396
0.13405368354906
0.13465054495589
0.13365213407536
0.13225792788329
0.13183089764379
0.13294262983453
0.13528725776226
0.13462356056626
0.13287432854618
0.13521816476787
0.13330450074006
0.1341527301153
0.1329619536252
0.13486891807705
0.13483527551712
0.13545873559208
0.13442218790869
0.13391977496025
0.13396205906189
0.1345620246918
0.13472583265943
0.13568206730713
0.1330414433602
0.1328225740335
0.13379309438652
0.1334627099198
0.13428148508655
0.13464090316237
0.13330520923731
0.1337776754331
0.13408120669728
0.13516622839199
0.13333507276842
0.13331529280397
0.1316212316446
0.13308849118798
0.1335788109337
0.134493166208
0.13326865279098
0.1350075223955
0.13386972785624
0.13396196253089
0.13494462610625
0.13535036346002
0.13324359366722
0.13378398807971
0.13577699650169
0.13405757399759
0.13364242192653
0.13472615770401
0.13468882937119
0.13249507089772
0.13362300233932
0.13185025466384
0.13446363694566
0.13236888846804
0.13385460237772
0.13401458643818
0.13481563859138
0.133574221357
0.13480426861014
0.13464986316695
0.13312540547323
0.13493880299703
0.13645956157887
0.13473314194645
0.13502580160928
0.13299275144581
0.13458120658637
0.13332664651505
0.13334881585823
0.13254922221548
0.13479273097392
0.13281588699136
0.13402481527264
0.13263726026338
0.13377077196055
0.13434624942881
0.13480718589712
0.1317878801787
0.13452203445356
0.13409959885955
0.133244641217
0.13502795110126
0.13349560391915
0.1318425607132
0.13236804534882
0.13327564943152
0.13577260731327
0.13260550245248
0.1340318422409
0.13486977611534
0.13297567400551
0.13467841629333
0.13301985268495
0.13266200069042
0.13109843930671
0.13404897502244
0.13425576763223
0.13298996443741
0.132597911625
0.13207704713675
0.13294252822257
0.13465814129342
0.13398919394571
0.13450852284001
0.13421169786669
0.13372051916403
0.13418033768931
0.13285574456657
0.13403096803724
0.13271717096765
0.1340487872549
0.13382155011806
0.13335339513269
0.13320385525634
0.13286535532966
0.13370642319792
0.13413938263988
0.13298077536618
0.13215672879115
0.13379438179461
0.13441864483437
0.13352758395472
0.13254081852222
0.13572604962673
0.13617682752047
0.13357093249896
0.13157173962482
0.13441327346672
0.13409091083928
0.13313245219389
0.13362269421122
0.13488932946285
0.13468252324785
0.13427592014912
0.13519019681566
0.13476782666986
0.13348591760861
0.13506063001068
0.13278158319475
0.13407720657723
0.13487589335179
0.1350051274139
0.13260690816186
0.13390702846511
0.13372598689897
0.1340620067095
0.13519199827914
0.13433854564858
0.13540696556953
0.13562254782627
0.13448477693356
0.1345186621586
0.13428792712427
0.13431588205021
0.13458098568266
0.13517802799641
0.13464954546709
0.13326913331621
0.13562927641514
0.13583481211761
0.13271447955151
0.1352931185922
0.13477389091822
0.13252462833691
0.13553320308445
0.13351358156654
0.13415031359105
0.13355430552383
0.13198522627024
0.13374700949204
0.13528347041599
0.1352389569343
0.13287819701128
0.133514302024
0.13498553750792
0.13314380639715
0.13450718681234
0.13316824204915
0.13504020486537
0.13444525960651
0.13425030409459
0.13269779382613
0.13505570144091
0.13411553371867
0.13556456031046
0.13429058763535
0.13351314291629
0.13196353418003
0.13458098064445
0.13468819317136
0.13497908847552
0.1350726158799
0.13500763742425
0.13470099666656
0.13362260557938
0.13538524924251
0.13510326851401
0.13527181824574
0.13347688565801
0.136033902451
0.13182832632405
0.13199040885479
0.13339884297056
0.13487784746421
0.13413570587049
0.13350458116798
0.13571570372515
0.13511600917246
0.13243615577944
0.13304166671783
0.13236550316605
0.13494027778049
0.13367811291945
0.13520006025981
0.13306481640305
0.13343373532227
0.13498634031414
0.13479597015842
0.13288676533468
0.13445254661752
0.13581138716227
0.13536727729742
0.13215165866077
0.13631995640912
0.13242528568667
0.135160934871
0.13472120702407
0.13177742016261
0.13445883082124
0.13528369203059
0.13535658165718
0.13391579831063
0.13298780019437
0.13344593289114
0.13295093524445
0.13452211730962
0.13563521197122
0.1354518664901
0.13095910463806
0.13467608227464
0.13194020709781
0.13400751747082
0.13320400008046
0.13509033576991
0.13412370079616
0.13380915691157
0.13168735901803
0.13446598111332
0.13433045319499
0.13454321375004
0.13428251477628
0.13480510548621
0.13465361377991
0.1345716155629
0.13417024167776
0.13451018414918
0.13485569733164
0.13318763172727
0.13189599380959
0.13280028062431
0.13243387166483
0.13315472159361
0.13496725084378
0.13317521772156
0.13297707781255
0.1349702553607
0.13558139206998
0.13527676749358
0.13623222978432
0.13460399353192
0.13481816878841
0.13464252747924
0.1327233626751
0.13419056780199
0.13362141238163
0.13526287697603
0.13115868747418
0.13415497316728
0.13536427917271
0.13326581203199
0.13314530536851
0.13386349154105
0.132664237792
0.13409549121211
0.13457871222385
0.13337218542322
0.13406128891735
0.13519212595256
0.13569156172991
0.13514872826275
0.13369101099523
0.13394014618795
0.13348555898455
0.13497910894772
0.13433094156879
0.13146205737952
0.13268143912555
0.13362329875719
0.13438665618079
0.13192168627681
0.13516988220403
0.13286351959077
0.1341084763963
0.1336255283803
0.1349200969098
0.13508777086136
0.13398660657138
0.1354404343758
0.13476338388345
0.13455260868404
0.13389765574478
0.1344656483608
0.13454161986421
0.13383760229486
0.13474592490319
0.13388918336845
0.13585332371097
0.13452281326024
0.1330488614297
0.13480644315904
0.1340992142774
0.13216049041895
0.13451228232406
0.13134184274793
0.13391672895175
0.13345062702314
0.13319796029956
0.13304686283403
0.13255980071804
0.13176180614717
0.13390145313393
0.13382357754823
0.13475289701006
0.1342719861918
0.13543292759521
0.13566958480576
0.13486232017791
0.13496150766868
0.13329978862545
0.13500567240803
0.13547977394719
0.13468271788542
0.13381669793555
0.13319862326776
0.13417020963098
0.13463174913983
0.1342326245159
0.13385019467109
0.13564008707327
0.13547132279031
0.13523547563638
0.13485721543594
0.13535981199315
"n_500_d_10_tr_20_a_250x250_idx_1_p_cds3"
0.12684448159017
0.12983422238309
0.12580997181884
0.13119196095158
0.12601794163559
0.12695473027633
0.12584608807668
0.12977626682539
0.12923749862936
0.12776880239736
0.13077202654726
0.13022808731775
0.12573907766101
0.13048257487376
0.13089839977447
0.1261172139371
0.12620097172927
0.12513922484001
0.12512747969868
0.12600908469009
0.12385174107302
0.13062545541116
0.13144316947024
0.12951979355285
0.12535106267852
0.13029458868946
0.12947989611211
0.1248976362138
0.1306403553069
0.12531462216151
0.13031393061634
0.13049880407648
0.12992503249026
0.13164022063685
0.12466849081736
0.13113615529215
0.13003240968193
0.12695350105704
0.12897523332512
0.12539314747653
0.12602794513221
0.12715228371017
0.12553649456623
0.12851274366206
0.13048720751522
0.13065383023388
0.12849911418218
0.12556273649482
0.13057866790983
0.1315013740512
0.13004716532073
0.13030372283533
0.12784648468317
0.13073826459192
0.13063227484326
0.1293233328222
0.13062672945346
0.12622688739506
0.12951229819946
0.12371933773089
0.12767078683238
0.13044298813451
0.12950961226682
0.12755650609476
0.12847313612292
0.13044362552903
0.1280734645921
0.13050797291102
0.13022019962059
0.13048547776038
0.12591434554033
0.13071971888847
0.12694451954703
0.12996241446983
0.12562055023793
0.12509468762025
0.13135269887637
0.13084034224685
0.12553670868842
0.12650537313914
0.1307577308175
0.12453244321475
0.13104492060344
0.1252691029903
0.12998056560361
0.13040383170284
0.12830944471492
0.13082394722361
0.12576400225639
0.12506650316065
0.13142262871975
0.12926738781131
0.12533495809711
0.12537730142534
0.12965459957533
0.13056885029069
0.12595209264505
0.12952636094133
0.12960044463486
0.12929870610011
0.12503536072928
0.12490683333192
0.13050711058483
0.12780451899975
0.13005233679146
0.13043789479889
0.13100895147819
0.12585906249818
0.13013699915162
0.12728226511303
0.12762226126669
0.13140486626107
0.12551023034933
0.13113418335865
0.13038141654894
0.12726944135514
0.12554367581968
0.12781279894071
0.12517917437363
0.12975473329194
0.12681450238732
0.1265680827842
0.12628268776782
0.1309280255947
0.13114733096678
0.12516453718085
0.12601787526015
0.1269934971097
0.12745945069339
0.12943741455
0.1284420825834
0.12876724489737
0.12959658494502
0.12521473021715
0.12509344502322
0.12540531911417
0.12764275610849
0.13029807359976
0.13050578431486
0.12457396083387
0.13066354077695
0.12658326824913
0.12714825374876
0.12568427632716
0.13164179926615
0.13093658888951
0.13054598180364
0.12641251317947
0.12632314915283
0.13140294654838
0.12741044569099
0.13119904569962
0.13086636931207
0.12622076306679
0.12614191796025
0.12527606684753
0.12538049410977
0.12912006502873
0.13148857447229
0.12578058347225
0.13089307351906
0.12640691695947
0.12824991473428
0.13133230882815
0.12761603061906
0.13042147037493
0.12811784971051
0.1255384021029
0.12549120956243
0.12901800222344
0.1254709186571
0.13069484681348
0.12419862186749
0.12955010053515
0.12649281212002
0.12622273182122
0.12634776756798
0.1263927569849
0.12432547707276
0.1256302662341
0.1254837830263
0.12647102922443
0.12938816209578
0.12657391221712
0.12568617142041
0.12854189252674
0.1296670151227
0.12418172467259
0.12513471430185
0.1242488051688
0.13150203988357
0.12481297904073
0.13080816091162
0.13057163783995
0.12540627849188
0.1266170113702
0.12534166184382
0.12532715067345
0.12541575068105
0.12954375476233
0.12419212942949
0.13154996209227
0.12601145644041
0.12621092949689
0.12725318257266
0.12550142345184
0.12751990214904
0.13086622147192
0.12672782954385
0.12873263129195
0.12980835893182
0.13023737149316
0.12394086951238
0.13122176641576
0.12644559964081
0.13022337068052
0.13084630988445
0.13025749048863
0.13028888660691
0.13115212816837
0.12902809637859
0.1306425747868
0.1294768727129
0.12633543567814
0.13007041182876
0.12558182843014
0.12455398703908
0.12651077198261
0.12524395302709
0.12539369839398
0.12883924997194
0.12559515286443
0.13023800846137
0.12494252614829
0.13024224960361
0.12962058745758
0.12945921249017
0.12662077465107
0.13153327423679
0.12785751086856
0.12821740676564
0.12597248679184
0.12664569087944
0.1260509719209
0.12499775570647
0.12998407683858
0.12593101914856
0.12538756880873
0.13097612689775
0.12622234954737
0.1253369331219
0.13017845125599
0.12627782724149
0.12856825395984
0.12987856360895
0.13101685262907
0.13004750402337
0.13101812754369
0.12844247031105
0.12643101261382
0.12941842054122
0.1268908612676
0.12960651913617
0.12546606810892
0.13139028374136
0.13058798295849
0.12728270276256
0.13001409284688
0.13131312898524
0.13090535388542
0.12715706319581
0.12567359958819
0.13097698255536
0.12924370447946
0.12955149172523
0.13090861096284
0.12879373881528
0.12693012249439
0.12528785848952
0.12928181203371
0.12957242950299
0.12602947813486
0.13079447662125
0.12999491330258
0.12535341641645
0.12614685110676
0.12583296245122
0.1257296236535
0.12945488181451
0.12491010454278
0.12683461874832
0.12599212501337
0.12922644406792
0.13011547756318
0.12688654000175
0.13159998611737
0.12955494696008
0.12952360882736
0.13108108019587
0.13088035102899
0.12434208226243
0.13073063375325
0.12789888539077
0.13011545380486
0.12856962527058
0.12514299363911
0.12511938238122
0.1284397402157
0.12566424846872
0.12705078957319
0.12391583852686
0.12535509551451
0.12598073116323
0.12577558553473
0.13101498822555
0.1279179702093
0.1277055387536
0.12537026874315
0.13023243346118
0.12701367583489
0.12498731917277
0.13146505640976
0.12845097636189
0.13065059664394
0.12450609148746
0.12474597552543
0.12796844338378
0.1257056936473
0.13144695948837
0.12506586182717
0.12948704708301
0.1248371231929
0.12535976259248
0.13004609938783
0.12803505558223
0.12867421028286
0.12945604580352
0.12571151135512
0.12429664550539
0.12624128266523
0.13045811131224
0.13031280940551
0.12990662225163
0.13191741089568
0.12603841428564
0.12560102417827
0.1250756459009
0.13051988118086
0.13105493933211
0.12637873835754
0.12615775975162
0.13187429794193
0.12808377878844
0.12565693985296
0.12731986268118
0.12553892797537
0.12604400366418
0.13109917030385
0.12753750372884
0.12571797197594
0.13008964611802
0.12534830183427
0.12922435616043
0.12565315726104
0.1300069738346
0.1261804534355
0.12578067196743
0.12670784114852
0.12879345092503
0.12938586133225
0.12449637718845
0.12519070633053
0.12748172696482
0.12979503856301
0.12459838433272
0.12507210110868
0.12743398806095
0.13038816116906
0.12575196822248
0.13046758127963
0.12475522131897
0.13118690370122
0.12792236750468
0.12929934844316
0.13106179272655
0.1300167218283
0.12765708990978
0.12511821819288
0.12823271201062
0.12890584225014
0.12588549051453
0.12423240231477
0.12410346944241
0.12617953728847
0.12574907255833
0.12898592350905
0.12410207940785
0.12765139831322
0.12382279501332
0.12721314183031
0.13018414953054
0.12543855765609
0.13075468939621
0.12776433482073
0.12692197762788
0.12526187344713
0.12984581207376
0.12957698544426
0.12947824849928
0.12928432871339
0.12449035505877
0.12787895248784
0.12533116258982
0.12912429985541
0.12942718348015
0.12975600541898
0.12644511456809
0.12793968013079
0.12574544069122
0.12928829797117
0.12745036991111
0.12717567404588
0.12884049119778
0.12764991562545
0.12525728264828
0.12977925703053
0.12930825967987
0.12614835472306
0.12833727153267
0.12613193641804
0.12992374501067
0.12613322575474
0.12967479804474
0.1250380742414
0.12463242470554
0.13120196704089
0.12593733569008
0.13141353029111
0.12624786286772
0.12970870389703
0.12631983089563
0.1271846135624
0.12989360747223
0.12653757359341
0.12514712826857
0.13100222018226
0.1303371657439
0.13097627001242
0.12626768453259
0.12734356873322
0.12621948514531
0.13164773744912
0.12699024884346
0.12859332396355
0.12998368274287
0.12496293755269
0.12967342035503
0.12460895735031
0.12431856338365
0.12547421779153
0.12715395223356
0.12489559608963
0.13146122069849
0.12688278420865
0.1272312743448
0.12406246484721
0.127071717001
0.13126650850532
0.12654282694302
0.13052998478877
0.12454020748163
0.12505620949492
0.12642262923107
0.13038867513626
0.12658829390232
0.13055048118174
0.12677973525688
0.12432771403161
0.12999267690934
0.12652432923942
0.12557976904024
0.12516500374338
0.1313874250385
0.12949942864796
0.12721505376535
0.13093594212779
0.12902933909327
0.12748161420206
0.12724656571623
0.13059770422766
0.1255995729605
0.13138391132848
0.1253062975657
0.13077975536162
0.12951672535676
0.13089159073426
0.12745730995728
0.12979466222663
0.1299154534293
0.12796224104579
"n_500_d_10_tr_20_a_250x250_idx_1_p_flooding"
0.13679716477094
0.13638331901069
0.13672290977909
0.13645694905631
0.13688323194505
0.13663348574567
0.13633747156033
0.13660989166003
0.13668972615464
0.13749729933674
0.13572564873366
0.13631733812701
0.1369040915651
0.13681409421159
0.13633913756154
0.13633616736898
0.13658879403083
0.13642198629399
0.13634134494363
0.13590904198596
0.13552970637375
0.13645221596814
0.13653594369053
0.13612993778304
0.13666937622073
0.13673721914055
0.13620877454442
0.13589981478289
0.13633826038057
0.13647691685638
0.1359762716033
0.1373120258334
0.13670048434294
0.13704810009132
0.13625867202561
0.13638543879678
0.13621518241205
0.13671193732085
0.13645256635922
0.13682069905498
0.13546063932638
0.13664450396868
0.13611229507888
0.13575714549787
0.13515959665217
0.13647894151927
0.13694060557495
0.13655157947731
0.1360366576904
0.13519581484749
0.13622198662586
0.13667641955396
0.13730456155054
0.13677344109643
0.13651014033182
0.13576277700295
0.13611461099724
0.13648911246594
0.13508384733983
0.13587770467076
0.1366709666413
0.1373021671803
0.13566887460471
0.136485330868
0.13559801699517
0.1364408639819
0.13737445001048
0.13644924487199
0.13675921449711
0.13569930558898
0.13722984579763
0.13628178305344
0.13683833774604
0.13608357274413
0.1364599357833
0.13620948833464
0.13612888442372
0.13642030213653
0.13688349655543
0.13631276195305
0.13596504399603
0.13599827551377
0.13639958608581
0.13614245933405
0.13669673708064
0.13663847810999
0.1364654400554
0.13628116898183
0.13619281997228
0.13652766639075
0.13606414646584
0.13637502506464
0.13665744516176
0.13652547616518
0.13583390695506
0.13650522201381
0.13582666903691
0.13573476108377
0.13584879720169
0.13611748622418
0.13661261301281
0.13656565778626
0.13666719247246
0.13682195109238
0.13595447288765
0.13633167315962
0.13612037212275
0.13655388318607
0.13632053437372
0.13636530274278
0.13621122297919
0.13660469756998
0.13640526671914
0.13628775160449
0.13515302776368
0.13711871762607
0.136262698593
0.1362799676259
0.13653414619353
0.13789090655017
0.13768069484275
0.13747238743465
0.1373227279525
0.13700071859625
0.13662393785163
0.13701201315416
0.1372216015497
0.13754350845119
0.13647308560629
0.13707837269228
0.13561763315593
0.1370168532262
0.137255203987
0.1370842246367
0.13630833518804
0.13717207193962
0.1369103229376
0.13750399678189
0.13618972908374
0.13700750717992
0.13699188800267
0.13696575056886
0.13692996686746
0.13701648964607
0.13692240311461
0.13709968410208
0.13708785629443
0.13725764557295
0.13721269832248
0.13719881205706
0.13645224703047
0.13687129305306
0.13667993270538
0.13714197537765
0.13658860565058
0.1367213809226
0.13686677803669
0.13689300447002
0.13659036136988
0.13618661935735
0.13585501716934
0.13640009582498
0.13679870701535
0.13708764450688
0.13602865962559
0.13628779509276
0.13706708794543
0.13753414194644
0.13698796172135
0.13655808268253
0.13699859994138
0.13674726391493
0.13626494654866
0.13653043361939
0.13688079551648
0.1363785985652
0.13658998878845
0.13731746989455
0.13623288413164
0.1365505781757
0.13699381817155
0.13713423227314
0.1359823149977
0.13654233760011
0.13558077671111
0.13766386876213
0.13665371156271
0.13745622929991
0.13556820165705
0.13630757421951
0.13661870518926
0.13597764887816
0.13649167282738
0.13640340970916
0.13594985877899
0.13677538958365
0.13675036504463
0.1370855653158
0.13655092401715
0.1359512324635
0.13716284148628
0.13671983198827
0.13697814200458
0.13677150438919
0.13716824584939
0.13590142356428
0.13618699785435
0.13697316716488
0.13603457937936
0.13616046600184
0.13638583800444
0.13517587513864
0.13581412735587
0.136294759429
0.13660804822254
0.13739713880723
0.136562254048
0.13604516343357
0.13701167058343
0.13647189459868
0.13749128046806
0.1364789720984
0.13686858158332
0.13667476744618
0.1360373017077
0.13727046037142
0.13677599941018
0.13644533424189
0.1370308769073
0.1365221060999
0.13748841322056
0.13652453426134
0.13722787415707
0.13619253333004
0.13764279112343
0.13675451228349
0.13552158243475
0.13741593954188
0.13648092634358
0.13678118963629
0.13683539632711
0.13750702124654
0.13609977381928
0.13650866215316
0.13679960982136
0.13702109311648
0.13704704450983
0.13639109912367
0.1372738765524
0.13676486849628
0.13632361097905
0.13733079573186
0.13687332737752
0.13652501836588
0.13775802248608
0.13704076829363
0.13734979618796
0.13683222831851
0.13606542644918
0.13671206527065
0.13701532741158
0.13707965946836
0.13696204903212
0.13756430231127
0.13741278388652
0.1365663225481
0.13676849937605
0.13659771539808
0.1364919691963
0.13672352051281
0.13580752454315
0.13639126498503
0.13650249400112
0.13661982927953
0.13662772926086
0.13636597406519
0.13666048138864
0.13623370407256
0.13601719234329
0.13689847804501
0.13631760667368
0.1361706409515
0.13590895327998
0.13646494883227
0.13595278388416
0.13646004317382
0.13663440747571
0.13594955895038
0.13583116468942
0.13687998109228
0.13641300707565
0.13626117194918
0.13591020491244
0.13658564684542
0.13557291676815
0.13537248830854
0.13643702859664
0.13617480398368
0.13589042472579
0.13692953621245
0.1367668998067
0.13608919682259
0.13584455616231
0.13616906313677
0.13651663608676
0.1363802700266
0.136778100593
0.13641346451368
0.13555952698848
0.13606039647357
0.13633513940251
0.1361211859342
0.13648767577585
0.13589451195452
0.13737748295089
0.13683979845078
0.13600391083235
0.13650193265334
0.13582627309146
0.13659584252577
0.13633988178458
0.13625178260346
0.13607613642823
0.13561511438175
0.13721040587968
0.13590716058563
0.13642987862275
0.13638195781345
0.13719339464108
0.1365541492388
0.13710400751542
0.13646590359351
0.13699397704976
0.13618697484221
0.13731393073133
0.13579958878532
0.13664280073178
0.13638002439608
0.13671443862928
0.13599969374229
0.13568844825162
0.1363174951446
0.13640007434951
0.13699233513688
0.13634120687833
0.13758183417625
0.13657053450974
0.13757334591939
0.13636311889075
0.13631611221006
0.1366841537646
0.13649064281826
0.13651167441002
0.13644567204234
0.13658159615557
0.13702879741263
0.13698125199124
0.1363028370717
0.13572814324501
0.13635233926627
0.13651371720999
0.13758756820836
0.13620512684667
0.13675347096155
0.13665522469831
0.13643746939191
0.13633878764935
0.13598757593234
0.13563623247265
0.13646891979396
0.13618911488075
0.1365791635933
0.13582507329851
0.13586638398096
0.13629845876544
0.13616938356981
0.13577924503814
0.1360931156933
0.13644475295175
0.13710462245107
0.13656491783945
0.1368154584003
0.13629293928184
0.13644140101093
0.13613507601495
0.13163053699529
0.13656094284197
0.13653770915741
0.13583812110854
0.13691796574633
0.13611225798346
0.13591194545796
0.1358177359632
0.1368005784476
0.13660524892373
0.1362401268616
0.13593349266877
0.13628980812007
0.13507623866085
0.1356087330298
0.13601338580376
0.13563012573402
0.13589108192677
0.13616513021776
0.13645218674883
0.13652658524055
0.13666299662559
0.13679371161549
0.13629113192636
0.13601521883737
0.13626006828158
0.13677336115014
0.13641151468349
0.13616261927711
0.13650299665463
0.13606472854472
0.13686387346526
0.13692790232832
0.1365404723498
0.13650402625478
0.13695750703372
0.13685987090266
0.13624620863408
0.13705782731235
0.13696627274665
0.13626299790407
0.13762294300948
0.13700274375099
0.13693620959825
0.13748653118109
0.13684937415608
0.13622853779721
0.13631925577595
0.13628196562103
0.13578762682988
0.13615751186636
0.13649997841077
0.13553911442338
0.13634027538388
0.13591064265616
0.13594056077151
0.13572795052236
0.1361931103724
0.13606758915986
0.13649896742704
0.13581803266828
0.13706744449496
0.13614132642935
0.13755048335772
0.13640949561818
0.13718423124258
0.13588491169932
0.13550685718326
0.13579780194463
0.13567822660251
0.13601988930586
0.13516013226
0.13631127977408
0.1363064890224
0.13609981588897
0.13654238382432
0.13576132459828
0.13605058281931
0.13583136350142
0.13570109849502
0.13623801104499
0.1361454583663
0.1368009047069
0.13627079900422
0.13602155487659
0.13638607325052
0.13619303586702
0.13615659099949
0.13663279401119
0.13631249842618
0.1360977374533
0.13662472740696
0.13696213836176
0.13661721073803
0.1359915760024
0.13631682284445
0.13590394534438
0.13640600421657
0.13556456351032
0.13524048473506
0.13592011180741
0.13608888163146
0.13590904926464
0.13582379317079
0.1358968076121
0.13621887321349
0.1365034366316
0.13645337284806
0.13636881789366
0.13564427181359
0.13674985071211
0.13634242349122
0.13608373270316
0.13677312592918
0.13532333186323
"n_500_d_10_tr_20_a_250x250_idx_1_p_mprt2"
0.13108405817201
0.13064364671964
0.13345770868455
0.13320849289888
0.12864630723436
0.13040244563051
0.13384005160287
0.13366423135166
0.1325106240229
0.13176089655973
0.13335371105764
0.13191297089356
0.13206372106144
0.13369573761402
0.1327159199973
0.13232463369896
0.1323286395909
0.13205357513885
0.13247524221144
0.13175105363974
0.13073631910712
0.1317965669305
0.13213118848783
0.13319152603171
0.13270260828303
0.13095142651349
0.13347551381729
0.13248138311857
0.13275707176431
0.1317420029758
0.13220432019527
0.13288534182804
0.13108295544792
0.13184149743137
0.13189537043658
0.13341170211374
0.13193950679112
0.13295419297578
0.13137716086324
0.13227435273877
0.131106705192
0.13168371808369
0.13357552479771
0.13235926755519
0.13276041219707
0.13203775399004
0.1327894962353
0.13286923716215
0.13233772276171
0.13188371180059
0.13257922149827
0.13218018715413
0.13227516614867
0.13170362029991
0.13103025090995
0.13228289527122
0.13169871347326
0.13232304971391
0.13031509788087
0.13113161871647
0.13363887132328
0.13219208162445
0.13211258628213
0.13079259704154
0.13252381044928
0.13140342257231
0.1312625469613
0.13364392441788
0.1302126506803
0.13246824068671
0.13233955392176
0.13192772104251
0.13148581605463
0.13144959897099
0.13388680795605
0.13185390097892
0.13075374051259
0.13169198303817
0.13319696136284
0.13154217580737
0.12986698592912
0.13331714914026
0.13299513967073
0.13259977507834
0.13055515937195
0.13225058467492
0.13279167958007
0.13156571406388
0.13234157630813
0.13169696293347
0.13159252727951
0.13321447338913
0.13193311967335
0.12865729031687
0.13260825540726
0.13328166565478
0.13237359007721
0.13096937226197
0.13209385083378
0.13303407219682
0.13264498939451
0.13338161619221
0.13237233796167
0.13125729329926
0.13285483006815
0.13354167245386
0.13116806539826
0.13244544276953
0.13231612568639
0.13304132468027
0.13176760858181
0.1306891194665
0.13240938878126
0.13303696446602
0.12963958920386
0.1334982457304
0.13219823966548
0.13201178189903
0.13218103497663
0.13332228585986
0.13196315691938
0.1306513795079
0.13179582947892
0.13067068825109
0.13176954678905
0.13222572463377
0.13394253528474
0.1333608331591
0.13167722158132
0.13179499417802
0.13345044176152
0.13031734614018
0.13063861654725
0.13252226218865
0.13058900954559
0.12965835046056
0.13315609653281
0.13224001941203
0.13206555386127
0.13162377217504
0.13012773512762
0.13123344279684
0.13360482305516
0.12976078410302
0.13311378211499
0.13313368221586
0.13273104793407
0.13218605619028
0.1326782825722
0.13212605913284
0.13299324806367
0.13117389054413
0.13318953638548
0.13285408968273
0.13062435860042
0.13211530307404
0.13355576784939
0.13230117534811
0.13061381448586
0.13365327281709
0.13102881486359
0.13244807615567
0.13253790540602
0.12969500641784
0.13190933786903
0.1313525014882
0.13188241644541
0.13136837582481
0.13333587869298
0.13110653755928
0.1323253404163
0.13158195674478
0.13230707256133
0.12974968217783
0.13357173103063
0.13014286433147
0.12846464892977
0.13226982383953
0.1320098813151
0.13202450390141
0.13331587033995
0.13118051673562
0.12981753073474
0.13226709794821
0.13270446560192
0.13094420920894
0.13194103381786
0.13302230873263
0.13279634061859
0.13039511105546
0.13158833165027
0.13237811426126
0.13222098551318
0.13147327929439
0.13225741543278
0.13217052009854
0.1330859804838
0.13376468230902
0.1317419132155
0.12989416439945
0.13096195448207
0.13224561171798
0.13076356335954
0.13274549504458
0.13048839223488
0.13308493600457
0.13089454152226
0.13254826454999
0.13269676314916
0.13282910672149
0.13293284234886
0.13200789371583
0.13268476685221
0.13277008309177
0.13200989806191
0.13259196401861
0.13092779963188
0.13262677726255
0.13264161169345
0.13316051859782
0.13200764809512
0.13356101779171
0.13266627154212
0.1323830157581
0.13327042356576
0.13348742117954
0.13324377231163
0.1314613671321
0.13214770394094
0.13051294138427
0.13049469397732
0.13326645433
0.13343770637358
0.13292049137935
0.13344578941429
0.13295150285622
0.1315350899515
0.13295201861063
0.1329699829863
0.1320055360021
0.1334845717694
0.13307101635315
0.13318275919064
0.13049706259899
0.13101322904558
0.13178252159609
0.13385966767055
0.1330227836371
0.13303913018234
0.13271991727657
0.13244727778935
0.13296240398162
0.13238530426131
0.13156753495707
0.13228746003596
0.13249380105399
0.13216747800106
0.13324334501989
0.13150026405005
0.13345326724747
0.13337592194042
0.13214104346119
0.13163669088132
0.1323945471574
0.13070112705839
0.13288903353191
0.13373776246119
0.13199203016405
0.13323999055149
0.1307432105444
0.13312650012403
0.13203256017931
0.1329141657076
0.13334956780422
0.13039298864276
0.13317767565805
0.13343477018946
0.13184738663275
0.13196143856989
0.13189472215121
0.13208494508708
0.13085823809969
0.13229327216576
0.13098827516519
0.13124894321699
0.1321283172507
0.13262632245964
0.13247723732873
0.13238941874771
0.13346768057888
0.12834468441543
0.13116529004849
0.13181020286317
0.1318861679075
0.12998642065995
0.13092964595149
0.13089678344263
0.13148391740678
0.1313524882205
0.13127964657541
0.13031027687895
0.13165880807959
0.13183415302533
0.13047702083495
0.13219990267202
0.129279794809
0.13181508025362
0.13110707237
0.13238693204212
0.13137956126145
0.13159091798536
0.13226429186212
0.13252869498189
0.13259461808708
0.13181792118609
0.13337398169601
0.13369469089514
0.13306131546062
0.13222488040941
0.13247289572405
0.13252345387773
0.1330479168062
0.13116092548491
0.13356269923426
0.13383444839531
0.13273588072387
0.13262378364702
0.13246654305068
0.13168694860377
0.13021664009518
0.13155861930954
0.13200812113606
0.13278445937021
0.13214934898092
0.13245297918008
0.13281765382122
0.1304524389391
0.13190120950014
0.12929365965271
0.13159073411387
0.13145731816613
0.12954910283537
0.13176129191163
0.13112262860079
0.13196913830755
0.13332018444044
0.13314622849906
0.13159561301779
0.13379329877056
0.1320691996151
0.13175689796198
0.13322117473142
0.13289870565981
0.13184242536268
0.13155141410432
0.1335492219693
0.13261591739083
0.13240511435821
0.13236140227438
0.13299422487436
0.13140793304245
0.13300415542871
0.13188480691943
0.1329336217219
0.13036531438364
0.12919655692936
0.13084959399854
0.13175599538731
0.13190632341287
0.13022277076613
0.13093603206995
0.12954055156577
0.13094944940125
0.13354437054692
0.13110553493891
0.12947599121339
0.13290141876733
0.13288817178938
0.13327852413569
0.13158529922042
0.13250008985147
0.13034671760872
0.13283465022941
0.13286420227984
0.13134458887283
0.12972462026391
0.13140198663694
0.13342706513767
0.13325590163989
0.13170652449222
0.13330795887763
0.13304320042693
0.13200461169798
0.13199912913669
0.12981588172155
0.13132322306987
0.12773964597555
0.13170607166804
0.12978166229368
0.12938115056466
0.12880303071606
0.12732613195093
0.12924121627834
0.13390515075816
0.13130697334715
0.13203113324162
0.1325704972993
0.1321033567315
0.13206359194867
0.1329390088621
0.13053908706509
0.13186649979111
0.13253745739419
0.12905047707108
0.13308299268468
0.13325887928916
0.13295774227674
0.13214701898519
0.13273337272148
0.13271658450919
0.13300786711358
0.13262168077769
0.13093571183017
0.13280891568516
0.13075286984285
0.1335645853502
0.13109871401738
0.13246648395609
0.13350656143354
0.1329524054988
0.13302482398266
0.13239440865238
0.13245572039995
0.13330878598616
0.13378021779871
0.13215806266985
0.13208140673656
0.13077256741521
0.12927593909161
0.13175751772859
0.12930050066093
0.13116278759923
0.1329836727559
0.13043654823913
0.13296842677265
0.13039021324285
0.13139310418498
0.13252186286996
0.13242021312581
0.1315187456442
0.13211505836683
0.13235289977413
0.13145671342766
0.13288930948119
0.13214464984005
0.13204137226745
0.1330993002937
0.13248458331189
0.13083593323703
0.13005486141246
0.13077053691373
0.13125185267209
0.13075995541771
0.13147857381012
0.13239683944421
0.13185515025899
0.1301722315093
0.12990599261826
0.13118289131069
0.128722572997
0.12904704953926
0.12990286298522
0.13103917910368
0.13305836168687
0.13055338655588
0.1291627263385
0.12969287804036
0.13136996735448
0.13224740789151
0.13162656291387
0.13207783314675
0.13187761231374
0.13314991774517
0.13225852404773
0.13133978194215
0.13317578816521
0.13086461258236
0.13157875492214
0.13193505502443
0.1310425642114
0.13276897927625
0.13168466450566
0.13167180274231
0.12950121510361
0.13234057393857
0.13272476134348
0.13282576190929
0.13372071002465
0.13302072069062
0.13336303808358
"n_500_d_10_tr_20_a_250x250_idx_1_p_probflood"
0.13381336013677
0.13487476350376
0.13496732135494
0.13441541538843
0.13357607397247
0.13474032833359
0.13514943933659
0.13487088505925
0.13482430179599
0.13484716858325
0.13490251499822
0.13460220572586
0.13497559662036
0.13458392753309
0.13362095882814
0.13490585087407
0.13545497347705
0.13480570039801
0.1341316543806
0.13444651798317
0.13497810577528
0.1347539001711
0.13420473199577
0.13494041837733
0.13479462304044
0.13545783730071
0.13404694474141
0.13479041020311
0.13474633315697
0.13350762817422
0.13396096850304
0.13487369570679
0.1340924554442
0.13449503556894
0.13455395129693
0.13472625260123
0.13431074989906
0.13492243595294
0.13548181883189
0.13537707159565
0.1350087840747
0.13408757764178
0.13437639788694
0.13454516154859
0.13462027981902
0.13490508845834
0.13471908804841
0.13505912714988
0.13458525092991
0.13548924989242
0.13405649510237
0.13508429808777
0.13458785652382
0.13460252300851
0.13477962422227
0.13466817785952
0.1345909498138
0.13421788228719
0.13389430106132
0.13441271635935
0.13494390924319
0.13424855390122
0.13480535989263
0.135430704761
0.1352018944216
0.13453006581305
0.13464761113391
0.13445794257734
0.1348640631885
0.13476333865556
0.13502703495923
0.13564332988107
0.13468494531614
0.1352654950922
0.13501744672044
0.13442895156859
0.13441006093257
0.13464506853451
0.13510163953324
0.13464135685486
0.13432293148092
0.13575427635235
0.13593308271402
0.13461946270358
0.13449271831034
0.1347009020995
0.13543898485173
0.13455747425052
0.13558965422117
0.13518352768821
0.1351915951146
0.13487898169763
0.13523862981013
0.13419672117705
0.13478344652086
0.13477386102515
0.13560092700267
0.13407057599545
0.13420385376905
0.13446402538312
0.13527165218951
0.13501507384547
0.13428769759598
0.13528513416726
0.13476163259779
0.13537609149522
0.13464789371201
0.13487163409544
0.13561879596659
0.13467097603546
0.13511192917915
0.1350614928904
0.13457518158475
0.13457264496685
0.13453978885489
0.13471267653573
0.13453552175564
0.13482834002295
0.13430121083846
0.13491835003213
0.13488287674571
0.13486096081551
0.13448416449049
0.13476857989956
0.13437592099277
0.13463732944729
0.13421434667071
0.13470763948843
0.13480594852185
0.13484147370953
0.13492546159572
0.13403765250486
0.13519749901011
0.13538978299768
0.13460802918023
0.13455403628891
0.134411290978
0.13510230340966
0.13453846009273
0.13462749585987
0.13446734693032
0.13357955535911
0.13514134111481
0.13435661914967
0.13507685310706
0.13518922930765
0.13555280287998
0.13514737901964
0.13513570747623
0.13502597945809
0.13515601267943
0.134548352258
0.13520120809608
0.13539138631692
0.13454980529159
0.13520807629082
0.13533399477545
0.1351336573752
0.13393532245098
0.13567024084235
0.13553647313563
0.13534090815088
0.13520145994933
0.13393885700096
0.13484699204499
0.13460375663456
0.13431305737573
0.13470407686108
0.13506774084134
0.13521249038818
0.13495383684342
0.13490188084668
0.13526226591075
0.13427234191032
0.13479066580842
0.13421830530215
0.13435283726156
0.13491263321792
0.13505564185057
0.13505907431171
0.13482514532768
0.13447858670855
0.1341766559487
0.13547020197867
0.13416404430634
0.13462873808816
0.13500385416947
0.13518820484419
0.1345941820549
0.13475072153392
0.13497221776189
0.13480996921975
0.13509898790687
0.13466958563382
0.13484436883116
0.13478765880255
0.13522828983886
0.13480608890024
0.13430855281897
0.1348319348968
0.13473413077881
0.13423876536054
0.13467731602375
0.13481053324797
0.13493385150619
0.13450373953297
0.13498269519326
0.13495363834605
0.13525337467811
0.13510742199466
0.13534211973713
0.13451606078547
0.13509043398412
0.13458389454278
0.13461786771719
0.13484118403185
0.13359270754373
0.13480111721507
0.13433042126123
0.13466600575744
0.13469985727267
0.13561450481685
0.13472601193391
0.13503772580609
0.13498298157862
0.13518921183642
0.13475449845783
0.13559016061492
0.13410303325707
0.13449575684871
0.13392570822412
0.13496067287231
0.13551012624499
0.13470032530357
0.13500848136855
0.13563128946873
0.13439591216285
0.13499097966577
0.13473755004118
0.13514554628907
0.13524079848182
0.13451311524292
0.13537341300088
0.1346784254317
0.13462656154272
0.13490793291392
0.13549086226988
0.13483672444826
0.13550083522298
0.13518331907387
0.13422387225031
0.1343874365281
0.13524830517446
0.13494653724878
0.13522552484599
0.13579755723797
0.13508528110756
0.13542467354662
0.13525653321542
0.13476689673369
0.13500050389562
0.13486776239373
0.13491876103579
0.13469658213354
0.13439243472869
0.13550301059106
0.13490915643154
0.13471282367465
0.13463258024749
0.13479246548337
0.13474898791521
0.13543850458596
0.13486653354182
0.13569767345929
0.13496837120471
0.13485277946404
0.1348854413138
0.13461368896791
0.13433789959887
0.13510300677781
0.1346231397285
0.13423768528884
0.13448158000922
0.1346986174656
0.13504839545797
0.13481841594458
0.13506833507953
0.1346906497431
0.13428001882216
0.13579122823302
0.13397719175128
0.13421417990054
0.13432086953721
0.13454344117598
0.13440596663147
0.13471891158398
0.13419340869401
0.13378867585064
0.13397724410847
0.13427970063307
0.13476529011102
0.13416681585388
0.13483964710458
0.13456400273427
0.13456656457832
0.13440817027281
0.13400091798633
0.13466308920061
0.13422380954012
0.13466175579626
0.13483285210592
0.13445430776458
0.13474302743071
0.13412633558813
0.13499966929529
0.13502105398038
0.13499696759214
0.13458828066819
0.13459725118933
0.13425592255379
0.13550059891887
0.13477435068156
0.13500598334407
0.13468193095907
0.13447762506083
0.13421894664783
0.13507368265744
0.13536994415947
0.13492590105008
0.13443053040267
0.13532993918
0.13419540485587
0.13447222605676
0.13523066891833
0.13480022128847
0.13463501673212
0.13517525363816
0.13543112478294
0.13412505487763
0.1346328994719
0.13467347389283
0.13401406329403
0.13484169415761
0.13458460739614
0.13449701160642
0.13466805587213
0.13488803226306
0.1342944811443
0.13513996841935
0.13478374412181
0.13465632638955
0.13457690318148
0.13476010804635
0.13475883841653
0.1346780830971
0.13479911942716
0.13565271557761
0.13494143479032
0.13458710224457
0.13470151980454
0.13444053101072
0.13458821085849
0.13461809243142
0.13476100065338
0.13425604687884
0.13397577824887
0.13471904933798
0.13484540262262
0.13449455765105
0.13518123943765
0.13454237417273
0.13414784772093
0.13514889164887
0.13494015565612
0.13411837955491
0.13420243690891
0.13455113583212
0.13486443245588
0.13569230021729
0.1347719195079
0.13437433048112
0.13416109211351
0.13515321281319
0.13468499349052
0.13438285769337
0.13426343844463
0.13415755710157
0.13522945768998
0.13475833008058
0.13501201364879
0.13490586125935
0.1345539679253
0.13469201544546
0.13456132378995
0.13425649076735
0.13439675949933
0.13006460783564
0.13453736517365
0.13401360402798
0.1343399016458
0.13423446629306
0.13349162173415
0.13396533127073
0.13447866528259
0.13469769997252
0.13474108222085
0.13487534502353
0.13457938160454
0.13468273859427
0.13445627505588
0.13502053981364
0.13434820205283
0.13477782218424
0.13454171126662
0.13507838009476
0.13512155293
0.13479992781325
0.13473315538334
0.13434312379962
0.13516141099673
0.13506339979747
0.13452298417185
0.13451454332554
0.13521152467635
0.13492977290656
0.13516451268166
0.13392483339254
0.13457195472017
0.13573142393996
0.13517733500326
0.13513246841331
0.1355907181124
0.13414647689133
0.13501742897024
0.13474110012762
0.13455881607935
0.13444032209324
0.1344833608045
0.13457328064266
0.13395349557212
0.13437140156604
0.1344658411744
0.13465018599904
0.134250382477
0.13432069762904
0.13408219530934
0.13416055989939
0.13475026690021
0.13447109861869
0.13421148552319
0.13389858010819
0.1340801961845
0.13413342513746
0.13523938645621
0.13469490251126
0.13565493405229
0.13534779043225
0.13475808235473
0.13357279685718
0.13435954866206
0.13404613253201
0.13462950399487
0.13444203335457
0.13430814451126
0.13412222859329
0.13456115934115
0.13417282127142
0.1344886798499
0.13429989321741
0.134612174061
0.13443079845471
0.13481194691988
0.13441223243279
0.13456853675152
0.13454512959948
0.13435132783344
0.1348033025186
0.13511130190133
0.13480810496148
0.13434142475555
0.13442192649233
0.1345982334585
0.13496806464495
0.13428027645459
0.1342294503161
0.13436904381821
0.13420567981969
0.13415675075661
0.13429704474294
0.13366730241388
0.13454767574605
0.13477138764907
0.1347348191624
0.13399921235852
0.13496463371631
0.13463218146678
0.13475223308438
0.13446302433375
0.13492625741283
0.13372426001842
"n_500_d_15_tr_20_a_204x204_idx_2_p_abba2"
0.13274758660436
0.13394934477891
0.13482885650386
0.13409757188307
0.13229506589907
0.13087881501728
0.13309964335021
0.13247730149339
0.13369717166462
0.13363261066012
0.13526082855306
0.13110313526665
0.13531024890817
0.13213929493945
0.13299046988087
0.1341202210756
0.13128504876313
0.13520553155135
0.13157395528714
0.13242020059048
0.13200357069065
0.13253942844819
0.1329348903805
0.13070671843159
0.13012655166818
0.13223995145568
0.13377970087932
0.13039027305966
0.13394010959842
0.13115025742676
0.13400786022041
0.13166524699463
0.13459491491119
0.13449128968598
0.13334982667839
0.13333825334825
0.13280552850599
0.13174311545251
0.13382497129013
0.13137606087834
0.13127406762839
0.13037164641735
0.13502486806249
0.13420254307506
0.13217889977656
0.13448346431625
0.13384552571211
0.13390028651107
0.13328357291389
0.13159265091401
0.13138323938113
0.13346225671562
0.13151345702963
0.13340569100333
0.13322688430992
0.13219882077314
0.13346880372726
0.13340964024101
0.13048340918943
0.13502853294197
0.13287679993047
0.13252026746177
0.13412059453644
0.13309944322289
0.1332023284474
0.13455348232734
0.13312183960424
0.13112770576246
0.13258550390845
0.13266698808999
0.13314384406061
0.1323189986892
0.12921941276094
0.13385402735233
0.13348337948922
0.13282752265623
0.13523726293602
0.13248004301258
0.13287432043305
0.13361421551112
0.13334655142964
0.13427256249003
0.13180000987177
0.13365577093941
0.13408471623862
0.13390264916323
0.13328935079854
0.13200316728119
0.13405089004294
0.13430852646298
0.13301024791358
0.13268376726042
0.13367621226357
0.13385863916587
0.13230863636386
0.13363696845822
0.13538569254674
0.13485211195886
0.13231647743892
0.13458431354942
0.12969338503003
0.13220409856943
0.13324169941227
0.13438192099692
0.13347111399843
0.13203608195524
0.13281303508979
0.13244569879993
0.13408317958909
0.1308637075261
0.13357338544145
0.13507271373206
0.13163404074559
0.13291677951135
0.13301432551778
0.13290688814726
0.13271580737111
0.13241079257907
0.13443908362878
0.13294195044415
0.13422062047334
0.13414731666341
0.1342507270767
0.13224827802415
0.13286562222068
0.13121116192605
0.13128694932378
0.13341675277689
0.13400958147646
0.13150354843387
0.13450979425025
0.13229874217052
0.1323874881516
0.13311164881056
0.13395724078608
0.13224914494972
0.13247072138832
0.13239184859769
0.13391828387716
0.13327537531806
0.13224053100061
0.13259988044404
0.13226825999784
0.13434206611737
0.13173080243165
0.1327598715554
0.13420789615726
0.13254295415669
0.13332431991428
0.13264740428738
0.13291035930237
0.13165780336145
0.13225401132046
0.13277355514791
0.13303139911787
0.13306798632489
0.13235428540627
0.13170494892086
0.13383116788959
0.13237909173335
0.13153382961424
0.1326743097972
0.13353167646643
0.13281528915257
0.13189110681572
0.13366013848841
0.13511665230382
0.13271789546556
0.13227938192908
0.1328046409964
0.13310891858407
0.13172637152643
0.13267256003597
0.13113650663506
0.13269723508285
0.13371729567683
0.13292484985754
0.13405991977289
0.13271586963638
0.13228187525551
0.13293649821464
0.13304029092945
0.1327784381261
0.13321444545325
0.13242770055477
0.13490616960182
0.13261856714238
0.1317250029039
0.13211154751308
0.13291288016769
0.13244459577088
0.13302943122097
0.13265006386959
0.13307283308119
0.13156073129884
0.13353482091914
0.1316720681137
0.13186622576733
0.13289042703481
0.13364443212336
0.13372322195279
0.13149830608948
0.13434977146301
0.13221002658128
0.13287811402105
0.13052803680363
0.13139884324753
0.1330519748579
0.13292348147044
0.13441677734917
0.13306958942307
0.13337398907726
0.13538989380746
0.13355877369884
0.13184080484734
0.13215300176061
0.13142075859633
0.13245344571519
0.13264976025327
0.13273647295015
0.13293675291896
0.13366117062025
0.13182348569676
0.13383924370874
0.13354165765493
0.13287785016918
0.13297341891304
0.13223980609195
0.13449254354023
0.13295828792205
0.13156766717843
0.13211055126996
0.13264850148144
0.13231900999937
0.1325150134119
0.13371966807292
0.1343742947956
0.13374136238296
0.13274461610646
0.1348007825091
0.13347878945097
0.13090317804996
0.13183238181649
0.13229133422159
0.13366607661134
0.13199571510084
0.13277976292123
0.13385396155714
0.13211966876244
0.13354055234009
0.13368210204472
0.13450119247633
0.13432153872546
0.13101586371124
0.13312864317274
0.13225233749536
0.13255329601092
0.1321216752658
0.13354470985627
0.13333957943234
0.13372231146792
0.13294770723358
0.1348552686925
0.13336848753304
0.13315459507443
0.13374004482878
0.13210708536208
0.1314662906732
0.13239840188839
0.13351721460657
0.13411206515413
0.13126232342918
0.1335510450049
0.1336162964917
0.1332112374028
0.13009708220047
0.13257992680457
0.13212819476791
0.13518158958397
0.13305042065379
0.13193088930459
0.1323464273199
0.13119336149268
0.13197888384237
0.13240241017457
0.1325666819256
0.13283399246708
0.13448781350374
0.13404600585219
0.13280697192005
0.13409351568342
0.13375478601834
0.13356312975112
0.13098442972964
0.13271130974438
0.13202416893855
0.13270089515981
0.13367061211294
0.13284542514575
0.1324364904722
0.13508336155044
0.13295461527374
0.13543441198457
0.13259395417443
0.13357907759125
0.13181557022289
0.13368488766479
0.13314706736855
0.13211255315694
0.13178657579812
0.13230310055405
0.13363442020879
0.13228027226556
0.13389042740679
0.13275546250969
0.13250703093889
0.13365610222694
0.13206947268046
0.13210619734862
0.1322612847786
0.1331224119124
0.13496567745973
0.13329079485643
0.13389845183068
0.13369310600709
0.13298569068253
0.13343420525155
0.13255226441462
0.13288144660231
0.1339940449151
0.13353243076845
0.13078448504141
0.13081684392054
0.13228845645252
0.13094977454077
0.13235395419153
0.13291373107754
0.13217639844061
0.1339259964857
0.13466855856
0.13221175025888
0.13389271336216
0.13260505662162
0.13338930487449
0.1338089010511
0.13258649071749
0.13039757901008
0.13363505926572
0.13225133165508
0.12953659340437
0.13355675647374
0.13244025874931
0.13320989541914
0.13269275361331
0.13402209666174
0.13265075700712
0.13331958533428
0.13233901281848
0.13301069763722
0.13379162019159
0.1322256445646
0.13419082881898
0.1344064256412
0.13095425045105
0.13190567453065
0.13123820718365
0.13270044255466
0.13219264325775
0.13237410648917
0.13427252741773
0.13346096832964
0.13487085027688
0.13274070326166
0.1317749907917
0.13237648731605
0.13260484788086
0.13270656081398
0.13286349519156
0.13319789035367
0.13364492758048
0.13335644793696
0.13344113884712
0.13256476164328
0.1333600262335
0.13390456861632
0.1335803318823
0.13181304346717
0.13312281708102
0.13387960506095
0.13161550003399
0.13317113891691
0.13274821044882
0.1328482646347
0.13273387953202
0.13234508910116
0.13396359735025
0.13315824936254
0.13226658290101
0.13197855889392
0.13220112735883
0.13136344260464
0.13219251601274
0.13174787313338
0.13244307071521
0.13391855853945
0.13260359569507
0.13405833622968
0.13145875723477
0.1337696093712
0.13489916434418
0.1347405849952
0.13321199146561
0.13231113057127
0.13409391813203
0.13276112668466
0.13425863060382
0.13316844926708
0.13308684651471
0.13028952997581
0.1336406596404
0.13430535606043
0.13348011091394
0.13493868711395
0.1332214222412
0.13178566005249
0.13317035590013
0.13223355091115
0.13206457546723
0.13266225955464
0.13237338035822
0.13080683315822
0.13278780897862
0.13157520122211
0.13291623960767
0.13286173531118
0.13320520315619
0.13195435387524
0.13101916309864
0.13497354165431
0.13233730104096
0.13388730753016
0.13162014908898
0.13515839360688
0.13476364533002
0.1338348112335
0.13392855178521
0.1322213716865
0.13186946869182
0.13327655195738
0.13432561435203
0.13464115517841
0.13459088561173
0.13357069733337
0.13276131510256
0.13424711854495
0.13410632744428
0.13211815958283
0.13215536337115
0.13204447098589
0.13221411729342
0.13291315912965
0.13383198850305
0.13242819638429
0.13184606715068
0.13197694432121
0.13385883132753
0.1326339366837
0.13396413992683
0.13262036358824
0.13427155456659
0.13449051116751
0.13261580246403
0.13293102311788
0.13195390928254
0.13517108025133
0.13328250891368
0.13233002139097
0.13216204787233
0.13496382280999
0.13226224768401
0.13204926009598
0.13354023435484
0.1333170952406
0.13430167276111
0.13506211244681
0.13507902986367
0.13472252765395
0.13477840399479
0.13436753444994
0.13366413165988
0.13348781943923
0.13419917073765
0.13276557697425
0.13289091146845
0.13324949892346
0.13367780541151
0.13147975008569
0.13390354821006
0.13317463150626
0.13378733779752
"n_500_d_15_tr_20_a_204x204_idx_2_p_cds3"
0.12832686649903
0.13316857474005
0.1302633379886
0.13396929405634
0.12761736505753
0.12801997765101
0.12880250713009
0.12773711706506
0.13383482841269
0.12807632714436
0.13189095834495
0.12624774492806
0.12721330268653
0.13280850679059
0.12829609772291
0.12628295320614
0.13240589515762
0.12573040602556
0.12665779127156
0.13170667998886
0.12695797871301
0.13079274372114
0.13108564437446
0.13379112385514
0.13301629770531
0.13240848869123
0.13337500328071
0.12690219003958
0.13197694676712
0.12802233109011
0.1304380963414
0.12754674226711
0.13080419680097
0.12752577851944
0.13182923300581
0.12950406942541
0.13087557979299
0.12715588667453
0.12783449522307
0.12551020530658
0.13262692509625
0.12733134943754
0.13293836074576
0.1266268929526
0.13105077182624
0.12841809499952
0.13235707526417
0.13278073574995
0.12632611479079
0.12767138253856
0.12733985588188
0.12886353430028
0.12637866937467
0.13238402639216
0.13235982929471
0.13221182861208
0.12748119661927
0.13155959516816
0.13038396777036
0.12691027747753
0.12446048631518
0.13239309201758
0.13325926040184
0.13228388084094
0.13184661689568
0.12539788619185
0.13010558732383
0.13222764499322
0.12762564017688
0.12461532912776
0.13097574137266
0.13116899466319
0.13346182253682
0.12701252695142
0.13293375423992
0.12720874520417
0.13261142537775
0.13168807652854
0.12635039515283
0.13067856695356
0.13207802929192
0.13196643892056
0.12549844222474
0.13254470339264
0.12506410525107
0.12627098275099
0.13337369191106
0.13050800396426
0.12598511521675
0.13310722766723
0.12894677082244
0.13200253579783
0.1305295063206
0.12538239053313
0.13296277589653
0.12462456956611
0.12548192219738
0.12708178840417
0.13151269215396
0.13214516755252
0.13323065861792
0.12513804593375
0.12421621888945
0.12913208493875
0.12791895224789
0.1268039129491
0.13279273304227
0.12433358710381
0.12550259265973
0.12686539344334
0.12833094631821
0.13340373666466
0.12754058509904
0.1328659020244
0.12823294999151
0.12673936809823
0.12615648189387
0.1333467294526
0.12517750172629
0.12881236446774
0.13069281285507
0.12805152573221
0.13180281820403
0.13249561828577
0.1316631048812
0.13281380994734
0.13308888305501
0.1329212258574
0.13232845883345
0.12659719597021
0.13195337539271
0.13266064700244
0.12722765362271
0.13023286831346
0.1301638160489
0.13287676242125
0.13029395834592
0.13241023436424
0.12891672506054
0.13264712474988
0.12646980278039
0.12742109471008
0.1335819725101
0.13272181289501
0.13255704300832
0.13274032146437
0.12814397847699
0.12610829701152
0.12733737583983
0.12978207919725
0.12627396409411
0.12559844420419
0.12717481013156
0.13248291443447
0.13268158093886
0.12508078725411
0.126568115593
0.1265447229158
0.12654404881183
0.12647564947179
0.13307070998788
0.13310297451806
0.13329187586911
0.13317771375079
0.13049840663299
0.13172548747075
0.12567837236921
0.13178430558678
0.13304988237483
0.13074571206136
0.13274506206114
0.12781846979406
0.13260985427439
0.13223572573727
0.13089632207713
0.13139679826891
0.13288356991391
0.1302815092317
0.12767427665812
0.13245205152154
0.1316219329193
0.12669347250147
0.13103758765439
0.12737315146401
0.12862693674609
0.13082263407445
0.12999487874017
0.12747996788623
0.12835764864488
0.12777102994708
0.1316749965355
0.13090487258523
0.12746867706333
0.12643000140473
0.12945167878918
0.13395396965341
0.12863585272537
0.1322953953376
0.13173600057333
0.13339181752322
0.13096369606826
0.13329940384913
0.13263106907098
0.13048487981959
0.13164899068146
0.13162733687974
0.12675174025944
0.13203311266146
0.13393423198975
0.1280976977807
0.13277129683366
0.13077002193586
0.12808589420099
0.12970087154834
0.12609923023346
0.13187160570423
0.13185143921775
0.13257451982082
0.13133947831831
0.12682809876032
0.13142137689075
0.12587122964727
0.13333208816252
0.12704079260406
0.13314660265495
0.12619194122234
0.13033544937271
0.13296747770539
0.12570848522749
0.1320124074755
0.12524549299774
0.12958422018847
0.12876076028529
0.13189991154469
0.13245975272205
0.12559679309731
0.12793079002166
0.12517046120685
0.13291297137957
0.12834794045219
0.12553040976651
0.12917918644156
0.12859009070076
0.1299630735007
0.12709634420114
0.13102877577114
0.13216398927812
0.12776775848456
0.13069057652031
0.12671001205204
0.12719973350959
0.13276726788201
0.12477075572555
0.1327604894331
0.12723780581336
0.13166871202169
0.12624284589393
0.13190560062921
0.12632977366645
0.13200894159773
0.12822980189491
0.13342798706498
0.12668147818738
0.12721542186235
0.13200391274121
0.13348211194374
0.12629704036776
0.12673492367279
0.1310381921458
0.12714780826252
0.12512992679721
0.13384580199286
0.13400435424467
0.13189887934232
0.12795783273179
0.12653092904965
0.12852772730389
0.13185007486239
0.12885948948863
0.12611740981541
0.13264596333105
0.1259445933522
0.1263468148925
0.12982758578229
0.13279022015116
0.12794359272135
0.13281088950965
0.12640137749305
0.13272927809697
0.1260125883892
0.13333999260308
0.12930658427272
0.13351522974011
0.13182456582752
0.1333106127858
0.12903379300166
0.12928595589385
0.13033027480297
0.12883587821143
0.12726280523582
0.12883785752396
0.12931466838087
0.12680199496844
0.12832456534025
0.12800633932145
0.1332357223955
0.13289700752759
0.1331358896429
0.12837081346064
0.13293999305181
0.12854191732807
0.12713769742686
0.12881225134826
0.12830042108959
0.12757012297595
0.13257835708681
0.12698040799902
0.12843772902276
0.12749061857805
0.13202098267316
0.13053740724459
0.13144324539931
0.1297829623721
0.13222227798687
0.13236583482817
0.1302775412128
0.13305783759726
0.13306837191306
0.13035846284617
0.1260243546627
0.12750323288375
0.1260748525702
0.1256729581977
0.13051047173458
0.12950480111551
0.12730213914006
0.1263502670932
0.1337191164881
0.13094262203317
0.13152584886683
0.12739033747313
0.12709005725615
0.12962116216865
0.1337780474423
0.1335967679681
0.12472157305412
0.12618251732124
0.12601768150195
0.13018818897393
0.12784315999874
0.12465878097643
0.12733141209783
0.13041151863549
0.13105666543318
0.13165210242123
0.1265913195074
0.12643026665009
0.13323029692116
0.12785820409776
0.12787415712189
0.12710342251289
0.13253920267793
0.1259620152048
0.12807292511513
0.12686051348199
0.12687432036393
0.1293215123825
0.12760238583475
0.13140074911063
0.13340525469999
0.13188767276526
0.12727918547533
0.13080850164534
0.13118203479779
0.12722191239979
0.12607826145355
0.12836376423835
0.12781411712539
0.12804936443473
0.12817423446664
0.13131389695467
0.12769265977573
0.12642296481713
0.1314992045483
0.12609744786504
0.12599314592927
0.12672820855587
0.13190614282259
0.13262300389106
0.1319990335763
0.12882234899117
0.13145072667806
0.1305719216437
0.13307115766214
0.13246892181846
0.13183930851088
0.12749111350744
0.12971151458863
0.12740371369084
0.13270816914043
0.12644250359238
0.12354263858498
0.13090888587573
0.12395154912869
0.13145312192385
0.13156479990395
0.13183678669075
0.12724328083815
0.1254169353957
0.12644665022018
0.13092203131467
0.13138736361356
0.12691954415361
0.1324511710377
0.13158926825678
0.13121845985071
0.12927656979565
0.12834874544079
0.1334342608722
0.12716578266452
0.12990055037856
0.13300157347412
0.12703324754425
0.13266937782337
0.12810719849085
0.13034383851248
0.12684149726829
0.12972864511502
0.13228558668812
0.1330469402616
0.13081782781278
0.12961816230151
0.12756322085068
0.12888665288464
0.1275444298563
0.13257201892088
0.12739596156166
0.12830309492708
0.13303971793976
0.13248664787408
0.13159968179155
0.13033096886506
0.13245762309688
0.13240323427879
0.13190617890828
0.12748392700336
0.12649167901196
0.13199556425029
0.12470963704269
0.12966646999007
0.12500642047067
0.13256864579404
0.1272554767685
0.12845719698748
0.1281119076551
0.13170216538756
0.1310354162091
0.127491536621
0.13010785266232
0.13119414429357
0.12636260549012
0.12479575939465
0.12542596017388
0.13051866339317
0.12490934600155
0.12650147031151
0.12852845370264
0.13247594438113
0.13220033905082
0.12867821588564
0.1309193443081
0.12580675736531
0.12624073187502
0.13241329175329
0.13210436349358
0.12806763162161
0.13253886531557
0.12846802107025
0.1323749791356
0.13083488051056
0.12961727949034
0.13222722479034
0.13008595463902
0.13236615921567
0.12931184387222
0.12470640237152
0.13005522448576
0.12695406111365
0.12741989468766
0.12761276704657
0.12719221883414
0.13280964693512
0.12763744077143
0.13176747050906
0.12591837437538
0.13063002875459
0.13240719440634
0.13181772814855
0.12560547378397
0.12635124781508
"n_500_d_15_tr_20_a_204x204_idx_2_p_flooding"
0.13841685612928
0.13630654510194
0.13667561953562
0.13716634768542
0.13811216256355
0.13821767778808
0.13828639145451
0.13850885459619
0.13660505617518
0.13847695269064
0.13650799515177
0.13703056261899
0.13639249811279
0.13650373404326
0.13692223167373
0.13855745836538
0.13703381961842
0.13730289301469
0.13750289994413
0.13821849088648
0.13839819748668
0.13803394616626
0.13846601409965
0.13807157453749
0.13795648264791
0.1377815424187
0.1368467212471
0.13803489718859
0.136890952659
0.13798431287324
0.13798693887212
0.13795645997939
0.13702002121946
0.13663899257165
0.13809257408132
0.13830767695236
0.1379233573602
0.13813418911367
0.13657742189166
0.13747655608516
0.13670093872435
0.13724792386532
0.13651471618717
0.13840985867752
0.13826433842124
0.13725818119999
0.13779535141762
0.13784513234638
0.13786475428822
0.13739258739345
0.13766199577619
0.13622435148216
0.13772075773619
0.13790288540358
0.13728104808826
0.13820856802769
0.13777819637958
0.13774261707872
0.1370121741996
0.13664732548692
0.13698734473548
0.13646114071102
0.13653364631482
0.13654352815983
0.13811709321684
0.13689105369029
0.13690025945563
0.13800602526487
0.13727896679305
0.1381835065804
0.13625784451842
0.13678368049489
0.13680573061227
0.13627175768469
0.13698242216119
0.13807183839851
0.13625690273566
0.13824586164614
0.13776781437137
0.13685250810892
0.13674726592825
0.13594104903287
0.13655007038612
0.13743116858669
0.13670599547166
0.13690375435926
0.13636131152271
0.13788059077482
0.13639239141991
0.13685758658184
0.13668163582319
0.13733849472686
0.13681358088443
0.1371868585395
0.13737698610762
0.13642023649894
0.13610760229889
0.13625565882211
0.13711571503128
0.13656155876179
0.13692810638116
0.13803346227206
0.13688141324005
0.13576503718939
0.13791276909808
0.13806710192998
0.1379114543209
0.13761273905214
0.13553063776372
0.13667525011717
0.136838897568
0.13679179618116
0.13759961037789
0.13786244622412
0.13799355342852
0.13789617261022
0.13700580062344
0.1370372054588
0.13603220951752
0.13738885267188
0.13660941169967
0.1370990868922
0.13701900886097
0.13755048311755
0.1368495853175
0.13693548554099
0.1361733727203
0.13782613946811
0.13739396678647
0.1369212988065
0.13629434580156
0.13809286080325
0.13776725169121
0.13734824322366
0.13684504651603
0.13711771500813
0.13702416151803
0.13738663951837
0.13783205463484
0.13779046348664
0.13680783591786
0.13644764610202
0.13755316786433
0.13739041760533
0.13781676614326
0.13722628001716
0.13752491369163
0.13773826608481
0.13729972224579
0.136809527935
0.13736939250872
0.13773892615918
0.13671459008752
0.13709554514331
0.1367263431434
0.13776201834069
0.13722801535261
0.13771029104047
0.13745785842363
0.13750922524411
0.13759420932217
0.13692212595143
0.13689666861188
0.13728049252834
0.13725561731484
0.13608756854919
0.13621390473942
0.13636402453248
0.13774014479618
0.1377009133985
0.13598394840381
0.13774713612643
0.13743375969932
0.1378232499478
0.13774623485587
0.13777041228598
0.13736655808797
0.13768518052341
0.13622043494987
0.13784759418846
0.13750012123686
0.13747170350271
0.13809931269431
0.13718651161298
0.13808620854508
0.13693183602006
0.13780211974509
0.13768768644618
0.13668194343894
0.13779821613276
0.13774656625686
0.13758052705587
0.13756055949169
0.1368295680846
0.13792124447918
0.13744294828069
0.13748472490448
0.13750231216426
0.13784649650337
0.13685682964915
0.13778362548302
0.13810595998892
0.13698411329898
0.1378690021649
0.13732590011889
0.13798233973974
0.13766334448295
0.13743022540896
0.13700337284093
0.1378355862658
0.13776099260889
0.13763050387562
0.13669295367268
0.13769689362872
0.13779892996692
0.13758966657988
0.13786465520826
0.13792378587686
0.13767731543122
0.13766383079119
0.13720295066384
0.13723188627413
0.13725242189062
0.13741401078359
0.13773497864825
0.13716035298314
0.13768922176947
0.13721462636664
0.13717063117322
0.13758737934674
0.13688844462027
0.13736670039854
0.13771746182031
0.1376706739857
0.13708712259573
0.136356176396
0.13727871849872
0.13787895823972
0.13773299614046
0.13684327337285
0.13720807914777
0.1371516463904
0.13776727417151
0.1368166902283
0.13709519925939
0.13781581042061
0.13663610466219
0.13714766042917
0.13763414614411
0.13640494649073
0.1374673281776
0.13650671335984
0.13784566944304
0.13754148570131
0.13772876616876
0.13765719593886
0.13734628871778
0.13607136638656
0.13767883490863
0.13756197945246
0.13687896022922
0.13680673615836
0.13656186157475
0.13746449424264
0.1372757535613
0.13715054159349
0.13675093343697
0.13769420488749
0.13769394174607
0.13729219244222
0.13710727064802
0.1376498450485
0.13770572087792
0.13750148922735
0.13780148529618
0.13656023634717
0.13783298842712
0.13754508753467
0.137362432231
0.13746318069599
0.13779483411056
0.13771072704193
0.13789120739833
0.13791450127049
0.1375743506253
0.13696229238555
0.13685125396365
0.13680288932496
0.13779030985551
0.13627282401349
0.13735005466399
0.13792152716531
0.13631266802351
0.13773798737354
0.137208720092
0.13762597552498
0.13796894523627
0.13747784837804
0.13794571581958
0.13747360466311
0.13700399771232
0.13766542605876
0.13783438794219
0.13759566640028
0.13689846331206
0.13749628405801
0.13740597565848
0.13735118467433
0.13773712328609
0.13793970294778
0.13780993892443
0.13759982569819
0.13715237365959
0.13734279113439
0.13713271133164
0.13755283225107
0.13681478031041
0.13737994035403
0.13777618436397
0.13638093540868
0.13772424718513
0.13743182882897
0.13739184592731
0.1371640278557
0.13727350204507
0.13757116537265
0.13616813933093
0.13737523913367
0.13693755986219
0.13708855278409
0.13693258835105
0.13748031236883
0.13759326423826
0.13791317880922
0.13641892389567
0.13777140920537
0.13664637469093
0.13614769202654
0.13742230848257
0.13801701168767
0.13811196793565
0.13719682336417
0.13682011237174
0.13747092177134
0.13707598123839
0.13725643318648
0.13768057599343
0.13648208168372
0.13752975542572
0.13732339544497
0.13576317370886
0.13603599699298
0.13596034805143
0.13776247231449
0.13598754044458
0.1375485976488
0.13725743172703
0.13731564890804
0.13775400117822
0.13767440185234
0.13686091719953
0.13627242437215
0.13678155861244
0.13706231190869
0.13784167463316
0.13740412358204
0.13634569863087
0.1378758915294
0.13777045313478
0.13667561028467
0.13757977954501
0.1366235173954
0.13791660219901
0.13777003842455
0.13754007561916
0.13773173307174
0.13722691916189
0.1373177361932
0.13794669160126
0.137350065478
0.13748269856566
0.13707907094325
0.13753060089643
0.1374028069189
0.13759327854699
0.13786778915958
0.1374623234412
0.13784349461481
0.13687246511901
0.13730157181606
0.13678708774655
0.13735454043383
0.13735056032666
0.13728878078922
0.13753363952854
0.13728444441165
0.13757442069873
0.13764634299346
0.13788536147468
0.13696157055308
0.13789301364595
0.1376517141637
0.13782629070651
0.13754924702351
0.13528269390092
0.13783845612226
0.13543224749622
0.13778828976113
0.13583049999416
0.13626000005838
0.13578014972339
0.13782628153219
0.137602779605
0.13700509178586
0.13744547280398
0.13756509305038
0.13723820873763
0.13756329373639
0.13805228293584
0.1368473663357
0.13747567168318
0.13739833875649
0.13586914159757
0.13755275305198
0.13761377547804
0.13655892100327
0.13767138762015
0.13764368083056
0.13765587349543
0.13765786916044
0.13758473307974
0.13786453099773
0.13770410174373
0.13726228249283
0.1377865071648
0.13742733103826
0.13796659678649
0.1377595310544
0.13623877037879
0.13807513506853
0.13746974331557
0.13788185414076
0.13732483464533
0.13658184056405
0.1364029231558
0.13747453950941
0.13818433509936
0.13766091975636
0.13621043788867
0.13741152404417
0.1363083752027
0.13595298636078
0.1362003730798
0.1376458313604
0.13669232450249
0.13752004480269
0.13795702638974
0.13791242075182
0.13777368673312
0.13803493285165
0.13693612954848
0.13660358688089
0.13724379422701
0.13626769905248
0.13666357896691
0.13661384455954
0.13722381449843
0.13643870836173
0.13623492843079
0.13638021750107
0.13714016467614
0.13797972248191
0.13703312347936
0.13648379842709
0.13672305317557
0.13764184985859
0.13766305665728
0.13783515372805
0.13633549266466
0.13711559510859
0.13772616930894
0.1378069696305
0.13773749311426
0.1362080607545
0.13558096168138
0.13534682050537
0.13563412199506
0.13610503703542
0.13635004785806
0.13666230640325
0.13744778493778
0.1363081849268
0.13805640484248
0.13742784877098
0.13665474492656
0.13703633092674
0.13758545130576
0.13633112693113
0.13646776408372
0.13632578473023
"n_500_d_15_tr_20_a_204x204_idx_2_p_mprt2"
0.13414120705788
0.12971585707333
0.13510626172163
0.13214039825104
0.13411186062193
0.1322821381478
0.13118838071431
0.13441048173477
0.13496887085968
0.13416763299874
0.1329909765225
0.13462233827907
0.1348990165494
0.13509496423113
0.13438321773881
0.13046842768318
0.13291046285707
0.1326944493215
0.13132124154994
0.13440371549842
0.13126512354092
0.13387802525798
0.13254191732081
0.12962827363745
0.13437039572359
0.13333405188488
0.1331019620341
0.13079894303649
0.13311439225599
0.13286209849465
0.13463177646177
0.13416055469176
0.13346024957941
0.13470546448597
0.13467090859791
0.13466663174915
0.13167339134434
0.13096485986358
0.13431473561442
0.1320346892392
0.13084292144017
0.13530765284307
0.13210550586214
0.13339848822582
0.13259134744926
0.13365756759893
0.13432618433124
0.13359830192906
0.13325848805964
0.13157539619163
0.13399176223664
0.13512462682164
0.13457750509911
0.13323549721497
0.134495006017
0.13225760137797
0.13157857230927
0.13505601544383
0.13287378170045
0.13392764050321
0.13415030731426
0.13484134033348
0.13479260882562
0.1337456879929
0.13475721917033
0.13408830260461
0.13419029183297
0.13432952906609
0.13479169636139
0.13319091238001
0.13219059711694
0.13230915907965
0.13251630037975
0.13252709483325
0.13229675861754
0.13278145045837
0.13498519147231
0.13475598888177
0.13394881809057
0.13307730828196
0.1341382748107
0.12961724753387
0.13294733818713
0.13424606603112
0.13322145985925
0.13373088699192
0.13343675834024
0.13109114341852
0.13479366930062
0.13350112832483
0.13357585699237
0.13357648914495
0.13366021544785
0.13247658994633
0.13285287252051
0.13320029151302
0.13320662236655
0.13189649148911
0.13401476901894
0.13438014028375
0.13389647627477
0.13192393077467
0.13386976556112
0.13064525548316
0.13154565169377
0.13256283067824
0.13287918941169
0.13419703423239
0.13248878148561
0.13322310071306
0.13419780227749
0.13357887688079
0.13413504338992
0.13144022712167
0.13334826956184
0.13279812867228
0.13104145336451
0.1334834556689
0.13327269894301
0.13062025853705
0.13013591634245
0.13145159494992
0.13392598369865
0.13329990886609
0.13299763103957
0.13387419665368
0.13494372452675
0.13303865033743
0.13404360185243
0.13293545212538
0.13191896198199
0.13341675812844
0.13311729063612
0.13376323438852
0.13430109001077
0.13444853455147
0.1336960008939
0.13289058146953
0.1329127770077
0.13426413561774
0.13343751220184
0.13205102211237
0.13363287321458
0.13186348248501
0.13393657998991
0.13056764127271
0.13415142815572
0.13277617807268
0.13128841817461
0.13504185683148
0.13478064024395
0.1339636304706
0.13107078924117
0.13219083163682
0.13435548455153
0.13371874237489
0.13409288355608
0.13407514868346
0.13435800433388
0.13389474206378
0.13346564731606
0.13424933427249
0.13307949203559
0.13431256556029
0.13120961066167
0.1347079647639
0.13450883914494
0.13310727604909
0.13056315318937
0.13450205492717
0.13283692467855
0.13487974272051
0.13372035582137
0.1335700879925
0.13481480656399
0.13201193998878
0.13461360531818
0.13498683585538
0.1336561881145
0.13414906869258
0.13258845373396
0.13347062624347
0.13413817622194
0.13358836391072
0.13367346101503
0.13372907952969
0.13220093710621
0.13402828490323
0.13398129008214
0.13387474698204
0.13322506516083
0.13371062291363
0.13329873603686
0.13401843207992
0.13393093394094
0.13379912801912
0.13302456862959
0.13395531516096
0.13249458262616
0.13358540441682
0.13391064501197
0.13396271940807
0.13261529059101
0.13429517915314
0.13114763732633
0.13386293570018
0.13327523949421
0.13059012574284
0.13318338752736
0.13360731696384
0.13387376596933
0.13396474687455
0.13310525763882
0.13393274800664
0.1338477643034
0.13265328285293
0.13060019723162
0.13374224257741
0.13251408610686
0.13424626580992
0.1346704323557
0.13456577924721
0.13159118659427
0.13487825897284
0.13413001056963
0.13244406793055
0.13396210759979
0.13417411443276
0.13409422811849
0.1341914777701
0.13366925818357
0.13447496253207
0.13239346222637
0.13353974008045
0.13436196261801
0.13408954051027
0.13404047219215
0.13378352283121
0.13425512620823
0.13422492056419
0.13479837569143
0.13348980940669
0.13287086901277
0.13410358385009
0.13236376083963
0.13361512587537
0.13315735863633
0.13393597945647
0.13447569100227
0.13147050480976
0.13365800360536
0.1332253920245
0.13175267652393
0.13394795805558
0.13396485343011
0.13279560375822
0.13056330087691
0.13378390778727
0.13367617299689
0.13357249707642
0.13259133256479
0.13278113864694
0.13325705936268
0.13351348081643
0.13309255006581
0.13442332529668
0.13382501449392
0.13443119517525
0.13442832293478
0.13441818611602
0.13336416216741
0.13520625975705
0.13384572790272
0.13395223483196
0.13289318824524
0.13368971655747
0.13306517558279
0.13435386744548
0.13274884315878
0.13381682830337
0.13471539195025
0.13421573225718
0.13435628051073
0.13446353841353
0.1340104460749
0.13345699752492
0.13362213706336
0.13152527458852
0.13109636847161
0.13045416561622
0.1328565483387
0.13105196760677
0.13390316651576
0.13321607742843
0.13112856211427
0.13443388990939
0.13449650151447
0.13358067105024
0.13007121700915
0.13349054005564
0.13296645994393
0.13266236519283
0.13473420985702
0.13091440952754
0.133945685778
0.13443128791552
0.13289204219316
0.13461378893047
0.13377479464761
0.13011481151753
0.1334442570531
0.13326509257816
0.13431905601444
0.13306511904662
0.13019731024781
0.13369407497221
0.13406355167796
0.13446061873915
0.13328245399446
0.13386281157558
0.13394030115969
0.13359481221351
0.13379601802971
0.13284736030288
0.13259319711164
0.13063047290732
0.13342634739439
0.13437283275985
0.13380076269433
0.13319780281507
0.13389997409391
0.13354787696048
0.13332954309362
0.1346668934181
0.13267841818367
0.13183528909146
0.13354036744525
0.13171342586869
0.13253238468926
0.13348848020475
0.13326874133567
0.13238193735276
0.13238322205823
0.13129586850034
0.13374363157844
0.12993090824576
0.1302699266031
0.13121042003232
0.13187903595494
0.13257476483983
0.13267745276086
0.13087451157496
0.13319161103863
0.13494382375258
0.1329776029274
0.13399856622608
0.13375792672094
0.13333298630128
0.13465301291556
0.13255750087189
0.1349896329512
0.13201263590363
0.13398980727364
0.13496376125208
0.13302615587508
0.133165475734
0.1333926907942
0.13462018283162
0.13388367391929
0.13226000761388
0.13361503210011
0.13126759920949
0.13386899429331
0.13424488527649
0.13404447356445
0.13452984509268
0.13137398678491
0.13449236564177
0.13334222229759
0.13409517691573
0.13442506642001
0.13409336697268
0.13414659350159
0.13289241607279
0.13430026607852
0.13446134595725
0.13222611193241
0.13309094772845
0.13112224708575
0.13275168104478
0.13415585550737
0.13352869053925
0.133815939614
0.13378040775377
0.1343257023366
0.13372065717481
0.13416082533045
0.13438374327982
0.1339973431077
0.13321876682787
0.13345976617372
0.13437141466172
0.13424612575532
0.13463556551036
0.13281154756799
0.13342917709318
0.13410245479596
0.13446175065154
0.13442453100481
0.13358205455132
0.13361317479052
0.13355036264908
0.12905046855375
0.13343255097263
0.12775674726078
0.12713840282625
0.12792589837098
0.13432047460175
0.13495389765173
0.13403711877764
0.13392500013206
0.13374477135148
0.13404710374196
0.12943832558445
0.13428404345949
0.13362178396559
0.13377009295547
0.13324173660999
0.13367005246546
0.13264042949819
0.13423029155515
0.13131571469606
0.13424877963145
0.13115652462696
0.13168961493233
0.134367417586
0.13399614492906
0.13338563093485
0.13363390562269
0.1329771369026
0.13482042946847
0.13343252399648
0.13232704293721
0.13216336329873
0.13519088910179
0.13385644317569
0.13398952400695
0.13217527212043
0.13459861520038
0.13440805645513
0.13460020618078
0.13295059274702
0.13468819373228
0.13450578158769
0.13451731834832
0.13381026518216
0.13501521285462
0.13198036029844
0.13140997204053
0.13231026243913
0.13369937443306
0.12897889341366
0.13395755163829
0.1320486936062
0.13227953534102
0.13094549177831
0.13156385392
0.13372550492112
0.13480932601856
0.1327560801421
0.13199180434318
0.13034717831202
0.13411802678978
0.13404784855694
0.13429229134342
0.13057271699339
0.13407244295077
0.13297965869438
0.13406580175616
0.13298596118459
0.13343374456377
0.13376530630205
0.13461784432825
0.13227076664656
0.1343095461216
0.13388641884077
0.13340787220912
0.12888062980817
0.13300402969377
0.13017920583049
0.13201280355303
0.12893683036918
0.13220040187668
0.13246836543266
0.13396497555635
0.131891496776
0.13379829426984
0.13331621479138
0.13100941429524
0.13221382025591
"n_500_d_15_tr_20_a_204x204_idx_2_p_probflood"
0.13515704434527
0.13464753385081
0.13638565762594
0.1347712954841
0.13598638118037
0.13507967103206
0.13505584803594
0.1360433643418
0.13624563608187
0.1360433392482
0.13545025456838
0.1364634715878
0.13628427892019
0.13618203969136
0.136484952671
0.13448420622191
0.13456752810594
0.13501802229141
0.13496069729412
0.13606059095389
0.13456883860015
0.13622638514642
0.13498119300784
0.13422060110676
0.1359391531162
0.136565388713
0.13506144710346
0.1347268310064
0.13461508014908
0.13505096114431
0.13600145891354
0.1362357850022
0.13609219442201
0.13607435370503
0.13642397236101
0.13638404018514
0.13492716229404
0.13503021344541
0.13552329140469
0.13468316602459
0.13437247936879
0.13607952319323
0.13451347709952
0.13522878056121
0.13474539903064
0.1350908488684
0.1360431979461
0.13600047254861
0.13507207198281
0.13411035612488
0.13592475672211
0.13633729760995
0.13594957429681
0.13570013218033
0.1359860133049
0.13476653806727
0.13483971451171
0.1361446869037
0.13505962484212
0.13588404025924
0.13573488530366
0.13639866104072
0.13622046255873
0.13500555679643
0.13601078093501
0.13596742574919
0.13584088779645
0.13542790833562
0.13606996640404
0.1351986722169
0.13517395161707
0.13555374096986
0.13435075427643
0.1348861887972
0.13524458408195
0.13450254828083
0.13606199248598
0.13521894854398
0.13568403583204
0.13510760108314
0.13596132644701
0.13443459148992
0.13507730406569
0.13616378708601
0.13576931058811
0.13552215792936
0.13596273869291
0.13513267003014
0.13608714194794
0.13458411186902
0.13490313239933
0.13477013780893
0.13538955870498
0.13485285385991
0.13477048386119
0.13527660866675
0.13465479268016
0.1348190324971
0.1352138113652
0.13512682208802
0.13548007007672
0.13490498177092
0.13560820067225
0.13526367401296
0.13571764044981
0.13465335337948
0.13507669122353
0.13601289613251
0.13584878677962
0.13508934713399
0.13536220023139
0.1353720723577
0.13511905480281
0.13610392418737
0.13520202040087
0.1348672347853
0.13389236006674
0.13620839366572
0.13489256384544
0.13497944760207
0.13547084394335
0.13560479289475
0.13546512096348
0.13599145666798
0.13602887321659
0.13583179274468
0.13589043466506
0.13541874202986
0.13588769821385
0.13553013132877
0.1345306452441
0.13490377431201
0.13528669914819
0.13585828092736
0.13588314935558
0.13585184982363
0.13570840654995
0.13532761399549
0.1352435643761
0.13589239654176
0.13529941190631
0.13528694163644
0.13586210670268
0.13587916668128
0.13586462762898
0.13499480008101
0.13551847336473
0.13539372971959
0.13520137144127
0.13591048762075
0.13571882632026
0.13540139643019
0.13457221667389
0.13430662780059
0.13608509800543
0.13501968296035
0.13577537411168
0.13590334451452
0.13570686642086
0.13565562211119
0.13566850975196
0.13583255477896
0.13527143421228
0.13581803069372
0.13493694007385
0.13578738940901
0.13564894360479
0.13572785357724
0.1348163281825
0.13575614183537
0.13510004906861
0.13568421241678
0.13516360021359
0.13547184807456
0.13564484098052
0.13593323458017
0.1357283471149
0.13591316818784
0.13571548702568
0.13551742782735
0.13496949132275
0.13469928418238
0.1356905471859
0.13545560131771
0.13532515285825
0.13530987059839
0.13498347581383
0.13536799247564
0.13574796141647
0.13571256422593
0.13556581133575
0.13575426161556
0.13494573926154
0.1353733705424
0.13552199414327
0.13494372972079
0.13520853123554
0.13560607570353
0.13504616589608
0.13559882061892
0.13565640990372
0.13543528386435
0.13506172115543
0.13537687234177
0.13456885004005
0.13584384079799
0.13572566948051
0.13436663198702
0.13451648723982
0.13576809090929
0.1358695897436
0.13589770026749
0.13553236919655
0.13581125628857
0.13574360013514
0.13578572210446
0.13447768110823
0.13547910963366
0.13531512449057
0.13534369152129
0.13577187769352
0.13587383260532
0.13484865202125
0.13583812561964
0.13578453637891
0.13500877825142
0.13523430429749
0.13552644157642
0.13607256728139
0.13579100265608
0.13571933686221
0.13595540573597
0.13513686996467
0.13534353108096
0.1358690518899
0.13585735400167
0.13588560152275
0.13556487137358
0.13581613854658
0.13596231185467
0.13589755868193
0.13576690771537
0.13601042862452
0.13571487705429
0.13564936625725
0.13557689081346
0.13545665235298
0.13579029981111
0.13558566451579
0.13514523609199
0.13486887220728
0.13535519969222
0.13504939376499
0.1355585051142
0.13586195885949
0.13545345360838
0.13448005497316
0.13574513341533
0.13525600484271
0.13550533974753
0.13455439642029
0.13571013292568
0.13558733315766
0.13538182210931
0.13536321555125
0.13571915560881
0.13528532694157
0.13551065928203
0.13577631061059
0.13579379027358
0.13564699109325
0.13563659389132
0.13586964552113
0.13519220064393
0.13587430229231
0.13593023967556
0.1355967470055
0.13559484535643
0.13545757445486
0.13547748821542
0.13583683854497
0.13511239428081
0.13563370941734
0.13594842057905
0.13567019032579
0.13597742904634
0.1349787459264
0.13465564089156
0.1347302335177
0.13438472387048
0.13504989806123
0.1350275065728
0.13504829036471
0.13600065280384
0.1349777074562
0.13609356744017
0.13600570467187
0.13557069937639
0.13480141608325
0.13579199954403
0.13513839133409
0.13546207623522
0.13582290841215
0.13546128328544
0.13598915317196
0.13589203655472
0.13528768821096
0.13567222688339
0.13602172235793
0.13469427797871
0.13578550832175
0.13492525687625
0.13556810822318
0.13532201938454
0.13449974041379
0.13554300424713
0.13559295291831
0.13576317695393
0.13547620048545
0.13587704463489
0.13543339132193
0.13598543499847
0.13532445097337
0.13538964754895
0.13545648803412
0.1344319570726
0.13565368021559
0.13606213806721
0.13526407175667
0.13500905649795
0.13511806397483
0.13524452937734
0.13557901356381
0.13569373924106
0.13508715601659
0.13462372432082
0.13555641293252
0.13515114561096
0.1353836862687
0.13564790076018
0.13543069147158
0.1354671169433
0.13472633870321
0.1341211150464
0.13516459078685
0.13432260679509
0.1342640215953
0.13432642906803
0.13546679216196
0.13461213114792
0.1349681297749
0.13505982642533
0.13499458996496
0.13587961577083
0.13545454097822
0.1354477697644
0.13565303398109
0.13566521988085
0.13547517123516
0.13564132299898
0.13599693750155
0.13491137647397
0.13573129813773
0.13595978529262
0.13553499094481
0.13575528105342
0.13568218157916
0.13602582136914
0.13558818755061
0.13579985290176
0.13560168044823
0.13550409169586
0.13561514856811
0.1356417935
0.13567778672722
0.13581192141669
0.13522606506133
0.13589371799284
0.13568639375682
0.13542687552126
0.13540731916394
0.13588686428054
0.13565693850001
0.1350694779058
0.135958183301
0.13589304561
0.13452829007468
0.13559256583661
0.13529919403993
0.13548799312837
0.1356011927286
0.13581719376192
0.13562182743803
0.13517713838471
0.13584383172849
0.13491489544274
0.13591329997055
0.13546246461242
0.13581091356214
0.13539673406338
0.13540518592336
0.13591217565943
0.13584938223378
0.13588525835631
0.13512298678502
0.13572682270684
0.13520623843278
0.13553332488001
0.13572620105498
0.1353308199811
0.13564505576909
0.13455766610363
0.13418731069563
0.13503643085491
0.13373526584097
0.13361666462085
0.13402979300893
0.13552968446439
0.13604443239343
0.13551757937224
0.13483822730045
0.13570545299447
0.1354178583304
0.1342057489558
0.13572694034519
0.135576184668
0.1357341236202
0.13565370722662
0.13566290477807
0.13566197594759
0.1358154113995
0.13452394772883
0.13548750438455
0.1345801512241
0.13430622578814
0.13579770759581
0.1358911772975
0.13573877359267
0.135647430143
0.13451862763722
0.13620593266732
0.1354745730116
0.13482159073807
0.13465223158121
0.13591115128145
0.13589536939114
0.13536087225872
0.13446522076923
0.13547607912376
0.13604729484243
0.13610193153817
0.13547521933196
0.13555645989174
0.1359160369113
0.13592178064609
0.13572239418028
0.1360438915225
0.1349697479106
0.13485980519095
0.13490031691341
0.1354205034521
0.13455105489194
0.1353813033667
0.13514617231263
0.1346763991392
0.1346868425889
0.13483617691672
0.13521234563681
0.13601159032387
0.1352084814708
0.13492245331877
0.13449816085985
0.13573365109886
0.13572206789365
0.13592489327497
0.13471086962957
0.13470276895118
0.13528322677043
0.13577034649307
0.13596510731428
0.13528138811349
0.13589569763128
0.13586170435821
0.13448054736757
0.13611629335443
0.13580010547495
0.13488966250564
0.13395434399921
0.13560807706716
0.13375501619713
0.13462899337377
0.133997418956
0.13460686649876
0.1343920938813
0.13559372511992
0.13490190996389
0.1352349344081
0.1347181885524
0.13463033780107
0.13464848217709
"n_500_d_20_tr_20_a_177x177_idx_3_p_abba2"
0.13142396576029
0.13172927956631
0.13263326555886
0.13321609908061
0.13143761314322
0.13244912422952
0.13235232416563
0.13156092594166
0.13165273444215
0.13162016537507
0.13137982127488
0.13298672394588
0.13218550130976
0.13275248172496
0.13319660750993
0.12998656165045
0.13229837541229
0.13315212878599
0.13491854548992
0.13462970572141
0.13216062581206
0.13166471078047
0.13117500558711
0.1327276254608
0.13231249847835
0.13381408822297
0.13340400967298
0.13335728907669
0.13314851949183
0.13322618192134
0.13170802536047
0.13128159030915
0.13328304904273
0.13165689161287
0.13027210757248
0.13356432159487
0.1314859854825
0.13180444804524
0.13140200360857
0.13283397059858
0.1325456409757
0.13112229094296
0.132514352242
0.13252342766055
0.13317988992176
0.13241478373773
0.1333343017615
0.13263546147625
0.13210148935689
0.1327135658641
0.13321954014706
0.13168887270385
0.13183528537619
0.13271083242882
0.13271031863443
0.13208504987176
0.1331008412184
0.13461411714345
0.12936836475171
0.1331570121695
0.1325632310056
0.13327543636048
0.13169530099479
0.13301586648958
0.13192024312566
0.13369949339127
0.13247820490925
0.13308646913547
0.13242009661703
0.13080973897845
0.1330427484034
0.1324418807655
0.13282983970744
0.13242678853326
0.13224282283989
0.13190427405041
0.13273710093064
0.13329596587826
0.13168312079865
0.13221318927047
0.13204814345783
0.13340487064413
0.13413344053523
0.13148574064139
0.13203272192938
0.13298845745625
0.13342169929098
0.13295450976847
0.13241926420488
0.13162920820957
0.133468241264
0.13151460478413
0.13258042623932
0.13272398292559
0.13260507378974
0.13310091133019
0.13339885223972
0.13106484232074
0.13288907838614
0.13217578779351
0.13147660374281
0.13241066533929
0.13363423877736
0.13351885028136
0.13214978726511
0.13234618828997
0.13318353959798
0.13212047195726
0.13373933759188
0.1323277480855
0.13239230536053
0.13192921865064
0.13307134313378
0.13303251883835
0.13191354054863
0.1348173867767
0.13207310046342
0.13231408758506
0.13267041675177
0.13182143172541
0.13196033303781
0.13164741395378
0.13408053221576
0.13271227723286
0.13379483355093
0.1323559045664
0.13192865332575
0.13259174375901
0.13369654437189
0.13272809241442
0.13287405632903
0.13333849562918
0.13264349197521
0.13402970479877
0.13207359227041
0.13295296014439
0.13287061481545
0.13347318379123
0.13352792684708
0.13293810275231
0.13151562220023
0.13251855130743
0.13146018773204
0.13310543746418
0.13200178928196
0.13387465184603
0.13318870360046
0.13228498061012
0.13089593119253
0.13304405144898
0.13259133045461
0.13301122974474
0.13224126281641
0.13284568138389
0.13332865138934
0.13284108016269
0.13261373883551
0.1328945708534
0.13061336428786
0.13238816989079
0.13285129605722
0.13256284107677
0.13355595700178
0.13318022595516
0.13096491910656
0.13093427293568
0.13296922430714
0.13219491256339
0.13154414217542
0.13099854962507
0.13115812897662
0.13241382067717
0.13367078679008
0.13211447926965
0.13276827617288
0.13321036950233
0.13136362017604
0.13348093420074
0.13355862150641
0.13253628144813
0.13300231692661
0.13269152079497
0.13300763364793
0.1329211775958
0.13251504685721
0.1324201454937
0.13315258105404
0.13280793327239
0.13140925927721
0.13240695315787
0.13443587384961
0.13284617733071
0.13257027330834
0.13192707407044
0.13265737346455
0.13421168669544
0.13263478589742
0.13366914332378
0.13161358046873
0.13190941031255
0.13190473643533
0.13234368332345
0.13214381968945
0.13246860723387
0.132844122201
0.13241088563799
0.13308621260743
0.13127809144397
0.13123885844272
0.13294046633693
0.13153409479818
0.13328023583407
0.1328458918723
0.13453883056041
0.13541828137961
0.132635536303
0.13431869639023
0.13312443762029
0.13235778802303
0.13151794607369
0.13174889505785
0.13192932874064
0.13258456533464
0.13403602030436
0.1338796755769
0.1344474549447
0.13244197852232
0.13226138976172
0.13227847150223
0.1315889946519
0.13279961312704
0.13141830040669
0.13305384257591
0.13273447965335
0.13136229146947
0.13340659383013
0.13231807975095
0.13319130803438
0.13183397443034
0.13310905132696
0.13316551572654
0.13272479219611
0.13308934316534
0.13192834875427
0.13315241552659
0.13203319074303
0.13131893545347
0.13286517190291
0.13171853721419
0.13212359121765
0.13232536970166
0.13383368704797
0.13189330385706
0.13335346821592
0.13088642691375
0.13271810795299
0.13352083038313
0.13207857681816
0.13294441530203
0.13088656736608
0.1324219365666
0.13432497208918
0.13172296629737
0.1313526338584
0.13155737950802
0.13167240641229
0.13378624022778
0.13241098831393
0.13116045149352
0.13265451912735
0.13259232917733
0.13307230909451
0.13387840252997
0.13244131590399
0.13168129530169
0.13337829140254
0.13317453169601
0.13267277609023
0.13120987934919
0.13188070696984
0.13331814924781
0.1331372794005
0.13350461066767
0.13213331022431
0.13251670454011
0.132039447023
0.13256088519086
0.13126450190046
0.13235985507155
0.1337197361907
0.1341411677259
0.13294748012489
0.1336428782587
0.1340321408858
0.13247137661775
0.13288124400849
0.13224361675069
0.13218586028421
0.13348558367632
0.13263399496914
0.1322082173069
0.13200273803893
0.13259392579043
0.13037219815829
0.13274228222901
0.13364518462558
0.13302127853043
0.13263519451397
0.1320826701383
0.13134703666966
0.13232961254306
0.13091333850165
0.13378474514699
0.13196806358135
0.13130691980363
0.13337712032206
0.1338816197178
0.1344630864222
0.13239283865639
0.13179680211297
0.13169054184077
0.13190340545628
0.1318027828874
0.13416201699576
0.13220321287609
0.13202099849541
0.13316538025105
0.13254808384052
0.13328100492667
0.13195943616244
0.13402374083858
0.13253393118736
0.13204422540431
0.13448872970013
0.13484782968522
0.13395768673186
0.13345621996972
0.13291202610005
0.13143798471888
0.13329313468707
0.13120378213675
0.13295977301655
0.13198134907648
0.13278312351403
0.13207852961432
0.13170604439806
0.13204855448277
0.13270823579024
0.13162730400929
0.13373751732847
0.13268236876354
0.13180356544354
0.13354275006437
0.13267359857377
0.1335491136013
0.13204528229341
0.13371754232507
0.13163829774916
0.13246440837896
0.1328677551649
0.13380135137811
0.13085039402047
0.13318300810804
0.13095524505697
0.13417643290598
0.13216658297674
0.13163496305576
0.13415878375751
0.13397116347577
0.1330615538516
0.1341509145699
0.13250257218038
0.13523868492169
0.13236754585362
0.13303274252598
0.13303047439266
0.13324013462929
0.13231921216804
0.13092500435218
0.13175942256339
0.1318222120166
0.13146161267463
0.13281889161771
0.13170754352762
0.13243500047828
0.13238345152075
0.13452610683617
0.13344029466881
0.13392342678905
0.13239183592951
0.1327365723154
0.1334410164635
0.1330044106457
0.13287735952097
0.13267587301401
0.13452326959859
0.13233338066916
0.13202382937894
0.13298569897074
0.1320422011872
0.13223442279985
0.13223575482748
0.13198833449559
0.1326469353757
0.13095388122562
0.13406060633367
0.13098136801173
0.13213844279975
0.13119462298684
0.13149867968486
0.1328656312898
0.13279725808014
0.13249492124555
0.13392934713222
0.13191152329062
0.1335458147515
0.13326578965692
0.13177050927135
0.13286205731607
0.13247579672071
0.13231860614203
0.13276854144891
0.13206855739356
0.13291351667808
0.13272195478793
0.13228194248845
0.13172561694233
0.13370194657719
0.13295202329249
0.13390268690909
0.1323221194548
0.1330311103474
0.13303651934349
0.13236129111468
0.134030333731
0.13203279846998
0.13226265367738
0.13261805031396
0.13103817465146
0.13229997566896
0.13180461116254
0.13378155276333
0.13215015834934
0.13173486131815
0.13216303025779
0.13416047982116
0.13260487510904
0.13220056368767
0.13342564829052
0.13321575667813
0.13351811176511
0.13323579591578
0.13415052894536
0.13326499258068
0.13396674134884
0.13305025268111
0.13266653113454
0.13419520110335
0.13305485909883
0.13221838168019
0.13173453224021
0.13290815099121
0.13300096653004
0.13197232807577
0.13396732297577
0.13459165593663
0.13196465499245
0.13229666130217
0.13253825693332
0.13191623741092
0.13417140741934
0.13214579617726
0.13381715877905
0.1324010245594
0.13203546690332
0.13227855855149
0.13515253805758
0.13251260169649
0.13276082843378
0.1330855458563
0.13256200566592
0.1349479493216
0.13185883863423
0.13345593911908
0.13246050609183
0.13172946924792
0.1330273684172
0.13238295334852
0.13208348395298
0.13370826311573
0.13018206630536
0.13247877551425
0.13209612152357
0.13257435706829
0.13367517068521
0.13308223296516
0.13423898241497
0.13199664386678
0.13295794576961
0.13369334733062
"n_500_d_20_tr_20_a_177x177_idx_3_p_cds3"
0.12814554125567
0.12686488847878
0.12928078379673
0.13171001178321
0.12879900772222
0.13129677191588
0.13282921481336
0.12604726423001
0.13335324815062
0.12962461516103
0.12849242455701
0.13328047712027
0.12905638896818
0.13301920247114
0.1280768219587
0.12827322360173
0.12637244968294
0.13203295823266
0.1271434934595
0.12825725188754
0.13377718894536
0.12830702460205
0.13252318501787
0.13072324178838
0.13005984573203
0.12846917915982
0.1277858785998
0.13226794586231
0.12746455284155
0.12741276151216
0.1277015923721
0.13255203002865
0.12988239796867
0.13381250498199
0.12811626067677
0.12973402833234
0.12750395281437
0.13333547303257
0.12874889282036
0.12795132427873
0.13092326804353
0.12710616245152
0.12896740681633
0.1310545238942
0.13071078459019
0.12956643185777
0.13305556888968
0.13207416566122
0.12936456929542
0.13200083279929
0.132478343149
0.12791707102525
0.13039376018356
0.13159486132987
0.13399971213109
0.12709605714309
0.13188885313467
0.1271628643061
0.12742151124326
0.12837293410925
0.1333898292189
0.12729701325667
0.12973801863932
0.13176979995492
0.12766485099662
0.13174664842353
0.12808930101753
0.13129728341107
0.12842508668207
0.12830942584422
0.13356000975449
0.13168167404988
0.13097924128584
0.13197523045238
0.13225544351241
0.12754591635417
0.12785139981224
0.12854718805508
0.12804415966176
0.12891467217885
0.13310910330428
0.13133230595398
0.12720564440396
0.13054739695271
0.12793903400938
0.12923239318636
0.13248008799075
0.13255161023383
0.12811572237372
0.12899883836691
0.12697184406634
0.12950794632332
0.13240659367358
0.12937752697832
0.12976283040461
0.12724626900797
0.12738055083497
0.12918059809767
0.12752753942077
0.13151494134313
0.13313738767033
0.12883291444051
0.1294347058342
0.12813940002145
0.1287870595643
0.12750567553644
0.12810524804591
0.12592031147908
0.1280657684592
0.13199715696208
0.13129433079848
0.12801479071177
0.13398057954115
0.13287874112463
0.12756617551857
0.13328523145764
0.13008250150414
0.1287136026784
0.13443156589035
0.12802355977793
0.13049063710769
0.12999709172528
0.12846325807624
0.12767420934065
0.1317549940687
0.13066341654196
0.12635738338426
0.12887797937064
0.12665055474032
0.13254288216602
0.12920967832613
0.13157070008812
0.12767037485738
0.13264739644512
0.12894975836189
0.12819957279909
0.1292538320362
0.13159109180826
0.1264747603041
0.12640047636632
0.12829064344264
0.13279609839149
0.12625871396519
0.12903198120123
0.12724172226609
0.13055892884408
0.12531041701874
0.1338027016232
0.13204323938626
0.12699640765873
0.12793947526259
0.13186440781801
0.13177863523757
0.13073879234073
0.12820276707308
0.12885700303885
0.12813563134538
0.13314663802352
0.12928125093385
0.13075598345992
0.13204072508646
0.12904466664335
0.12855526370741
0.12796791661245
0.13128992350949
0.12772765181815
0.12772847858175
0.12808072166585
0.12834550111977
0.12591998084347
0.13187127879943
0.12753616055342
0.12949645691829
0.12631338632187
0.1275404808737
0.12799555072079
0.12861454916457
0.12805116465875
0.12949706567049
0.13309187037354
0.13171497225405
0.12825095078175
0.12740666934475
0.13236452379443
0.12840983100306
0.12680722240067
0.13002420581147
0.13324845440862
0.12613749065683
0.13003832444407
0.12568671890726
0.13227766353359
0.12671775072598
0.12855505163184
0.12983202859614
0.12766878623036
0.13208978491543
0.13307727591233
0.1286405334111
0.13265750850038
0.13259061992023
0.12794483281317
0.12871243789847
0.1269730576183
0.12599845501751
0.13114245476122
0.12869745547296
0.12922982141858
0.13145907099376
0.13319653727991
0.12665113510935
0.12619403754065
0.13247211495641
0.12665128138296
0.13142325181082
0.12745727704987
0.12755050557818
0.12943239222569
0.1317088347091
0.13195579827118
0.13216965604453
0.12738553077537
0.12722124919295
0.1255272795523
0.12762026952368
0.1260447282264
0.12642956523339
0.13283213210756
0.13169278461806
0.13195263660503
0.12615774935325
0.13192959151277
0.12874224410101
0.1276008433284
0.13238882753982
0.12841020407746
0.12810788407379
0.13002917284244
0.1315890974387
0.13314820396032
0.12752802685859
0.13130021714537
0.13051608645679
0.13038820437684
0.13293147548793
0.13183766043464
0.12873136919074
0.13335085873326
0.12949585957265
0.13238176541275
0.12895570660468
0.12752580026187
0.13262470498974
0.12772077403962
0.1287077791688
0.13027908399793
0.1325350488145
0.13270017401327
0.13183112115304
0.13257192574827
0.13291001937293
0.12887081491503
0.12767163070587
0.12753786291965
0.12767281776876
0.12841727722979
0.12878919168432
0.12844783673966
0.13180688620973
0.12815548517958
0.1258717446123
0.13327298472841
0.1288064262467
0.13265367052033
0.12648011511946
0.13033671015377
0.12548160188798
0.13211318640874
0.13308835347942
0.13319944448584
0.13265047323387
0.13102445673889
0.13187128726429
0.12781171285945
0.12728787238007
0.13251343314299
0.12875177069049
0.12648048872874
0.12914254149661
0.12866350715853
0.12799292022514
0.12841616071986
0.12746838903304
0.13335046074313
0.12659007052971
0.12473494210951
0.13123910400025
0.13109129496272
0.1273966297172
0.12796378161251
0.13340115409437
0.12539771077771
0.13301664139846
0.12688608008972
0.12725037486828
0.12787745120593
0.127822996921
0.12551356921451
0.1271241885016
0.12779683290654
0.12882859205072
0.12760680180846
0.13133939019206
0.12619546467781
0.12704021435807
0.12563965826252
0.13171918054629
0.12725919100593
0.12708606000836
0.13295688087974
0.13113695923006
0.12655295589503
0.13193425714629
0.12761590940869
0.13065852588616
0.1336223578116
0.1315655988504
0.12992583939235
0.13260154174227
0.12830879524912
0.12902949826917
0.12679405432535
0.12629373432534
0.12599926450763
0.12729708348938
0.12797510564505
0.12569139940862
0.13148132051914
0.12561504680927
0.13194121941537
0.13317808985172
0.13239377765249
0.12969816976662
0.13056921966749
0.1266791912507
0.13227401936186
0.12758520222157
0.12797951374004
0.13300948272759
0.13269453118288
0.1289512086949
0.13212544197146
0.12788889761787
0.12849841259574
0.13202838241789
0.13242380083725
0.13336398234561
0.13247565424006
0.12810245232745
0.13388056764103
0.13060181468283
0.12797616217999
0.12566054548885
0.1256206763757
0.13192649309861
0.12530305477843
0.12509176388193
0.12838906353867
0.12696076666807
0.12675034257398
0.12576069410844
0.13018946396665
0.12907766921927
0.12902671588587
0.12651808723226
0.12582681374352
0.12692978330839
0.12864955701659
0.12820662841022
0.13214542915284
0.12582830605917
0.13023712069059
0.12676745476407
0.13053212082383
0.13306871851599
0.12546873027946
0.12660713566413
0.12707712397039
0.12594865942739
0.13102584445923
0.13027099480379
0.12974070435858
0.13188661933776
0.13290695686478
0.12730248843525
0.1272353436334
0.12573027928933
0.12811622810583
0.12715716155492
0.12732501544297
0.12745528424872
0.12807274598874
0.12820821132535
0.1290253421732
0.13242296181664
0.12686625869113
0.13254910682363
0.12859556256524
0.13244372206392
0.12798642921157
0.12745741679422
0.12905287218577
0.13142486001457
0.13235547659619
0.12783459000237
0.13317873172589
0.12898483664112
0.12662570254257
0.12819002727102
0.12924576811451
0.12639103792384
0.13166933474482
0.12806371020857
0.13209720892198
0.13128749519051
0.13119094681833
0.12665126543997
0.12700233044306
0.13180789860818
0.13226670705377
0.13274016241342
0.12760508561269
0.12694838308465
0.12748212374995
0.12759612962694
0.13098365662072
0.12640620003724
0.12727753423997
0.12789409353109
0.13000402585062
0.13134307239888
0.12932455656025
0.12896403798973
0.12781282751534
0.12875582149736
0.1320152715316
0.1312449521947
0.12902097480134
0.13275123118189
0.1264393343679
0.12812350512259
0.12935397901551
0.13307111868213
0.12717499509477
0.12720798789972
0.1296219798507
0.13162432288601
0.13148845023764
0.12674891165929
0.13066388854059
0.13033291890496
0.12747925066275
0.12577750647213
0.1311268702783
0.12757133949093
0.1247675754594
0.13189941803875
0.13255259669133
0.13152204235718
0.12911564235133
0.12928947647501
0.12864122352896
0.12899527470011
0.12689137880284
0.12608146717339
0.12792835833675
0.13160808393896
0.12551233392771
0.12910855569827
0.13157661662527
0.13201061168424
0.1256500884549
0.12561175217499
0.13065622777674
0.12624943391385
0.12742299273933
0.12673424076862
0.13304589182145
0.12623018118157
0.13184186236792
0.12455891660853
0.12785346410531
0.12675696673788
0.13098114149561
0.131847803672
0.13120773431695
0.12733591361652
0.12816783561032
0.12927508402594
0.13140615986767
"n_500_d_20_tr_20_a_177x177_idx_3_p_flooding"
0.1380825240642
0.13799523671667
0.13940301911513
0.13776681847946
0.13839167357871
0.13869305495527
0.13805059859744
0.13770479351485
0.13919119691887
0.13830613251008
0.13837915157943
0.13911488632906
0.13929944146281
0.13886150581205
0.13924565174011
0.13792986118551
0.13746201999893
0.13784932865509
0.13770282660574
0.1384111640828
0.1393157043875
0.13766867554371
0.13839023698081
0.13800788687831
0.1384273817563
0.13825643111457
0.13793175623548
0.13771393869489
0.13809142475599
0.13796910819512
0.13932924856567
0.13822216027556
0.13893399593057
0.1391553075783
0.13775928316708
0.13818924338645
0.13867610755425
0.1388138448907
0.13812419743282
0.13767752062609
0.13870205195121
0.13790476185719
0.13758215851773
0.13815851686388
0.13833845852482
0.13891363493025
0.13762702121626
0.13802356292516
0.13974240821315
0.13955601636342
0.13807234928731
0.138354367878
0.13819519295849
0.13919772731078
0.13815933786206
0.13784775143838
0.13804222415776
0.13779710233606
0.13761257586865
0.13760166034988
0.13814886477109
0.138028682632
0.13799813411917
0.1380759892738
0.13816039330086
0.13912445318388
0.13814434666224
0.13830883016821
0.13807473899573
0.13813056366365
0.13804840669325
0.13774767064671
0.13797376214865
0.13785134626907
0.13803122353903
0.13865943755201
0.13874442775419
0.13763701309407
0.13920854339467
0.13907254205569
0.13803571670826
0.13753378104836
0.13870501707689
0.13929053522567
0.13765993813522
0.13844397490572
0.13799207901401
0.1387571945635
0.13833997359342
0.13826628751031
0.13781563226538
0.13806104162681
0.13858600876779
0.13803238866438
0.13788025310829
0.13838785203356
0.13784945280731
0.13810736983156
0.13761525245343
0.13863263618747
0.13761867516596
0.13797181658256
0.13795988604586
0.13847677118558
0.13875563159157
0.13813678548817
0.13740640665458
0.13845830701649
0.13691612139688
0.1377476627639
0.13778445571753
0.1378620779643
0.13859631377129
0.13789414501429
0.13811826254069
0.13669485978264
0.13797098513138
0.13814209497837
0.13815065241115
0.13913764704618
0.13934203693255
0.13801868212746
0.13834484459713
0.13946247503243
0.13735617282438
0.13927786731662
0.13819820581371
0.13792378538884
0.13766544968093
0.13740384179676
0.13850431685547
0.13745581263646
0.13866842806353
0.13964543574587
0.1372789088483
0.13911570674976
0.13829013115422
0.13753411114878
0.13689586867327
0.13916463667336
0.1389044841199
0.137464412839
0.13817187420034
0.13879240880536
0.13903930501088
0.13660383976009
0.13790670430275
0.13895121877812
0.13809511739613
0.1384734913497
0.13743989556722
0.13809449063707
0.1374565019768
0.13852026974274
0.13764029889449
0.13941152176522
0.13828916063851
0.13905523194325
0.13789443508423
0.13892586732379
0.13901405933708
0.13841571045069
0.13856025132994
0.13782053034348
0.13778437285156
0.13768425509198
0.13933913521135
0.13742214333191
0.13812912315047
0.13934401363094
0.13826991934243
0.13862798351643
0.13682966210795
0.13702323475368
0.13907548490789
0.13836106280466
0.13900849186798
0.13879042692909
0.13812303534962
0.13847131614583
0.13793024223659
0.13765002675698
0.137673672533
0.13798332426069
0.1367132344069
0.13705535454114
0.13650394222115
0.13773902195248
0.1374632277121
0.13791744026566
0.13762978513391
0.13680024191765
0.13791428397799
0.13783747341221
0.1374606031108
0.13825061055475
0.13659022261615
0.13767494399972
0.13750224849465
0.13721717634521
0.13788603882648
0.13711548498536
0.13821267126411
0.13793164293622
0.13752519380266
0.13836518158026
0.13702243326821
0.13736574626293
0.13778584128852
0.13823696909441
0.13806799309254
0.13671764726303
0.13787197150573
0.13642162030994
0.13731158673488
0.13830016235991
0.13695434748231
0.13792344447917
0.13789373718877
0.13829281480718
0.13696830980467
0.13718839006652
0.13737053496344
0.13788472212182
0.13724987008051
0.13779623703679
0.13747023703447
0.13879796357473
0.13800987076341
0.13825403511574
0.1391444250595
0.13886908594894
0.13893439015552
0.13891484832308
0.1393209535402
0.13873563215444
0.13886342528446
0.13818926040763
0.13782421401479
0.13790002891067
0.13735101526849
0.13886170195955
0.13772984857839
0.13761434033909
0.13760214155258
0.13869552831138
0.13866492349302
0.13775938132539
0.13867920185419
0.1381386361821
0.13894654692657
0.13877409830474
0.13801261106476
0.13863498825728
0.13861698253056
0.13795698043112
0.13771010053565
0.13893088461773
0.1379049783717
0.13819081721865
0.13799824854896
0.13746951862685
0.13868513808325
0.13836086047736
0.13846037792979
0.13774168602537
0.13468115522154
0.13807900844238
0.13815725130634
0.13790578040181
0.13773851210361
0.13756538752794
0.13497366109949
0.13854103031083
0.13794794942909
0.13758272657445
0.13752477565759
0.13827770217913
0.13795123541799
0.1384585475653
0.1378136851042
0.13811665191368
0.13786766053691
0.13746582079751
0.13823278485265
0.13826019689555
0.1382638394049
0.1385507532463
0.13764092701649
0.13677788023666
0.13757085230824
0.13620152107415
0.13825111646019
0.13728895752908
0.13789700441206
0.13738247099961
0.13828831110527
0.1376512327668
0.1381967495398
0.13679768254496
0.13824843961051
0.13816650592236
0.13821830623528
0.1369751151385
0.137538379503
0.13658365817824
0.13779652393427
0.13832403424813
0.13829276999677
0.13699911509216
0.13856426827978
0.13681328394902
0.13802810902846
0.13744617615155
0.13729160924925
0.13745446052296
0.13845135314111
0.13773755291667
0.13813589856537
0.13751016361238
0.1376981993522
0.13829611703481
0.13827841280009
0.13742044531753
0.13836230416031
0.1379479194827
0.1375415351134
0.13634049482585
0.13803076258206
0.13723091169708
0.13733111986044
0.13744361657487
0.13832468484269
0.13651185934127
0.13682689000518
0.13750277103763
0.13705372068206
0.1369358358359
0.13721715684136
0.13835402257396
0.13740278823551
0.13863191342947
0.13752702042635
0.13764961338827
0.13774248097138
0.1381247554949
0.13845553303197
0.13880349802222
0.13757165835746
0.13757674288567
0.13951635872105
0.13810960746617
0.1379954347303
0.13766098148027
0.13766305219253
0.13834274090042
0.13756862670841
0.13782076710533
0.13832003481518
0.13773879715278
0.13651482834284
0.13657774945548
0.13740551919179
0.13628931811076
0.13833569596556
0.13652443407382
0.13858989657759
0.13832394145996
0.13801979864301
0.13701333356101
0.13709517897414
0.13717766090821
0.13624296778055
0.13751815346449
0.13725126673692
0.13663972557873
0.13729551306287
0.13932581067751
0.13933291004924
0.13705273490959
0.13747950272989
0.13831001419124
0.13813406572544
0.13746385018765
0.138423694254
0.13689823509161
0.13749789698362
0.13733198340854
0.1376706916647
0.13782717432299
0.13786527087336
0.13771435364381
0.13853939858127
0.13826669631444
0.13804911906861
0.13681746820576
0.13826460699659
0.13854003423617
0.13747493210385
0.13771170970455
0.13820093635724
0.13849365713985
0.13795627705308
0.13916282680596
0.13721109590879
0.13738465246084
0.13792317943802
0.13913047639593
0.13802113413362
0.13739073222824
0.13846728144852
0.13827560333873
0.13801316571303
0.1375222435057
0.13744566607217
0.13747628858245
0.13784985567773
0.13722420244629
0.1380478621275
0.13783340953066
0.13799718764003
0.13782870155587
0.13814424646726
0.13801015963218
0.13801908382066
0.1383936899376
0.13757264749427
0.13743529932965
0.13748185669409
0.13802040562314
0.13808953894612
0.13809754566564
0.13784672840959
0.13862779223697
0.13786286070386
0.1375316862785
0.13685151327707
0.13672515507337
0.13867259022313
0.13837244455549
0.13767663287047
0.138114564639
0.13833212774315
0.13797025423269
0.13765882267713
0.13757983439972
0.138211614527
0.13796840868629
0.13767450280521
0.13795099900766
0.13762099933581
0.13788099382919
0.13725254743662
0.13770362306494
0.13749417535897
0.13733457953639
0.13739608678396
0.13722421726012
0.13783330542716
0.13788911763284
0.13753049159726
0.13676203457449
0.13729150794166
0.13824232679372
0.13638334392775
0.13734325687873
0.1381837390707
0.13637508624532
0.13775397807809
0.13848058334375
0.13752673443899
0.13841397324524
0.13705895768725
0.13719773497878
0.1375770137877
0.13764153169499
0.13665707128785
0.13737849758773
0.13653404508276
0.1374568704996
0.13659529611669
0.13662843063803
0.13790217998171
0.13694239435594
0.13789870714349
0.13777177182863
0.13819131956116
0.13685010225087
0.13638635879916
0.13610162832095
0.13878128235968
0.13746013817422
0.13766034423086
0.13735198008478
0.13719690742535
0.13742015461115
0.13650651648992
0.13708223657296
0.13688829548635
0.13697440368785
"n_500_d_20_tr_20_a_177x177_idx_3_p_mprt2"
0.13449635722965
0.13416198749209
0.1340616269902
0.13458384480414
0.13335895185425
0.13397347219484
0.13438231412853
0.13445303551174
0.13411641653184
0.13340687615422
0.13406485864765
0.13299254482816
0.13355258257745
0.13389312361134
0.13331011709254
0.13394499181157
0.1352092928933
0.13461757698441
0.1352101899005
0.1336660418915
0.13337219593169
0.13356855316363
0.13397328911115
0.13270780183313
0.13404081966755
0.13239060445094
0.13449536610933
0.13333091342037
0.13410845851136
0.13409777298561
0.13557693751422
0.13300812192077
0.13216563917269
0.13523661033339
0.13302146579906
0.13372222624933
0.13337533204734
0.13367230419372
0.13474936257962
0.13529775922603
0.13484787251282
0.13348302120289
0.13485516373243
0.13389557278115
0.13426396179614
0.13611572657621
0.13424458623611
0.13493564090909
0.13413430848998
0.13195283134213
0.13406020791441
0.13168245434395
0.13477919118362
0.13340933381706
0.13476333219036
0.13370027739744
0.1355727800334
0.13383081915267
0.13460058621825
0.13506563943773
0.13313675181112
0.13195831979063
0.13453067725085
0.13438355567647
0.13420768853633
0.1338365277348
0.13449797550697
0.13521328868114
0.13442744808411
0.13417539840453
0.13332064635402
0.13371010485453
0.13358137653811
0.13611979543568
0.13540817988874
0.13520807217768
0.13330855423428
0.133768947306
0.13395668667009
0.13379315762614
0.13423966626247
0.13464956291587
0.13492031463609
0.13431969048183
0.13406370328503
0.13201224628804
0.13514320765739
0.13366404506909
0.13538618559737
0.13408531651103
0.13373471412682
0.13524475760855
0.13337830129455
0.13445771753443
0.13299590860366
0.13406521944219
0.13388687218572
0.13252694282383
0.1342418984122
0.13434618900351
0.13244037522203
0.13331123098539
0.13419476177237
0.13503670480205
0.13461925107744
0.13450820840262
0.13231938193451
0.13482113540751
0.13311513284454
0.13412037319247
0.13462681483666
0.1346481773259
0.13252628499793
0.13335199843226
0.13466535163912
0.13509875441445
0.13451137886016
0.13186298156423
0.13418126101479
0.1341961186593
0.13533729801033
0.13527130296699
0.13405252169708
0.13571943728404
0.13451150405883
0.13529881488279
0.13432317644873
0.13322214250867
0.13503401334069
0.13410335381206
0.13425973132085
0.13497530297021
0.13574078473168
0.13414613974526
0.13437090469645
0.13525215037365
0.13483007859557
0.13569959373997
0.13542680699333
0.1353137575181
0.13511055916062
0.13576928805958
0.13532967721401
0.13513184359147
0.13463311736061
0.13467138198464
0.13484886318488
0.13563283269118
0.13435230495352
0.13410370036226
0.13527079061595
0.13342884857826
0.1358431816983
0.13494879023014
0.13347162448787
0.13403976949574
0.13370085873679
0.13441324334265
0.13434767371632
0.13564566561784
0.13499119405471
0.13449164224556
0.13445499842242
0.134210190818
0.13363554288695
0.13552763815274
0.13523438244417
0.13379611029674
0.13526595315007
0.13573131432563
0.13486277955299
0.13217348709551
0.13141402991461
0.13509531286715
0.13401940621201
0.13481998818922
0.13194841424651
0.13497575985954
0.13388503668144
0.13364232674727
0.13501492380628
0.13330429596846
0.13317451386145
0.13504985294677
0.13597360328592
0.13573607206233
0.13235500355708
0.13487886619472
0.13275735109422
0.13163321685418
0.13341308724003
0.13430738330515
0.13177913128667
0.13347004555525
0.13418869807786
0.13497237036929
0.13207541925473
0.13527545776918
0.13505166786452
0.13524406011016
0.13309215344145
0.13245010656353
0.1349618505702
0.13462266374467
0.13288217610329
0.13484230276326
0.1341501276374
0.13159342699746
0.13410770577149
0.13187226418283
0.13481119877727
0.13446475695782
0.13350998175408
0.13456512427937
0.13243370652133
0.13352943491017
0.13422911023662
0.13378122148127
0.13231900027908
0.13352381250229
0.13278823367943
0.13545097377963
0.13435497984897
0.13517572241606
0.13471573522044
0.13494006909875
0.13415306523452
0.13340829719942
0.13271043918867
0.1337605127776
0.13513858957689
0.1344858850875
0.13491928932617
0.13404550997933
0.13443687374673
0.13529522557763
0.13387547028961
0.13286165667359
0.13439360739087
0.13415117001121
0.13281992818931
0.13285564308677
0.13394894308376
0.13286265125746
0.13195004745805
0.13286399666538
0.13239564888328
0.13310212723332
0.13376167199192
0.13451495518928
0.1342099444957
0.13287888189891
0.13173896008754
0.13454734042671
0.13521052339965
0.1338651864301
0.13441940462624
0.13207072737542
0.13378042493472
0.13409323499494
0.13481028058558
0.13468312920849
0.1344501079084
0.13448885857379
0.1333802110083
0.13347372239045
0.13440653022843
0.13512324690174
0.1342387568319
0.13443292388504
0.13500482495972
0.13203503564142
0.13433475158988
0.13359971719026
0.13282269487752
0.13253320156457
0.1354784462606
0.13308595205562
0.13431460490292
0.13295930431923
0.13395420323257
0.13261813293099
0.13357312406477
0.13264401906633
0.13358003891341
0.13181832818896
0.13274944516726
0.1350891231036
0.13432175710305
0.13362467070275
0.13426288751875
0.13264813206343
0.1340063459418
0.13328816273177
0.134423982988
0.13499195823523
0.13413901667183
0.13530772896416
0.13341290119882
0.13350207686498
0.13383396769853
0.13137521086929
0.13461051831447
0.13503623386025
0.13384375748671
0.12954105204672
0.13423453655211
0.12872671719979
0.13513586184275
0.13404097202897
0.13353657172621
0.13476776207259
0.13510373196491
0.13483261576198
0.13484543224428
0.1332547515211
0.13424168079485
0.13351534718887
0.13418296424814
0.13262026229903
0.13480093605111
0.13396979465829
0.13402503926866
0.13439991124936
0.13455002280326
0.1328722969886
0.13241035350297
0.1345547446351
0.13362321773766
0.13388088015474
0.13439009534416
0.13422655999181
0.13339862225447
0.13255609603575
0.13284031408912
0.13381518853945
0.13217320174644
0.1323751360806
0.13100086668507
0.13389527267672
0.13352177540244
0.1350502848256
0.13430430472501
0.13454440660489
0.1341132310067
0.1337846442603
0.13450687262637
0.13515251663175
0.13495405046354
0.13518635827199
0.13569082826747
0.13423010726127
0.13434006651355
0.1349372348091
0.13500856760321
0.13461177771186
0.13013189318322
0.13157955000483
0.1335078381258
0.13329979040832
0.13142779651034
0.13184092613199
0.13255775024832
0.13442672386559
0.13452552650855
0.13289197619618
0.13282542268199
0.13259922896585
0.1339985849932
0.13045660616133
0.13359616648548
0.12951024632374
0.13274144779426
0.13337373200049
0.1339137347471
0.13228954155874
0.13116997109396
0.13110124718453
0.1343388763904
0.13437973657618
0.13213045595186
0.13051856751266
0.13408706051072
0.13373918139556
0.13267998766996
0.13336713284683
0.13368379253224
0.13266731723031
0.13475184041373
0.13458139374502
0.134396209968
0.13418700189348
0.13442816497277
0.13323537752402
0.13241494714772
0.13441156849543
0.1332143813747
0.13471813158914
0.13542335581415
0.13325177833529
0.13318963642547
0.13325499007615
0.13450135446318
0.13411496047374
0.1343909234036
0.13501929128121
0.13379605296587
0.13396734217594
0.13372618438632
0.1338175803786
0.13494855432493
0.1336752123347
0.13381164123883
0.13333429916411
0.13355641703654
0.13315467319655
0.13448451748363
0.1340136619715
0.13417915745895
0.13465917117131
0.13148073894811
0.13310735860397
0.13380617331986
0.13521656249932
0.13267510995129
0.13455967117674
0.13434166127625
0.13440060250807
0.13506415079524
0.13513823544281
0.1353204826944
0.13366037870184
0.13470669898119
0.13438118376505
0.1344935233518
0.13483302341747
0.13455380895042
0.13447856221845
0.13497675653979
0.13423375634298
0.13060638847554
0.12936506398094
0.13556679580025
0.13346743854784
0.13405479528825
0.13368239115454
0.13369714276116
0.13415354595248
0.13484505277197
0.13426478166613
0.13543094838572
0.13488262021057
0.13343030738646
0.13498374840995
0.13376621256471
0.13440752945432
0.13452567280048
0.13391924902984
0.13448124698814
0.13475282963406
0.13480355884593
0.13431440933967
0.131140759418
0.1345072503254
0.13500078093238
0.13178388344545
0.13399995934155
0.13449110293489
0.13180018045317
0.13377680535768
0.13510931079331
0.13421819311293
0.13475781581578
0.1342472650099
0.13410231312925
0.13358227168546
0.13362451498071
0.13171780548424
0.13356102351911
0.1317320526399
0.13425289901678
0.13297993436589
0.13475988389441
0.13101909302863
0.13198581082916
0.13262596389539
0.13287822700036
0.1327182764124
0.13234181574795
0.1321854253566
0.13109025593259
0.13433901929923
0.13463936791878
0.13286797095268
0.13217516069267
0.13500961991107
0.13266071374048
0.13238397801941
0.13273606145885
0.13404822553083
"n_500_d_20_tr_20_a_177x177_idx_3_p_probflood"
0.13596641561185
0.13612014698839
0.13604495734027
0.13570602490697
0.13625573523068
0.13574491632453
0.13602961203271
0.13604028560243
0.13605458673566
0.13559260489561
0.13615831627754
0.13508168458474
0.13585787194026
0.13648401851182
0.13652933237845
0.13591013982485
0.13581981527531
0.13603264245669
0.13657592343424
0.13600268206342
0.13593019130377
0.13592074867735
0.13611881260548
0.13489215067858
0.13607247437939
0.1357265195279
0.13617374996529
0.13559310221236
0.13569195900572
0.13606107728203
0.13712641013809
0.13547822772704
0.13594235779935
0.1363951067253
0.13633829925304
0.13586476683688
0.13573440700259
0.13552276865769
0.13656762974927
0.13613878826524
0.1356121548266
0.13593600390901
0.13659483768011
0.13564521474686
0.13628624298084
0.13747230543249
0.13573836334735
0.13612836196953
0.13556657909513
0.13545081439524
0.1357621091657
0.13514883106259
0.1362434218714
0.13639229468693
0.13686172826464
0.13559922424814
0.13689483904792
0.13610285770785
0.13684284988339
0.13686504447171
0.13631594573852
0.13484295495163
0.13633964324036
0.13616430196542
0.13646645055091
0.13550649673276
0.13617018432162
0.13616417623795
0.13622314525091
0.13603115783855
0.13576928834035
0.13574219860174
0.13586494157462
0.13660146703742
0.13637741326173
0.13546703332
0.13569128842925
0.13627808393115
0.13568858560172
0.13601957836845
0.13694051444879
0.13680439212277
0.13602415235245
0.1360502080021
0.13638376728509
0.13577372583265
0.1361730529283
0.13618228815066
0.13610684921562
0.13594336076523
0.13605085200692
0.13654017386569
0.13629278115306
0.13551573822949
0.13576538900823
0.13585079950971
0.13651382670039
0.13584321927519
0.13617212113728
0.13630679196184
0.13603044826028
0.13507028834314
0.13598061327904
0.13675344197691
0.13684230838746
0.13571630056331
0.13526458464874
0.1359698441314
0.13596595001298
0.13565787297797
0.13617049023033
0.13582226197815
0.13616646526632
0.13613298028654
0.13608458639546
0.13592490656585
0.13585291787588
0.13563801799369
0.13615311270382
0.13634676414466
0.13640751158509
0.13628352820079
0.13592707121114
0.13737233011792
0.13580619736947
0.13639472820108
0.13602200003586
0.1362631028564
0.13690375529845
0.13702593587519
0.13670306442064
0.13706296277013
0.13721736255928
0.1359167953004
0.13715993715012
0.13641906756742
0.13608361858862
0.13698992617951
0.13729527039575
0.13711045169323
0.13667280362698
0.13691461312974
0.13663683417555
0.13637001333955
0.13606311166623
0.13687327424252
0.13753888891207
0.13758753710201
0.13708083344875
0.13585093831766
0.1360258930919
0.13582312422523
0.13694557848881
0.13618108472038
0.13588833407336
0.13569415289263
0.13661293626793
0.13667963935186
0.13713152088026
0.13679816859295
0.13715069805217
0.13646016914928
0.13665265803932
0.1363718596341
0.13599643381255
0.1367363402109
0.13661013672552
0.13547574498828
0.13693917922587
0.1369960036287
0.13712747394232
0.13572991357058
0.13588871112104
0.13666842935439
0.13671521529143
0.13597592390651
0.13591716860185
0.1371197395923
0.13614218697634
0.13612513501754
0.13685366491228
0.13630842108342
0.13693355275006
0.137043670315
0.13686029734061
0.1363792877672
0.13608869213673
0.13625866201656
0.13487544493113
0.13470423265019
0.13560495668206
0.13635298297737
0.1349886626966
0.13551821873185
0.136734446023
0.13619413010917
0.13479923423533
0.13677885685432
0.13693343137228
0.13668151455787
0.13517270117147
0.13592119914735
0.13675420714786
0.13626340163763
0.13489831300765
0.13611107462595
0.13606017371897
0.13469192504352
0.1360225245093
0.13510262193465
0.13619674408292
0.13593766841483
0.13541778526657
0.13623285479132
0.13537897597194
0.13577068716675
0.13589015026242
0.1362463706993
0.13527971528372
0.13571423431552
0.13563619699911
0.13665522063631
0.13597611953848
0.13601611773445
0.13692427028343
0.13587341691156
0.13597368602212
0.13557428319687
0.13527008107905
0.13621002828338
0.13665832319788
0.13637889672322
0.13591166903901
0.13543671592651
0.13593406067344
0.13673016036849
0.13589470781956
0.13572682494697
0.135733092371
0.13577401378483
0.13595273471403
0.13535068511697
0.13598268348795
0.13565257402089
0.13550774367696
0.13587696081438
0.13516962255818
0.13536704244786
0.13546708921011
0.1360764762138
0.13586921230558
0.1355880734246
0.13579686488575
0.13561566930855
0.1365783287724
0.13562747998373
0.13646941913188
0.1356082408689
0.13582796194207
0.13597001250008
0.13657133572786
0.13582292825045
0.13611384120826
0.13623145574587
0.1358760819528
0.13555683444792
0.13673625462854
0.13694560555105
0.13616243890705
0.13573922675804
0.13609679187901
0.13497724525351
0.13638198193616
0.13644612570346
0.13564977697022
0.13594126887502
0.13678481539174
0.13570705968822
0.13592617413242
0.13608156145828
0.13612471401695
0.13501098241472
0.13568554375113
0.1360003788934
0.13610788165301
0.13515426044027
0.13481126067859
0.13619610923911
0.13658779971663
0.13564262010744
0.13613176006778
0.13551719052747
0.13585970251878
0.13517215960494
0.13590311488709
0.13632408988652
0.13558736847959
0.13578843231104
0.13647045159676
0.13578297672504
0.13605671692837
0.13460713607836
0.13583147302658
0.13636184157489
0.13571694631973
0.1331096438082
0.13613394013867
0.13338205366239
0.13643755129727
0.13596883699563
0.13618749775638
0.13635898908216
0.13618584848534
0.13608192010423
0.13635728668347
0.13451771137876
0.13619173700072
0.13548368423088
0.13605306124232
0.13552706997772
0.13627809829426
0.13614845086656
0.13505746633325
0.13656234910914
0.13604581234865
0.1355637868414
0.13540235611478
0.13651709327764
0.135621504156
0.1362474672838
0.13608053929973
0.13556121351024
0.13534032216889
0.13537213915347
0.13559667339302
0.13612928512622
0.13556440298591
0.1350373193456
0.13475074551152
0.13523461812016
0.13516553327987
0.13588365818843
0.13554740483336
0.13658270778375
0.13566494796816
0.13579992724269
0.13577710484887
0.13646005719499
0.13639772429402
0.13681983289599
0.13735164675444
0.13573740459422
0.135719482466
0.13603107281632
0.13649307733968
0.13625343989594
0.13469665426427
0.13480366662595
0.13546729190803
0.13532929338922
0.13455240243845
0.13477718452967
0.1361231689131
0.13646844583998
0.13617184626251
0.13597048475329
0.13516582955449
0.13524158606354
0.13523378365404
0.13450716242626
0.13564855995225
0.13479212370357
0.13540581398315
0.13699408356901
0.13702529021156
0.13540747538248
0.13518463165332
0.13551472087412
0.13626174817791
0.13628583657819
0.13507384010966
0.1355451732933
0.13557051448215
0.13540047504227
0.13569862981857
0.13582796416426
0.13581477176682
0.1356936143695
0.13609981391705
0.13600385450186
0.13571386233488
0.13570016027647
0.13566083456795
0.13594713202648
0.1350239385577
0.13639777069601
0.13572450056473
0.13621014429187
0.13691426245657
0.13597372619913
0.13555194557335
0.13593321962033
0.13676160382368
0.13650381134677
0.13619755049477
0.13634965197044
0.13617961549282
0.1356271103103
0.13536069298921
0.13613434758992
0.13619927046872
0.13552519484278
0.13606807801876
0.13554056045467
0.13560291648506
0.13537649113418
0.1360655838581
0.13591899722407
0.13611251777386
0.13625767475023
0.1356372714977
0.13560762094388
0.1361084973368
0.13591986027265
0.13635259619917
0.13584128204059
0.13559574622563
0.13579143032513
0.13613561683152
0.13589187538682
0.1359275641025
0.13593108494986
0.1358987260024
0.13596110570668
0.13554861046732
0.1355641556154
0.13601319587406
0.13587808825572
0.135834729485
0.13641403934281
0.13502556518933
0.13488448177728
0.13655018667258
0.13625905451586
0.13593354891135
0.13568513343429
0.13569735209233
0.13616474219006
0.13585519285661
0.1356522289209
0.1359630232037
0.13566221637327
0.13603349890048
0.13590874620784
0.13532584075035
0.13575228283701
0.13560494134459
0.13544632656947
0.13549385862637
0.13544192007194
0.13583274620408
0.13553676689081
0.13497647050336
0.13538797699346
0.1362661541873
0.13462860760184
0.13558365578723
0.13610566965237
0.13463908074028
0.13589033058793
0.13641854170049
0.13562933753695
0.13623038519648
0.13521514241568
0.13536715626262
0.13569239426707
0.13570823418963
0.1349000852677
0.13548427135545
0.13481467949292
0.13557994576859
0.13488565355488
0.13599039676912
0.13484877080289
0.13512408586854
0.13589669266295
0.13469803440188
0.13444129117634
0.13578477650867
0.13614791015114
0.13501672579658
0.13661703474338
0.13532391250532
0.13567222826349
0.13544883528286
0.13563581835154
0.13469800245476
0.13533607101336
0.13510816257554
0.13520686398126
"n_500_d_25_tr_20_a_158x158_idx_4_p_abba2"
0.13295522139718
0.1308672188213
0.1327906836138
0.13249165742243
0.13294129125501
0.13115108493092
0.13287089923428
0.13137381978684
0.13279675272347
0.13266432074544
0.13310044302955
0.13265072619195
0.13109736429895
0.13181329996097
0.13231515758424
0.13163626427865
0.13332806434832
0.13228872463292
0.13155229430725
0.1312647777285
0.13097994975942
0.13287422149482
0.13227735002114
0.13074134475592
0.13150346857372
0.13237464645016
0.13110391986295
0.13307254554031
0.13298756934109
0.13272052702137
0.13185890061989
0.13151186371821
0.13186558132356
0.13196019694895
0.13319146075976
0.1334155194153
0.13174804362884
0.13322014365859
0.13277555470187
0.13303977938011
0.13294954893898
0.13273544830327
0.13175318759058
0.1326856345336
0.13326930642608
0.13200178112484
0.13284111631388
0.13185829514677
0.13289176411156
0.13234977384218
0.1318274588911
0.13345612332972
0.13273147062282
0.13317117526136
0.13195567292726
0.13262143920909
0.13315555172771
0.1329345985956
0.13313075380346
0.13270327063027
0.13275325339878
0.13221853213154
0.13137494798541
0.13310892549429
0.13123297126759
0.13271460108318
0.13244675902467
0.13235718756035
0.13092528480578
0.13104264316795
0.13450473092583
0.13177589192406
0.13321061363316
0.13236523635494
0.133535887599
0.13244790806809
0.13192713275144
0.13261819025961
0.13364419777806
0.13249045666784
0.13342323916129
0.13266826393211
0.1326847220458
0.13339505010497
0.13206981938102
0.13126901235953
0.13315953299634
0.13220025893801
0.13306414467026
0.13265286445948
0.13338984602803
0.13220213369769
0.13309077077457
0.13154917611308
0.13160884085608
0.13228724163195
0.13342159636525
0.13184206484029
0.13213373405771
0.13282464786587
0.13047462058282
0.13267363208649
0.13197462180801
0.13257515701637
0.13321610697519
0.13306613034167
0.13248226194239
0.13197705404821
0.13230777023466
0.13279305429459
0.13280146168319
0.1322359151045
0.13299922832388
0.13344013794558
0.13170970188055
0.13129088992869
0.13121073756133
0.13267288421722
0.13129257369354
0.13238005537586
0.13240032820125
0.13282129365786
0.13227900254746
0.13251063397583
0.13276276023674
0.13124232425845
0.13195798342463
0.1319680564812
0.13138487220518
0.13326249268853
0.13255676321111
0.13256559845948
0.13220340973772
0.13169129702345
0.13231397463192
0.13346466029957
0.13297207242559
0.13052062036198
0.13241012438802
0.13311429827535
0.1322088832397
0.13292913182688
0.13284584550532
0.13211903714995
0.13067530861623
0.13202560071215
0.13251479959775
0.13350252713388
0.1317874413728
0.13220173813295
0.13276404403417
0.13110183751569
0.13360226478269
0.13146540741767
0.13418036849297
0.13289141151787
0.13038804342531
0.13328052530218
0.1323188743013
0.13320338879883
0.13350081793198
0.13256942601241
0.13266994416863
0.13253578488277
0.13159302935416
0.13363693502301
0.1326615321558
0.1326189339376
0.1332732742427
0.13214808781655
0.1319299015622
0.13297505231764
0.13309354813816
0.13174584084941
0.13325759657868
0.13266614434984
0.13321213429851
0.13257538395412
0.13327584299031
0.13328945758577
0.13236706866249
0.13278435052869
0.13156956183316
0.13219400090113
0.13276948691987
0.1328076691034
0.13338635392079
0.13318020166582
0.13318309237705
0.13403027070574
0.13053985112918
0.13317247835509
0.13216591879714
0.13251498964229
0.131939417564
0.13252003552386
0.13102062014789
0.13265611050926
0.13300013886345
0.13174709470167
0.13258260232841
0.13135754312169
0.13223409255905
0.12953489093335
0.13245997292542
0.13145736595299
0.1325531475919
0.13223278338131
0.1317168526518
0.13246602199214
0.13271996801967
0.13393520869231
0.13125302167404
0.13256109655038
0.13296667542054
0.13159863376887
0.13083146646655
0.13277288213714
0.13398125569786
0.13196157095661
0.13294878346901
0.1316713890619
0.132343172781
0.13061679494446
0.13192476754669
0.13345293839673
0.13150539637002
0.1331530642347
0.13177835037821
0.13248962305062
0.13325706253112
0.13291344336194
0.13291682946253
0.13190206986646
0.13259960527815
0.13412608476932
0.13313178610928
0.13183979893112
0.1324746360334
0.13267053956322
0.13367689992766
0.13129001845003
0.13226571232028
0.13155879910368
0.13254678985312
0.13146334896926
0.13255953424665
0.13217696679373
0.13244593559419
0.13144662449772
0.1316701239545
0.13279546116254
0.13260658363336
0.13218022511836
0.13299314548192
0.13338057850952
0.13420686753653
0.13243356143453
0.13242807264434
0.13316649038805
0.13294396249275
0.1320686781108
0.13176557725806
0.13181585149287
0.13330729364579
0.13262339292919
0.13235071602912
0.13252023424535
0.1325115159044
0.1321660907013
0.13244384161704
0.13268335395181
0.13303210466899
0.13417606681522
0.13225763143647
0.13220405176877
0.1341947919843
0.13351633236843
0.13332650494261
0.13235348846715
0.13230256257077
0.13222018616802
0.1333310370509
0.13206597159127
0.13227142386264
0.1329461693962
0.13441883829523
0.13241416516555
0.13263794409758
0.13090135657311
0.13306575921497
0.13193801198219
0.13179633647635
0.13306953116545
0.13258715002672
0.13194698765865
0.13294893164624
0.13174044394074
0.1332505523877
0.13245528973675
0.13289604190769
0.13310541662539
0.13288456476473
0.13407360650735
0.13212787665758
0.13269239412322
0.13265135643981
0.13227877781809
0.13332927379412
0.13297633172352
0.13455048029988
0.13161435396717
0.13378616777271
0.13255993223596
0.13289526961361
0.13243802349153
0.13149222509182
0.13312875414819
0.13447729408773
0.1330246821877
0.1336831450553
0.13254067822717
0.13130110464913
0.13354799818461
0.13191635089942
0.13339212670158
0.13297187689998
0.13275833004479
0.13292925531181
0.13445666515241
0.13239408027942
0.13167868671207
0.13147427182293
0.13237058693289
0.13367985751195
0.13268165188507
0.13249561425304
0.13270108041056
0.13244313287879
0.13277391738142
0.13395749134811
0.13198112970875
0.13144747556779
0.13301046253219
0.13325443688926
0.13243378135028
0.132305649773
0.13187956193729
0.1329871075728
0.13338341656973
0.13243305883247
0.13276094395223
0.13189854885176
0.13263446972309
0.13290220475903
0.13265035622026
0.13192001911844
0.1322758213503
0.13255711549084
0.13260557513044
0.13259069926024
0.13161640071477
0.13397912164914
0.13234236404219
0.13255578726192
0.13318115315391
0.13306504888922
0.13202806967699
0.13236192358437
0.13365391947254
0.13244905242316
0.13253663206208
0.13279195093445
0.13271537617671
0.13182584889512
0.13215365503899
0.13157266426805
0.13237233060098
0.132898330912
0.13297498450607
0.13189613280914
0.13483530609764
0.13308785410535
0.13354479528991
0.13164345404273
0.13037329347368
0.13162232737154
0.13186343876562
0.13424835720104
0.13194268407766
0.13208826169634
0.13211035647996
0.13224612589099
0.13195500268736
0.13179946222129
0.13259596895947
0.13217846106778
0.13287343883007
0.13193719009741
0.1330909666073
0.13212244080229
0.13109357791918
0.13112502226438
0.13170373118013
0.13174695744839
0.13247997144702
0.13100272383132
0.13279498933333
0.13346843038345
0.13263793806588
0.13212391730547
0.13314711187043
0.1318383744422
0.13292038065049
0.13291250444035
0.13144465993044
0.13347577761705
0.13184086398192
0.13247086229691
0.13247396378714
0.13259212613802
0.13189816247401
0.13253808708959
0.13210209905643
0.13312919342086
0.13247803402082
0.13232411113067
0.1320862084972
0.1323255825076
0.13253305477956
0.13234499867148
0.13262679884133
0.13162369467307
0.13255310931975
0.13247793834647
0.13324883494202
0.13361212661883
0.13190939303456
0.13313995274383
0.1343639283842
0.13402129520874
0.13313034391421
0.1325366208856
0.13325478027316
0.13231886175329
0.13244281376452
0.13284414343212
0.13240078831045
0.13217725769519
0.13223597791585
0.13242379429698
0.13438845100057
0.13297153146038
0.13365866923651
0.13267033304377
0.13264360545677
0.13170414463827
0.13364184038522
0.1318734956993
0.13100367817387
0.13269257842151
0.13282810633206
0.13272057221022
0.13303664022379
0.13280976998467
0.13305861844376
0.13304033003226
0.13249976168892
0.13248989250825
0.1319506100117
0.13345073824857
0.13344112501321
0.13051564071449
0.13324859646861
0.13153462355227
0.13206149196008
0.13238897778744
0.13165763768249
0.13252730063598
0.13136295376829
0.13274069789999
0.13326459149617
0.13349087090653
0.13299358541249
0.13274008397818
0.13306067805548
0.13362998617772
0.13152477089813
0.13332645174096
0.13153711661783
0.13308416032869
0.13329715267316
0.13394732902976
0.13324795981044
0.1345242413703
0.13219500793202
0.13278694697625
0.13449617779416
0.13333429523613
0.13273485978208
"n_500_d_25_tr_20_a_158x158_idx_4_p_cds3"
0.12884814549687
0.12605157155813
0.12707491416689
0.13209072952157
0.12810628649182
0.12778934220933
0.12769307251422
0.12813883100187
0.12476553617632
0.13305737962788
0.13253361714553
0.12842589002103
0.12833498710066
0.13059290772564
0.12823440820955
0.13252547336779
0.12696068828418
0.12903633028427
0.12885081853453
0.1323644769532
0.12734880646049
0.12998699951355
0.12547059612188
0.12911290682569
0.12830012323237
0.12652325872994
0.12817054489615
0.12830462635822
0.12822005080054
0.12959564540948
0.12824528926053
0.13340830764727
0.12690473745665
0.13117952111774
0.13275886653381
0.12901860642764
0.13231462012549
0.13362944634507
0.12960669405439
0.12645471966378
0.12828780200937
0.12815104719031
0.12737169835502
0.12632136612732
0.13303510260226
0.13007335025127
0.12954563478242
0.12864540872612
0.13323039323597
0.13299046934477
0.12882557278912
0.12984222296695
0.13050075373625
0.12869583255846
0.13362001153181
0.12797825215918
0.12835656202773
0.13300630669566
0.13020091718987
0.12866252150093
0.12889097575075
0.12853754693385
0.12730623092008
0.12913199152389
0.12774853304463
0.12723688790221
0.12909276187698
0.1278070665981
0.12837815987091
0.12689081207154
0.13246300769209
0.12630407141611
0.13044441652804
0.13255422273655
0.12697938771086
0.12937104241399
0.13227917738645
0.13269709747805
0.12806570388638
0.13320464086949
0.12874194957757
0.13310549478428
0.12746711333894
0.12870115417432
0.12879991892913
0.13301822032924
0.12706811370853
0.12957874668183
0.12977360508034
0.12925638848381
0.12980947247942
0.13031291744935
0.13032509956633
0.13219806352088
0.13209029485526
0.13030352822779
0.12790765628165
0.12711646699484
0.12874263465001
0.12645247569642
0.13092617087121
0.1267517065548
0.12719652972694
0.13084219818169
0.13201976338818
0.12883059534612
0.13140890259696
0.12739719574275
0.13225465400774
0.12925560229661
0.12767849258641
0.13320170653378
0.13170909628592
0.12775708237292
0.12660693153497
0.12797691038887
0.12711293688442
0.13080740481977
0.12925775058528
0.13086457261925
0.12831362242514
0.12937299777854
0.13261259749599
0.13270303571708
0.12600401439944
0.12725718126677
0.13049773395846
0.12962106390007
0.12798234551249
0.13181523954755
0.12883865050422
0.130135765812
0.12854425598077
0.1281612218887
0.12982299911178
0.12900711111068
0.13225378626185
0.131506101646
0.12651118422753
0.12835658797734
0.12786361014225
0.13179019883334
0.126970574502
0.12740744213551
0.13268174638367
0.13282467597814
0.1292309881196
0.12981270692475
0.1277445489185
0.13025798637877
0.13413178410214
0.12943830529645
0.12946304222723
0.13160249863632
0.12875458721955
0.12922782000653
0.13103902712912
0.12662889758487
0.12686099995369
0.13127867907538
0.12810099435986
0.12980681178381
0.12945583236625
0.12950617440403
0.12962185039182
0.12960328587642
0.13138228742146
0.12871358277989
0.13167316079423
0.12928967508714
0.13342873623706
0.13450672199031
0.13101323936866
0.13235956186944
0.13516864679065
0.13174770361122
0.12858783857492
0.13122500999254
0.13173447032862
0.12965231634588
0.12698284973643
0.12888514811604
0.13239947009756
0.13088454302569
0.12709843937774
0.13366093366412
0.12933707617223
0.12853535394589
0.12722974253839
0.12641524831169
0.13228324168141
0.12966790819161
0.13371310078816
0.13263876542679
0.12772142917184
0.12867756767106
0.12915306232171
0.12732612898272
0.12867148578162
0.12739172250932
0.13418541185998
0.1257263940859
0.13069422539954
0.12840712155387
0.13121675806493
0.12790734298667
0.13320860164865
0.12719049191074
0.13145743697714
0.12898900389106
0.12932537331686
0.1261894864552
0.12594291423595
0.12641505197095
0.1275828293832
0.13301732071585
0.1295997791155
0.13355810599168
0.12787034707092
0.12745876116769
0.13140571404946
0.1288049163743
0.1278959340836
0.13239894688448
0.12882114852276
0.13343275733213
0.12732549538423
0.12853884362046
0.12783944943422
0.12796433589485
0.12987331528231
0.12745940111712
0.13039213257311
0.12680773020686
0.13236640381187
0.13314080170503
0.13030129322551
0.13103767806204
0.12899659993042
0.12883854441005
0.1289233409255
0.12557690373556
0.12881348224943
0.1274021713489
0.13187849878665
0.13057093664536
0.12820316956235
0.1285181073892
0.12736172793508
0.12780923873355
0.12834316200972
0.13242432337537
0.13138960044325
0.12952315710694
0.13074105770701
0.12759019963046
0.12825053920001
0.13286375063295
0.12848348885182
0.1275112846418
0.12906834867443
0.13198986149236
0.13003764025981
0.12703255092233
0.12909447855542
0.12864296772015
0.13221842910498
0.13355663153611
0.12792297126864
0.12959910160272
0.12585922346086
0.12871714782404
0.12554968045673
0.13065395422106
0.13238076102119
0.12739542915076
0.12852797755342
0.12933770136205
0.13252860516535
0.12833765323911
0.12710984661273
0.13103019931995
0.12700490930168
0.1302496570535
0.12677953169204
0.12822062765374
0.12674026819891
0.12902424683427
0.13118523960515
0.13146211528211
0.13242109060189
0.13024325513359
0.12789031702498
0.12687269255409
0.12635106145258
0.12693364839882
0.12719078432805
0.12881435544587
0.1308167111714
0.13019806219432
0.13325358461457
0.1291145544657
0.13153153407923
0.13035675284465
0.1295534746483
0.1283197331836
0.12955618783295
0.1336589229511
0.13160853704855
0.13009659403682
0.12634221620485
0.13288704274483
0.13314742122418
0.13083601549778
0.12867627200089
0.13138228829754
0.12936852375222
0.12907300272277
0.13261396521911
0.12751084589346
0.12792743578728
0.12836530280502
0.13339762409063
0.12901707186653
0.1269029004331
0.12884712804601
0.12715391233724
0.12892654733728
0.13355986625337
0.12931257965417
0.13249565237154
0.12865659849073
0.13207574642856
0.13243254393249
0.13188899743735
0.13177759536594
0.12912901367393
0.12857418126496
0.12871952609078
0.13091963701601
0.12802239334035
0.12928755960968
0.12869423845617
0.12905920035794
0.13085466486146
0.13077529526983
0.12906273708666
0.1287935265573
0.13228439948023
0.12710912096206
0.12758443640975
0.12899153874503
0.13075126153402
0.13167462281601
0.12882025858312
0.12800034486734
0.13221731210922
0.1326676635231
0.12591202125386
0.13226282984599
0.13296382279859
0.12760509228936
0.12951124845779
0.12984617516362
0.13257656689889
0.13153051126431
0.13146448949994
0.13090141715151
0.1315177887039
0.12724525917536
0.12819048855231
0.12867043591598
0.12791641846089
0.12663808061365
0.12747418840846
0.13012190358281
0.13321384723536
0.12551421864904
0.12635709348856
0.13299699130144
0.12904600106815
0.12802601813049
0.12888737792072
0.126425216431
0.12965541392352
0.13056901261855
0.13244493224299
0.12621268504697
0.1280353222874
0.12841699615465
0.13218235565778
0.12814443780522
0.13014623869172
0.12779194079635
0.1266167002865
0.13186635179236
0.12801244299865
0.12587118284025
0.13184589449092
0.12968545462562
0.12697291598776
0.12599302016207
0.126959762574
0.1264531487084
0.12634042248626
0.12625633848781
0.13112826058866
0.13086207825356
0.1258525445334
0.12729764588815
0.12646232602813
0.13125447438848
0.12648996324461
0.12836064200509
0.12732080375458
0.12844397575245
0.12677380778861
0.12786903134079
0.12656560626044
0.12718509415226
0.12862715547657
0.12753605154725
0.12550241359271
0.12609550198167
0.13309271778169
0.13083958727333
0.13108062258441
0.12934695952816
0.13352508856268
0.12865261968404
0.1310197579117
0.1281149110507
0.12782008993302
0.13007628692267
0.13218238324634
0.13138994863913
0.12796193116905
0.13272277322607
0.12778114278677
0.13054811460481
0.12954411218244
0.13100630107186
0.12778149746785
0.12916125737816
0.13124738532627
0.13175173282004
0.12737434319128
0.13195536339897
0.12730124402106
0.1327126090117
0.13196066685814
0.12843207434801
0.12900842798781
0.12971075674583
0.12738324847674
0.1303601466441
0.12720498796902
0.12552147878856
0.12702944870436
0.12887175084787
0.12747376690069
0.12668005673221
0.12672051498849
0.1307800758315
0.1294622915338
0.13229797191032
0.12888917094177
0.12825835449334
0.12659833657249
0.1292610894007
0.1327408288087
0.13006223949239
0.13219788320776
0.12809099592056
0.13265349867914
0.1284979834219
0.12863498132218
0.12817031320776
0.12835351397222
0.13011743103226
0.13186881409216
0.12752898819353
0.12828397065385
0.13090172897696
0.12868803462728
0.1287616993819
0.12695691479489
0.13049018701782
0.12786562380279
0.12863995987542
0.13147159770044
0.12815375188664
0.13298908245253
0.12837604030193
0.12785497190405
0.13251760261905
0.12738040324578
0.1254611345297
0.13276764253796
0.12889530364435
"n_500_d_25_tr_20_a_158x158_idx_4_p_flooding"
0.13919716028972
0.13710144461373
0.13807598537782
0.13934203927999
0.13901880656225
0.13851912682389
0.1382642718582
0.13844804789891
0.13649807001758
0.13957298333841
0.13859737089526
0.13885286612227
0.13825992329562
0.13903887188011
0.1394737129698
0.13938237897052
0.13921590281613
0.13859042598698
0.1378463722441
0.13753797802943
0.13798549444564
0.13682019731014
0.13986928760379
0.13917820294786
0.13910651963725
0.13935003561585
0.13732105484553
0.13890714642632
0.13911363559915
0.13930020931629
0.1392049905312
0.13970593636557
0.13720340567766
0.13911726238682
0.13989981394793
0.1388614116415
0.13896586284533
0.13920284513288
0.13951862726967
0.13794092052768
0.1391337139422
0.13920663002453
0.13765124041527
0.13814030246647
0.13891324041992
0.13957720931281
0.13972507698516
0.1394663395781
0.13732254949203
0.13917804003801
0.13913990476527
0.13917446111275
0.13904308743606
0.1386273481943
0.13925031313342
0.13936366908963
0.13952052628773
0.1394367340929
0.13862998058321
0.13950205152605
0.13912747642132
0.13869602447192
0.13831039102006
0.13839262368469
0.13807289509512
0.13946736640324
0.13927860703052
0.13958043836264
0.13844646742208
0.13804037486414
0.13697436830882
0.13754055467557
0.13915554437008
0.13952826493618
0.13873340981245
0.13941245992118
0.13929170537253
0.13833252273364
0.13964963663722
0.13906791479174
0.13805168770956
0.1393065364885
0.13866314403447
0.1393467413238
0.13980350419935
0.13981532056455
0.13915747822556
0.1395262335403
0.13860911892481
0.13973483889247
0.13781395818962
0.13946814953111
0.13860837161441
0.13917582043735
0.1394590672659
0.13946546983062
0.13895333433043
0.13899725850107
0.13775565157488
0.13918424046595
0.13783730753291
0.1392270690223
0.13775204968846
0.13789728325921
0.13940648912353
0.13825363416602
0.13792089232084
0.1382054557557
0.13774425626404
0.13899138690915
0.13768827347415
0.13805403153058
0.13918671877024
0.13874989715471
0.13728447647585
0.13871425563711
0.13839762640174
0.13781900831041
0.13858180304556
0.13867841388555
0.13936912115081
0.13944968899439
0.13899810561155
0.13924582411887
0.13896084964311
0.13754208222338
0.13744950306726
0.13772832539402
0.1384169472015
0.13851207877785
0.13758393625337
0.13884042737299
0.13850236493097
0.13991302988854
0.13965692622592
0.13852167590588
0.13936613831624
0.13888820217313
0.13749839693982
0.13912874724153
0.13903790340973
0.13842426575751
0.13873716967105
0.13761999908671
0.13906358605294
0.13945153829626
0.13759172533712
0.13873730871472
0.13892664575424
0.1396081653394
0.13930125536416
0.13880808254075
0.13890112895086
0.13888206523754
0.13942099825358
0.13734431605136
0.13763961623268
0.13834079207779
0.13857282988963
0.1388806994373
0.13913386145548
0.13951857192874
0.13846548809489
0.13949321658004
0.13936537068993
0.13802795164912
0.1388748493502
0.13963042557997
0.13980164379053
0.13882744657281
0.13855323269144
0.13953058087881
0.1398354842239
0.13742125920959
0.13838235589225
0.13972579131828
0.13938368234863
0.13907431515586
0.1392313808809
0.13860713726862
0.13740404739239
0.13912353790807
0.1388155984573
0.13818673895814
0.13967256635199
0.13943336667579
0.13880259719981
0.13950284999472
0.13912932776978
0.13783206316962
0.13808894774099
0.13962655325199
0.13831014958635
0.138663521061
0.13850213892136
0.13916026172086
0.13920406490979
0.13916488126546
0.13917324005856
0.13772701013318
0.13851610970189
0.13792708427016
0.13943271429612
0.13776933895019
0.13905184039011
0.13880649008837
0.13924610999809
0.13889633074656
0.13818653267766
0.13817859563523
0.13923146206359
0.1385732563721
0.13776164343089
0.13937477955706
0.13885843386644
0.13737909818535
0.13824759445543
0.13785082409416
0.1382283053465
0.13883835818142
0.13872146398444
0.13760921275494
0.1390781753639
0.13844811745609
0.13903208553084
0.13872639196176
0.13879917070175
0.13783642110714
0.1387379828227
0.13884895734047
0.13845792700934
0.13887044316997
0.13915074434179
0.13900204471881
0.13859465295446
0.13739133042659
0.13886525993537
0.13735574492012
0.13848798977207
0.13917880085538
0.13627915840591
0.13898064387964
0.13942669556501
0.13882524589698
0.13829719716069
0.1386161322194
0.1380412501176
0.13879118167242
0.13955253278243
0.13906509620833
0.13902520548274
0.13871395141322
0.13906302047954
0.13716302705728
0.13853559211315
0.13919841032265
0.1392503833476
0.13794056379232
0.13862561586529
0.1395452834726
0.13943774574195
0.13824035329621
0.13912080388859
0.13897201060901
0.1387397572242
0.13793499408853
0.13841364319277
0.13856978468018
0.13866422908591
0.13751437023501
0.13901320887909
0.1394409142911
0.13750307075875
0.13643627762748
0.13893425209052
0.13909453306671
0.1380098770741
0.13775935283394
0.13756755991385
0.13851623360786
0.13875285306366
0.13771082520788
0.13859996863124
0.13872184207543
0.13930623828203
0.13795474311653
0.13771976140778
0.13964712930708
0.13772894134272
0.13777437319263
0.13830477676949
0.13801193240737
0.13826058544427
0.1383192008019
0.13913596413243
0.1388384099851
0.13942734223063
0.13930519818133
0.13880906483704
0.13797324799447
0.13794911258031
0.13868014668462
0.13884849985498
0.13857493962487
0.13930735931678
0.13878266072488
0.13967341708782
0.13844501995436
0.1390060604988
0.13868717408682
0.13917874150563
0.13960276801331
0.13719258571286
0.13854597383998
0.13888382902114
0.13837385531319
0.13888421319994
0.13917104336852
0.13835031273971
0.13875603118501
0.13923750036397
0.13872475712795
0.13917572254523
0.13816140998826
0.13859573122483
0.139181876903
0.13898638646949
0.13871923318644
0.1374959462032
0.1384313379042
0.1376508563193
0.13832539323379
0.13825637139613
0.13779012760561
0.13775078011503
0.13887543009069
0.13884171524574
0.13888247871965
0.13786486165328
0.13847877658311
0.13866499024957
0.13824230192711
0.13867028313755
0.13763242110686
0.13832721515938
0.13894192245947
0.13936264103161
0.1384411685284
0.13941143917792
0.13888783312541
0.13816852049888
0.13808587134247
0.13845918026293
0.13897320462165
0.13821576306609
0.13831962242016
0.1389312144768
0.13952513720083
0.13912617166148
0.13873723108224
0.13728918604717
0.13825183699336
0.13833041948248
0.13879280717311
0.13961546058162
0.13838124532038
0.13946772967415
0.13794952657883
0.13854221946073
0.13845883417561
0.13851919791735
0.13803690891032
0.1378121496228
0.13815966231943
0.13921753221777
0.13900103518981
0.1381028624675
0.13875417722086
0.1388049453501
0.13712800369996
0.13761056021035
0.13768267666064
0.13939169163858
0.13922575116825
0.13887271911352
0.1374450268257
0.13953417099695
0.13912534966395
0.13728678758274
0.13922851051709
0.13911213698598
0.13883733399709
0.13945413292
0.13875975896085
0.13899953190751
0.13708922742801
0.13832988020178
0.13817524741428
0.13736103052423
0.13747758641769
0.13866928722151
0.13766735909407
0.13775652508655
0.13761489853077
0.13757994278531
0.13776780404527
0.13780983740216
0.13720276122382
0.13756934399927
0.13691211982083
0.13811292820376
0.13821833094376
0.13763046928477
0.1375174069706
0.13836027137576
0.13807290251415
0.13776605733641
0.1381065333444
0.13887650835557
0.13762463347556
0.13753524726457
0.13782080922712
0.13974653669281
0.13683826228017
0.13776914378564
0.1390665786762
0.13842419550009
0.13843589258937
0.13833538444463
0.13909163806264
0.13858185179157
0.13861890834636
0.13738718150328
0.13779337954587
0.13832062820895
0.13846889748981
0.13763879786845
0.13803715982307
0.13791897091391
0.13811311766145
0.13820581956976
0.1386110567945
0.1377433684602
0.13763208646239
0.13799100489719
0.13894990120191
0.13850148919652
0.13866950692574
0.13836023734107
0.13763655776071
0.13851830195689
0.13819185023429
0.13805488896983
0.1380331919096
0.13795049173753
0.13837268124996
0.13785323251437
0.13807744113984
0.13758414320266
0.13677080084084
0.13784012466333
0.13827824295753
0.1383119864526
0.13778831985507
0.13736131130221
0.13901481040516
0.13798088599468
0.13840794381431
0.13880128410323
0.13719017337347
0.13773368090302
0.13721866222321
0.13887521953896
0.13895071480759
0.13894198619096
0.13888233190445
0.13858234739502
0.13851530295508
0.13883845722182
0.139212675738
0.13849190988106
0.13898320683736
0.13819535265097
0.1387525031716
0.13895667034976
0.13821714992621
0.13943556963397
0.13757633289811
0.13832510861479
0.13847958717821
0.13831079249578
0.13915911324531
0.13709540439067
0.13854994542426
0.13693760751736
0.13752111425316
0.13781527941066
0.13655631105628
0.13793338850948
0.13912055941717
"n_500_d_25_tr_20_a_158x158_idx_4_p_mprt2"
0.13573768329037
0.13384388474445
0.1357561556027
0.13330868388659
0.13387890427222
0.13172441086046
0.13509757296432
0.13407499528692
0.13342432054808
0.13332345227474
0.13409793712934
0.133610185021
0.13454872612
0.13447784410515
0.13499784773893
0.13372498732574
0.13487813696024
0.13555052943264
0.13655147023703
0.13545194136835
0.13278905731024
0.13375246275539
0.13566134039441
0.13448538721356
0.13580278915312
0.13553950242863
0.13568704444335
0.13272644103948
0.13223422215817
0.1326533273914
0.13300227359743
0.13413525513947
0.13453503260059
0.1341811160908
0.13608884903024
0.13530463736209
0.13185190736124
0.13557561951943
0.13310853151108
0.13341212441735
0.13409843652291
0.13382599402123
0.1347978885469
0.13282393406687
0.13460954753012
0.1351512676401
0.13575480588382
0.13392600349621
0.13540870079409
0.1351994988306
0.13307659191381
0.13617626452335
0.13500622602193
0.13302963143022
0.13438557458724
0.13326240666111
0.13526101290374
0.13537314165887
0.1353963164995
0.1351198902587
0.13361651490709
0.1355927447407
0.13444982318801
0.13317808964167
0.13464601224757
0.13497342463213
0.13494737496933
0.13648516018059
0.13582582986893
0.13551615579391
0.13575971158874
0.13602265637933
0.13482693110504
0.13389462788541
0.13552463098092
0.13601671432578
0.13175069865177
0.13395298556227
0.13494037256509
0.1351860866938
0.1341701321278
0.13498221662308
0.13504276444551
0.13458990936547
0.13457081735338
0.13340997602127
0.13487072006957
0.13454920791952
0.13530670785931
0.13590404633906
0.13527124205008
0.13562648890286
0.13565203572289
0.13474866468802
0.13540241725904
0.13411201472461
0.13265577490556
0.13557184698698
0.13593353496645
0.13489884421358
0.13577924710682
0.13467131707087
0.13509234640884
0.13544890891607
0.13433191615887
0.13405641294645
0.13579269740164
0.13473803874388
0.13440262606972
0.13549746732392
0.1363350052878
0.13299812331838
0.13258506790725
0.13349507365394
0.13567481177934
0.1308222135062
0.1338069547813
0.13599018064222
0.13461840992536
0.13416749522211
0.13588030950659
0.13338628690005
0.13603135057235
0.13565049477906
0.13550109519502
0.1331610599037
0.13388299079868
0.13389009507702
0.13119280474199
0.13420326207785
0.13475142587151
0.13554896314858
0.13343969012249
0.13134889104863
0.13552520953226
0.13626121889526
0.13533393646496
0.13480179564257
0.13617736581231
0.13503119188273
0.13401760656394
0.13542431605867
0.13298535473195
0.13487489537534
0.13431271786485
0.13529937662997
0.1331426990429
0.13475204208705
0.13351772341119
0.13488383569286
0.13386568281996
0.13539008957365
0.13411486448341
0.13379820196423
0.13587816625789
0.13555091413773
0.13526412499837
0.13582974691191
0.13541662922645
0.13566838869803
0.13545142812921
0.13527184837484
0.13635185720338
0.13636577390065
0.13458659416865
0.13596344937622
0.13251620791092
0.13298176158671
0.13618863955074
0.13574187432692
0.13429796444828
0.13544703224383
0.13509109738956
0.13563486473755
0.13386287243269
0.13551313184143
0.1346325825918
0.13592177555827
0.1354568821025
0.13622593205615
0.1323368169124
0.13614094854516
0.13544759434557
0.13396892376813
0.13580876035933
0.13379196291199
0.13226572238564
0.13161688872179
0.13598348521411
0.13489248535632
0.13367539543013
0.13478040277023
0.13415748704825
0.1311423044213
0.13538566318763
0.13566496912829
0.13427860973537
0.13382508238474
0.13438208145584
0.13553113679474
0.13452337295965
0.13265024915869
0.13327984014712
0.13572517019827
0.13421067302057
0.13527194105344
0.1345488891873
0.13405294184402
0.13421862208574
0.13567493242638
0.13572793935599
0.13384870106226
0.13482444239257
0.13550441248013
0.13426949949854
0.13441599669324
0.13402207734562
0.13561970288846
0.13506567061317
0.1347171487805
0.13524115589515
0.13476054114301
0.13529787478224
0.13445456979991
0.13617982085047
0.13495876661691
0.13512386931925
0.13553408296261
0.13486439728876
0.1350581953889
0.1336465685858
0.1349487823415
0.13389986934973
0.13469361530287
0.13521198713016
0.13323197579008
0.13413655665221
0.13462902560787
0.13523543469823
0.13620282000696
0.13422768379052
0.13256421053826
0.1352661265323
0.13618440895667
0.13575327099692
0.13545482095645
0.13460451532856
0.13548978757164
0.13318098891205
0.13576686463241
0.13588129748572
0.13383871188838
0.13403578125204
0.13217372837787
0.13580330960499
0.13489344311053
0.13494816156594
0.13398602572289
0.13496601633825
0.13524245668874
0.13525623341719
0.13350326793772
0.13553351841465
0.13493107189253
0.13535797678861
0.13382604038241
0.13284547805431
0.13276646003941
0.13498725018179
0.13540669607643
0.13536714367767
0.13494212789917
0.13341887029995
0.13467531503459
0.13571215879571
0.13430289441536
0.13571903491341
0.12956302626343
0.13594375407933
0.13514406760105
0.13290040829861
0.13588939065919
0.13493019865265
0.13563824011682
0.134471537373
0.13360972433871
0.13401558893863
0.13502692717157
0.13324420127909
0.13539102796903
0.13591203849714
0.13289630630607
0.1326472109684
0.13451910974873
0.13337492164369
0.13450250806506
0.1353726527499
0.13357280075271
0.13359846502877
0.13450498732104
0.13376130560494
0.13305481127457
0.13550330417279
0.1353510612398
0.13656337910422
0.13446590770245
0.13434781953934
0.13381949266647
0.13390781698499
0.13486362259121
0.1352558943742
0.1355312732751
0.13506140390511
0.13534086256706
0.13254308455519
0.1331160401263
0.13505352966707
0.13569380222692
0.13334661908274
0.13463513848272
0.13344780179751
0.13337825490843
0.13525800392147
0.13376628977909
0.1346746288973
0.134835141715
0.1349116672619
0.13321897211011
0.13506538651745
0.13474319858771
0.13412290024617
0.13440415008781
0.13390511803413
0.13435312985268
0.13453328113819
0.13534055357218
0.13575501090469
0.13496468831805
0.13438366977701
0.13449138425876
0.13512472815557
0.13540384048174
0.13469266324688
0.13491800831836
0.13498698257879
0.13555492248809
0.13520020249427
0.13408868394481
0.13297576857434
0.13517939311028
0.13539729346636
0.13469878443007
0.13489760945993
0.13482294144018
0.13492897299136
0.13592693243916
0.13540774616233
0.13602461932062
0.13491690440303
0.13622555485803
0.13585878040076
0.13516757510163
0.13517302955896
0.13604830175802
0.13560990310983
0.13367321956002
0.13438214223395
0.13558647226637
0.13578258990426
0.13472667826739
0.13599250474075
0.1333967147803
0.13431941163616
0.13349313086517
0.13429442527475
0.13547768253689
0.13490415531095
0.13513480879531
0.13488024086823
0.13314749055275
0.13302356738554
0.13333624308388
0.13422684724721
0.13417440481196
0.13603042852973
0.13219878479958
0.13632272374853
0.13583348456122
0.13518257469767
0.13424971156036
0.13455563127588
0.13552504069842
0.13509132944255
0.13528789770171
0.13529477973854
0.13512379027991
0.13456723509857
0.13196485758028
0.13347834091324
0.13196720606307
0.13262262643895
0.13212065798817
0.13186750568569
0.13410929837463
0.13205428480271
0.13163920414151
0.13268640479822
0.13181572313247
0.13328024053736
0.13305702838667
0.13345513489818
0.13539776069462
0.13256108806458
0.13288683053913
0.13549924790782
0.13209228643019
0.13561173970247
0.13528701438845
0.13414679008194
0.13227154300383
0.13332348712386
0.13452259471174
0.13383765492416
0.13512399492129
0.1349850407386
0.13444964646452
0.13643861808524
0.1348256536552
0.13367751303826
0.13487314232635
0.13246512445492
0.13388125950386
0.13404263589356
0.13576773386496
0.13461054088563
0.13521997877053
0.13420343190791
0.1343868395217
0.13433633863169
0.13499095779004
0.13535460643876
0.13352357013918
0.13422174240236
0.13466312517165
0.13592199016538
0.13539580004519
0.13464364295617
0.13419836883809
0.13474473668389
0.13417221354469
0.13411426039919
0.13525349048236
0.13436734872678
0.13448320531308
0.1333807592367
0.13377799134449
0.13197093502517
0.13378989366361
0.13501916784028
0.13374686737317
0.13499200981634
0.13485937133567
0.13391363383185
0.1340045639263
0.13241815954812
0.13476606060139
0.13304910267941
0.13388531255611
0.13564189355101
0.1357948438788
0.13593533344359
0.13578288712679
0.13533931219741
0.13363347631858
0.13564075523354
0.13587969610731
0.13460119342105
0.13564483330759
0.13537907087763
0.13539893936597
0.13468087822016
0.13410251320385
0.13561592469842
0.13442803659214
0.1337759469624
0.13476043735878
0.13298997355023
0.13448698900659
0.13551584558598
0.13359745802307
0.13429855383485
0.13416694142601
0.13355165686783
0.13315079861412
0.1348830210088
0.13403409926397
0.13340813038341
0.13298804964275
0.13282531896815
0.13593538713669
"n_500_d_25_tr_20_a_158x158_idx_4_p_probflood"
0.13662439416103
0.13705657653097
0.13696161891879
0.13585581001452
0.1360031207648
0.13656567898796
0.13712728187032
0.13637138787489
0.13713432102474
0.13583056733945
0.1361241930777
0.13626904087891
0.13601975379346
0.13617864927776
0.13625018430919
0.13584564028172
0.13706550496582
0.13745288835365
0.13756139397641
0.13707383417719
0.13576956060003
0.13605923387058
0.13652839087801
0.13651259459491
0.13724567964778
0.13740797584032
0.13722664455249
0.1353862188275
0.13634967435674
0.13593995466568
0.13638265573383
0.13683577762602
0.13716164496964
0.13657079179604
0.13740806989978
0.1368996265643
0.13556180465428
0.13704861326062
0.13635251771906
0.13562425958721
0.13718280671154
0.13595398877766
0.13700671066642
0.13557243912502
0.13754192465309
0.13650227798282
0.13713194415128
0.13572570743478
0.13714937334631
0.13676648308103
0.13642755801921
0.13744887953627
0.13710582738644
0.13657458473233
0.13681803178032
0.13559985823044
0.13744891044366
0.13686228101734
0.13702378643373
0.13641986390128
0.13582891749425
0.13715960943395
0.13691990394544
0.13570466694667
0.13655454010397
0.13675874345032
0.13701886181491
0.13757122015917
0.13634721074115
0.13734109859221
0.13699080163999
0.13708409788706
0.13661477040628
0.13695472745678
0.13724551653141
0.13701611201352
0.13618077402712
0.13572886613574
0.13743733635023
0.13724601940776
0.13552059302655
0.13637664862575
0.1364835159695
0.13743937700804
0.13690012157161
0.13606373875491
0.13753451765769
0.13639614160758
0.13675903068132
0.13697190967269
0.13673246560777
0.13749431805827
0.1374787929465
0.13684872547341
0.13725138234974
0.13655190362636
0.13554174784007
0.13701048403056
0.1370669955009
0.1366994509757
0.13706373610062
0.13632993657503
0.13711827816529
0.13645686709108
0.13619190627603
0.13558715341539
0.13696656303373
0.13675857627605
0.13593414858524
0.13669215736518
0.13741036914589
0.13602841561921
0.13629870893579
0.13615361495295
0.13712433598952
0.13655752600108
0.13651322925103
0.13743236468221
0.13747326971761
0.13663320911392
0.13765464426269
0.13532426882502
0.13706066349344
0.13716023679355
0.13723244080242
0.13700975300466
0.13652701590272
0.13633622592069
0.13477918161651
0.13665275899813
0.13703824106506
0.13687098325524
0.13668643430091
0.13503942420827
0.13704175533343
0.13732126270111
0.13697320355096
0.13712545582156
0.13758548678122
0.1369217496872
0.13698097746775
0.13712653220825
0.13540245837633
0.13644755783287
0.13690942678186
0.13656205494733
0.13612923368172
0.13629452588816
0.13579523108157
0.13738733455793
0.13547463523397
0.13761957724703
0.13701523624841
0.13717402826813
0.13731616749742
0.13676463736275
0.13660834669189
0.13734269347483
0.13753344402041
0.13674551385525
0.13662192359849
0.13684284876885
0.13748413927523
0.13723254289557
0.13741723922544
0.13726155848477
0.13603011348573
0.13576284630248
0.13750308692936
0.13742765676196
0.13653096425725
0.13681142152132
0.13690675755352
0.13738568350904
0.13660296072133
0.13715600108497
0.13621092720404
0.13727031912339
0.13722147430951
0.13747054808338
0.13596874594394
0.13709909868421
0.13772073006597
0.13669485890724
0.13714709984761
0.13658519601943
0.13603955729114
0.13577652639584
0.13758829841863
0.13744847365766
0.13664427358338
0.13730153703071
0.13645095004388
0.13525903626925
0.13702110516122
0.13708469874928
0.13596941716574
0.13587869415197
0.13622900040053
0.13707949749219
0.13588989703893
0.13556221514777
0.13600089800932
0.13704499246133
0.13574526795265
0.13657451858168
0.13670426699764
0.13654159950085
0.13675251679176
0.13653768436162
0.13685050868972
0.13558427409622
0.13657784478338
0.13662329413632
0.13627854320497
0.13705073591688
0.13684783575036
0.13684220212381
0.13683571615
0.13690124743725
0.13587737956955
0.13620428050527
0.13683531716641
0.13680238182962
0.13735212732383
0.13676195943398
0.13642006276643
0.13692926720092
0.13633973473988
0.13689548256691
0.13690276399281
0.1367554789237
0.1357041164597
0.13683155409769
0.13675761108799
0.13591018739197
0.1366062029811
0.13642936763055
0.1364905864928
0.13682722282507
0.13630226544031
0.13561087041561
0.13667485750823
0.13691955122528
0.13727836778137
0.13663320637565
0.13628353781832
0.13640529992409
0.13619256157326
0.13708708855788
0.13692477880919
0.13699654672145
0.13590736619154
0.1360386693452
0.13729460165563
0.13684075244784
0.13678397236979
0.13675274051997
0.13712862101444
0.13710786687753
0.13668718303192
0.1362925812036
0.13687851546543
0.13688552691015
0.13602193215439
0.13665642023141
0.13594922494536
0.13651404535035
0.13683498958821
0.13693499229795
0.1367985424063
0.13659776186214
0.13558167641684
0.13693910983443
0.13673988123379
0.1370652852636
0.13690816690627
0.13462907778588
0.13680569704831
0.13742934846496
0.13540361652935
0.13715779283773
0.13691047486988
0.13704198558698
0.13689196897884
0.13667364276854
0.13602821858483
0.13659265074072
0.13566045042543
0.13632653456869
0.13747709369186
0.13473857825981
0.13578762595105
0.13673863164365
0.13609907377602
0.13676550169055
0.13689081453682
0.13573327791149
0.13579348976918
0.13628700143086
0.1358997613249
0.13587158035409
0.13758361886215
0.13712904355022
0.13740680123057
0.13677429305186
0.13628029896421
0.13602448115337
0.13617774178823
0.13632102392193
0.13714300537732
0.13688207433848
0.13650879201139
0.13752010152099
0.13540492067087
0.13689125327992
0.13656412496737
0.13714488804155
0.13683406773876
0.13664521775612
0.13653555354371
0.13590819141718
0.13639713686039
0.13580591077412
0.13588810494283
0.13747639689783
0.13717740948338
0.13614513127877
0.13634275322787
0.13629051190263
0.1360225950933
0.13564845675657
0.13678781650636
0.13644966615732
0.13673638385431
0.13679293438022
0.13719175674718
0.13571373016666
0.13645080979884
0.13693398335266
0.13633584484895
0.1364377144414
0.13614210872945
0.13614383856408
0.13676688410486
0.13723454398755
0.13667830815677
0.13624206442691
0.13554142982761
0.13675043442221
0.1363924680186
0.13628537086697
0.13728858038474
0.13594898542435
0.13575339584116
0.13674182346845
0.13616971298821
0.13716532653923
0.13718326254615
0.13684698304111
0.13633278729074
0.13708774193598
0.13636747206629
0.13745840601318
0.13656660231038
0.13598336133335
0.13622999980608
0.13652687911647
0.13647308348485
0.13615262590109
0.13720994788012
0.13692122841989
0.13683553942877
0.13616955772859
0.13662808919617
0.13624314042599
0.13622498359372
0.13690588735539
0.13667897392799
0.13531162606105
0.13572052388493
0.13584806626332
0.13736611223382
0.13687187208514
0.13703483591257
0.13557491403367
0.13744791211198
0.13745410898323
0.13718041693419
0.13547003703393
0.13718882331653
0.13705760090588
0.13693778190968
0.13745181282009
0.13659082751891
0.1370866192698
0.13530369013426
0.13545325808677
0.13556926367614
0.13578341655136
0.13572235327023
0.13570250526166
0.13564875746593
0.13581240465931
0.13585132735
0.1353322519669
0.13572959157408
0.13562239990541
0.13601085421568
0.13601831812083
0.13581140027645
0.13667872232753
0.13572759348344
0.13574463017277
0.13766735456352
0.13587709732368
0.13734243469552
0.13673879337086
0.13572226293697
0.13518302794017
0.13623047931199
0.13641416923895
0.13645070486005
0.13651273625478
0.1363458264789
0.13571348814637
0.1369924359292
0.13648245315627
0.13513530576914
0.13645192926804
0.13550444008449
0.13584632626597
0.13633238580873
0.13671905047427
0.13610477872056
0.13648005148224
0.13570583784891
0.13594922314531
0.13605381756547
0.13620238515147
0.13622721901006
0.13580393223008
0.13579858840585
0.13603586182293
0.13683698128054
0.13647799392359
0.13587677791643
0.13660389306317
0.13634316166816
0.13576255804993
0.13651829948431
0.13627701250974
0.13615053438679
0.13596650896531
0.1362032266205
0.13580395672601
0.13546832611937
0.1350565824131
0.13694914446605
0.13601961921777
0.13682437694991
0.13636686276131
0.13640162620042
0.13597943823523
0.13606566220958
0.13633505536875
0.13640964870188
0.1359690644938
0.13700465194321
0.13692951815165
0.13682283887245
0.1369518346325
0.13672432267325
0.13658079106602
0.13684987959577
0.13702336658961
0.136433666624
0.13699257332843
0.13623790236223
0.13670534301868
0.13730479342617
0.1357632031365
0.13680778348231
0.13630730488665
0.13535405283764
0.13584427004246
0.13539840608517
0.13627574670057
0.13630859061518
0.13647062468018
0.13627720965741
0.13696863757114
0.13530830322581
0.13519637218194
0.13651975574816
0.13570547543741
0.13593705012723
0.13481971628951
0.13609385415148
0.13698374489113
"n_500_d_30_tr_20_a_144x144_idx_5_p_abba2"
0.13250337461844
0.13151894654092
0.13216973834558
0.13280553616959
0.13301876611717
0.13314465776166
0.13298725706852
0.13403686974832
0.13161469386186
0.13273605401622
0.13261132068773
0.13139508573991
0.1314459165637
0.13333689853032
0.13265965883008
0.1328435233426
0.13394366720259
0.13245929834887
0.1308338972567
0.13322357784185
0.13213169935087
0.13279637710289
0.13306524371098
0.13331363607065
0.13249951201344
0.13290158478322
0.13138336912342
0.13298823933252
0.13260994895311
0.13385172615183
0.13293392295596
0.13276135836323
0.13235839332036
0.1338229716261
0.13258494164335
0.13265167318196
0.13164778732228
0.131829805269
0.13234707642334
0.13288393740303
0.13174278576815
0.13277633418901
0.13225085541676
0.13099450027061
0.13217961157386
0.13207748184171
0.1327770149166
0.13202957429492
0.13334283252716
0.13230401639564
0.13268990864119
0.13242972308264
0.13286243164135
0.13093688528887
0.13111525810252
0.1328648184356
0.13338827504055
0.13259290837339
0.132677796107
0.13290924505278
0.13278331341908
0.13285847188902
0.13327433386935
0.13252288072558
0.13259951431288
0.13213770874512
0.13224843720319
0.13244756436478
0.1330589755622
0.13276534908106
0.13246627683309
0.1348452426646
0.13273473020515
0.13181771372488
0.13428620639124
0.13395829546491
0.13378659417917
0.13391400820695
0.13251135789178
0.13361528390075
0.13367641748466
0.13223471497325
0.13174082606549
0.13238825226791
0.13357742526039
0.13387859903214
0.1327960625232
0.13241749198301
0.13087550473201
0.13201467500657
0.13264760086344
0.13243326410494
0.1336342110903
0.1325301365511
0.13357248144133
0.13316738332448
0.13269408163686
0.13138293778925
0.13271727436294
0.13262426518599
0.13242143903212
0.13186029421921
0.13138355803869
0.13199024714346
0.13310323685978
0.13238657083098
0.13199642293128
0.13248813305573
0.13236501760967
0.13194736340844
0.13336122179623
0.13222902506946
0.13253506289904
0.13132957246266
0.13172813266801
0.13245242230932
0.13283744992496
0.13294366008412
0.13206902926847
0.13190956933162
0.13194727862128
0.13177411291716
0.13311846696722
0.13290651203647
0.13311289786507
0.13143199207392
0.13248977333759
0.13102446971326
0.13251856084513
0.13216187322309
0.13201610489856
0.13120019633988
0.13139465516756
0.1325853644253
0.13391217107912
0.13236735300079
0.1325247007317
0.13314851028813
0.13304530656956
0.13216130302455
0.13179495405073
0.13244879425855
0.13349768522565
0.13293594402245
0.13095214593433
0.1327310610042
0.13198745507015
0.13245857304061
0.13333095167632
0.13110762344668
0.1323210566366
0.13322461917015
0.13164301050338
0.13209784479903
0.13236961293025
0.133430397933
0.13275033087441
0.13174247333462
0.13158866379656
0.13271523734666
0.13302033209423
0.13311241293808
0.13310124361466
0.13199697052014
0.13156641680236
0.1336520844112
0.13319360684614
0.1333810936214
0.13243660200506
0.13335234272342
0.1311226444685
0.13236270093789
0.13365355133682
0.1325639955239
0.13113903986976
0.13142680682316
0.13211569180807
0.13271567730028
0.13342948188995
0.13431246045132
0.13320135130187
0.13280528028583
0.13195796324303
0.13189679532601
0.13341107317587
0.1321760044698
0.13338096496728
0.13246563384569
0.13342654638638
0.13223237127008
0.13325099915694
0.13323219326568
0.1334262580092
0.13175014925642
0.13213898117329
0.13123969739494
0.13225253939241
0.13113651635686
0.13212179481385
0.13133490994609
0.13198100518899
0.13190226138836
0.13274009438639
0.1322660949532
0.13282733779317
0.13192102043247
0.13347448721741
0.13279023600943
0.13301571965579
0.13371729578509
0.13264757465563
0.13243469225551
0.13306308866427
0.13265301875502
0.1325600119148
0.13154964338082
0.1320722542442
0.13228495678345
0.13271274482424
0.13259496062212
0.13198599450187
0.13225148623834
0.13201391260434
0.13275518580015
0.13238344119259
0.13370402843426
0.13345114779632
0.13333983960229
0.13231209634477
0.13366877116876
0.13257978191159
0.13303026848567
0.13285771797336
0.13277446242759
0.13278699944473
0.13217566368583
0.13230271387023
0.13203495923755
0.13229672913756
0.13239940326386
0.1328479133947
0.13428609797094
0.13312441045209
0.13259797748672
0.13240637009585
0.13317943857767
0.1341090619119
0.13238304012821
0.13237269634957
0.132654245671
0.13311371197265
0.13216423716273
0.13223926174151
0.13251628750099
0.13356243185017
0.13298461282096
0.13393580323308
0.13255634555498
0.13199193779225
0.13093965839894
0.13197969040436
0.13040541976117
0.13178531239505
0.13210093989586
0.13295055172448
0.13194767228843
0.13278810068236
0.13279145163399
0.13371904461936
0.1324928134109
0.13263859032198
0.13205903773054
0.13228918883204
0.13232308623579
0.13339431596655
0.13283830582377
0.13282445473278
0.13409512672839
0.1325453105996
0.13317990527987
0.13273289322183
0.13130602748268
0.13262725387992
0.13264659336466
0.13231263077854
0.13184177059583
0.13331419057636
0.13142560041358
0.13122021125455
0.13246508103445
0.13221662424251
0.13292627876999
0.13204593640152
0.13190897568222
0.1325554806409
0.1306047668799
0.13309107074282
0.13215132538753
0.1317740118259
0.13236645395136
0.13205786095972
0.13261285726532
0.13254181876856
0.13394497585657
0.13257727726714
0.13142520819673
0.13322968306078
0.13211127182247
0.13258962414659
0.13284212752269
0.1316485594866
0.13187012276936
0.1323467224973
0.13199023823205
0.13260660378977
0.13446998344251
0.13353934971944
0.13277666245145
0.13266596257188
0.13363066961552
0.13290932960325
0.1328795735063
0.13255101232342
0.13451881281241
0.13227603879905
0.13256873325538
0.13255468122818
0.13303472816452
0.13409564848777
0.13243771798211
0.13263514624527
0.13346951556206
0.13287408975212
0.13316253646278
0.13262379828606
0.13244852956453
0.13285024518113
0.13294527254487
0.13235020800651
0.13195886295089
0.13259101611112
0.1322552162084
0.13249174303863
0.13220875014435
0.13254462761458
0.13265012542292
0.13264288650602
0.13231209420565
0.13190557117233
0.13277197735906
0.13217963035378
0.13298048451381
0.13198499374286
0.1318356367732
0.13409904394907
0.13266510904141
0.13234888571522
0.13236094931295
0.13205628140753
0.13295616330527
0.13127060332651
0.13227400215402
0.13320472728854
0.13233639397805
0.1327771785131
0.13066498573922
0.13038731536357
0.13228020745456
0.13239242354338
0.13191550315785
0.1328211790283
0.13329697889263
0.13302569331946
0.13196423274424
0.13287267315307
0.13321180463473
0.1316357698964
0.1322028715886
0.13363836675148
0.1331871975684
0.13215560844864
0.13321775898152
0.13315557785489
0.13301491115213
0.13238239213478
0.13341527341159
0.13337875176713
0.1320876074851
0.13260257216838
0.13310180896001
0.13211426797643
0.13286759665014
0.13391008760844
0.13275669119922
0.13269350904915
0.13337426727157
0.13154081525007
0.13196255792277
0.13228378720618
0.13160372126861
0.13304656290551
0.13290346022057
0.13192390751929
0.13329534577116
0.13325032064068
0.13341935838651
0.13366631865801
0.13117646899357
0.13353718990797
0.133145816306
0.13160081492824
0.13245916874663
0.13291931951939
0.13249454013629
0.13214006536434
0.13183181938827
0.13230171005842
0.13295970570878
0.13416530464732
0.13312707163351
0.13003369448614
0.13291747675564
0.13111804095106
0.13174744594682
0.13323445060932
0.13260904281665
0.13072242184264
0.13262854862949
0.1326647888862
0.13170050062239
0.13315524377193
0.13316524829154
0.1334478982432
0.1329453440046
0.13219832610388
0.13337690954597
0.13285635012704
0.13214808859243
0.13421154974778
0.13144464704027
0.1332749354201
0.13334072972039
0.13143147455621
0.13199621093579
0.13029080244086
0.13257145815889
0.13182037124949
0.13280080685632
0.13068313115026
0.13215893700086
0.1317747516556
0.13326446159764
0.13279621968125
0.13252823450429
0.13266483260518
0.13283731792188
0.13276899135416
0.13191528513813
0.13194833862884
0.13329822152584
0.13276264962599
0.13317779610708
0.13294984567575
0.13167293169359
0.13249715651754
0.13386942522207
0.13162539999127
0.13247713763593
0.13212345136518
0.130869751493
0.13150899407481
0.13483949900174
0.13224976749159
0.13324355750739
0.13342371466854
0.13360370820103
0.13160076400665
0.13285889570376
0.13375692437514
0.13321719064991
0.13215796607222
0.13347140579343
0.13330039329222
0.13385727047772
0.13319094090826
0.13277987929429
0.13226828729388
0.13268037606192
0.13273762523599
0.1319022461805
0.13324943568604
0.13109731096483
0.13288035311696
0.13193470204187
0.13218983161046
0.13182727325635
0.1342221795932
0.13191077141199
0.13218934360022
0.13040708324598
"n_500_d_30_tr_20_a_144x144_idx_5_p_cds3"
0.12677842739751
0.1268111971538
0.1330727262615
0.13046159315428
0.12874052271703
0.13442335371351
0.12987193540283
0.12931696949228
0.1283001909325
0.12990032753471
0.12669284054711
0.12739784150978
0.12790523323233
0.13240262704693
0.13313372096023
0.12801187197959
0.1327495607522
0.1275352284219
0.12704365434366
0.12752817902032
0.12742691604982
0.13013983805107
0.13187550759915
0.13275047624888
0.13223743740099
0.12942002203633
0.12779075955238
0.13102862843155
0.13287088423863
0.13106039213524
0.1273627825568
0.13017001733465
0.13140811773198
0.12930859791073
0.12694373088799
0.12748779784409
0.13084868016707
0.12946579613826
0.12940059435467
0.13118754940153
0.13127726265964
0.1315105607711
0.12739929953383
0.12995634354238
0.12900085714584
0.1288216343614
0.13235262842587
0.13219811293953
0.1293592944734
0.12921657632889
0.13031682246644
0.1299588164123
0.12969883024047
0.12986662423241
0.12737186525361
0.1291440480035
0.12757903386185
0.13184906936497
0.1343451873781
0.13240065821208
0.13116212184024
0.13207762993867
0.13400269164492
0.13320005329482
0.13358381140728
0.13297007779943
0.129034974912
0.13305969197872
0.13198159628701
0.12776105119415
0.12910741910057
0.12958717489866
0.13130051282969
0.12518775688528
0.13014930851534
0.13194107216734
0.13313251491699
0.13188345784151
0.13108067191597
0.12876169572746
0.13232733770364
0.13089876678165
0.1315250624027
0.12779242351429
0.12997371087431
0.13237942401942
0.13031156797088
0.12858540206378
0.13145616035075
0.12753074950673
0.12863380990811
0.12900314730396
0.12949850784033
0.13253896102938
0.12914492015787
0.13215079960936
0.13293122180302
0.12798152338564
0.12855697630943
0.13071365026628
0.12860519713279
0.12719493265717
0.12800898873838
0.12765808843313
0.13075475113929
0.13340231793505
0.12908467055015
0.12931763405303
0.12800054691053
0.12700761659743
0.12902402299198
0.12957514265001
0.12815929479894
0.12741078012721
0.13141078094347
0.12768946739127
0.12949362250521
0.12821505455446
0.12832907202369
0.12856008559839
0.12799765601538
0.12761737536665
0.13166693178862
0.12886633888071
0.12936987526577
0.12952868192405
0.12912518404064
0.12823639102294
0.13307287253115
0.12820829222099
0.12816903020244
0.12601370405319
0.12698912294739
0.13289558757581
0.12756215943262
0.12950207205353
0.1289025735001
0.12685909065823
0.12855555336242
0.12897123257626
0.13026753699845
0.12977286777337
0.12871195139265
0.12878311669529
0.12847294904837
0.12842790966816
0.13408907698832
0.12830398781207
0.12732452053777
0.12776296981446
0.12867389447349
0.1266886613188
0.13327934509612
0.12820397952099
0.12845480811798
0.12871074566474
0.12911953133498
0.13259947609055
0.12697090658665
0.13260354800653
0.12854905856051
0.12715494908794
0.13200302270979
0.12915512669325
0.13257393594326
0.12852775514536
0.1261298341945
0.1326726418416
0.12794695030056
0.13388600041569
0.13079490327893
0.12607448796112
0.12704187763984
0.12766183091926
0.12655933779996
0.12769377553623
0.13403227031069
0.13257320708552
0.12639549982308
0.13120727917072
0.12681192583466
0.12866123891065
0.12961749093659
0.1329210532025
0.12696404718221
0.13323087657716
0.13275558848875
0.12925606566709
0.12653195959856
0.12922985838607
0.13191108569951
0.13101771687773
0.12791861635685
0.12954928152434
0.13071630494983
0.12802264869126
0.12715715150368
0.12803509389677
0.12919470887883
0.13129730671749
0.13056389912225
0.13334515142646
0.13149805908017
0.12974860392824
0.13160421061749
0.12925226616723
0.13024152344103
0.1286351838069
0.13300082102195
0.12874096883724
0.13151162732011
0.13238385208938
0.1331478006503
0.13107661304489
0.12811650237317
0.13072063097351
0.13152500924623
0.13126796059646
0.13223636144082
0.1341958328234
0.13226530102301
0.12862892018541
0.12911524362798
0.13346052372291
0.13405000269346
0.12911303429663
0.12743978509505
0.12893845661188
0.12947146847991
0.12891763248694
0.12806188739991
0.12753764783162
0.13245070980723
0.12778822058359
0.13061317474025
0.12980553683179
0.12827396029033
0.13275267973825
0.13045180652692
0.1303256004485
0.12964900704125
0.13143370359391
0.12917674163636
0.12903079630288
0.12935948009298
0.1322176823139
0.12913179051728
0.13210922896292
0.13002583793533
0.1288849064269
0.13226073816492
0.12951328709731
0.13134286804395
0.13071012569269
0.12700990941912
0.12995731595115
0.12747870826907
0.12989817239498
0.12869906006238
0.12691334516774
0.12960201551105
0.12939600884324
0.13139704763946
0.13326621437294
0.12921474405424
0.12983105838095
0.13010721782247
0.12879755905406
0.13274012092086
0.12994492092104
0.1312685697948
0.13149341301344
0.1306419248814
0.12818998038271
0.12970348953204
0.12838279052518
0.13301979383925
0.12961238360833
0.13158491714606
0.12851192741375
0.13045014069783
0.12847956819562
0.13148929217487
0.12903379057508
0.13325185351021
0.12901117094964
0.12772413920612
0.1331999385459
0.13226141359737
0.1283990271477
0.12917434822961
0.12758234268469
0.1267899257254
0.12973446452143
0.12775491744715
0.12936956806206
0.12959690214774
0.12681915740653
0.13293669931592
0.1289058977166
0.12728591707933
0.1285491705919
0.12934587352768
0.1280443214351
0.12987160025685
0.13035203372108
0.13283142974092
0.13002110123871
0.130248001075
0.12749679800329
0.12850242790565
0.12956827210634
0.1325099862473
0.12904570864075
0.12974291039671
0.12776353021692
0.13282211570307
0.13142132992789
0.12962219764811
0.12922137688691
0.13263392904066
0.13050678217897
0.12878394683136
0.1317087810061
0.13079595327563
0.12988285910385
0.13106245655843
0.13209582687342
0.13235880260158
0.12898900098085
0.12937774221924
0.13265922935906
0.12924923603413
0.13200045324979
0.1296559200784
0.12890670627989
0.12963394588051
0.12935797396247
0.1288045246419
0.12865509345649
0.1297137134193
0.1290595954768
0.13099075388993
0.13093260571283
0.13167617407852
0.12858144652251
0.13237680722139
0.12783051712792
0.13016166731539
0.12855148091843
0.12944316482862
0.12845227209977
0.13271026556641
0.12997124400834
0.13146121085866
0.12927796217332
0.1279498401489
0.13274556640914
0.1326912978538
0.1286338667331
0.12871574604731
0.13052191502213
0.12840032694943
0.1269230693188
0.13370415445095
0.12894273994899
0.1269086125403
0.128449946984
0.13015339832179
0.13013403520428
0.13089750640981
0.13072886254169
0.1309771068346
0.13104007932721
0.1299270990937
0.12954019916816
0.13219356248452
0.13118417576786
0.12877129690498
0.12938153603719
0.13360071468828
0.12898163605273
0.1302936812995
0.1323199698596
0.1312806631425
0.12875047569055
0.12880765168315
0.13028160428098
0.13308460882213
0.12729159138241
0.12955123990552
0.13410392749956
0.12616920542257
0.13056373447766
0.12735423410416
0.1279307125399
0.12812778168494
0.12589187613404
0.13166024926337
0.13317984178894
0.13200741309495
0.13149051089736
0.12955144323238
0.13457839504287
0.13352585865286
0.13011737648282
0.13019139256844
0.13297099458935
0.13016522046609
0.12967078958857
0.12712524938292
0.13224095176004
0.12914464565687
0.12630862616057
0.13171732447362
0.1285089597088
0.13225843826325
0.12890806367931
0.12612876158778
0.13099976461048
0.12840558654549
0.12664344297661
0.12762473854877
0.13366325046739
0.13327055877926
0.13268264092171
0.12990721723452
0.12723153060785
0.12987345783083
0.12906646165084
0.12869144964372
0.13084188469255
0.12654234281035
0.1256317966045
0.12867001708443
0.13268770923664
0.1294919565993
0.1269710109038
0.12912102068196
0.12679893743429
0.12915807795343
0.12706026714556
0.12811211849516
0.13251228791565
0.133617571767
0.13248937658611
0.12823735727194
0.12947790796441
0.13121898630285
0.1289369540569
0.12959161423903
0.12575182034749
0.13239964194694
0.13290296334482
0.12963266216954
0.13041173396754
0.1295772697385
0.12881045758881
0.12867774921319
0.13288733073332
0.13039040934137
0.13144455777879
0.1295982017407
0.13173531473104
0.13023833818169
0.12810166806492
0.12874516095986
0.13300261793931
0.1330628828259
0.12601754905842
0.12612815806313
0.12639060422331
0.13264732376126
0.1261419012337
0.12940798541772
0.13184662067836
0.12696893210652
0.12919820144019
0.13332028874161
0.13208004199304
0.12677646899756
0.13005085837097
0.13205154745351
0.12718220702572
0.13333883800124
0.12934678036391
0.12853471457146
0.12989228710493
0.12986294486023
0.13124390683832
0.13329999593553
0.13174565633211
0.13191912125185
0.12838787095212
0.12691152477886
0.13307234426448
0.12654456552269
0.12644099859463
0.12701911356123
0.12679206437683
"n_500_d_30_tr_20_a_144x144_idx_5_p_flooding"
0.13743214756623
0.13803897925095
0.14037067478942
0.13920105355361
0.13916528893769
0.14049095809955
0.14049073955854
0.13994091172506
0.13902241425297
0.14026142765246
0.13737701390193
0.13776170658183
0.13803094431334
0.14039506574839
0.13895713630372
0.13801373831019
0.13928243646191
0.1385700887661
0.13755410026632
0.13818907845982
0.13796981599359
0.14019853547942
0.13778401815081
0.1379762550836
0.13966962532668
0.1402683608042
0.13795651943985
0.13894621483791
0.13777141783871
0.13980214097161
0.14016227265008
0.13919195820729
0.13833826198906
0.14023453813423
0.13947483376477
0.13963267708398
0.13890180117144
0.13838062591406
0.13985575640661
0.13982911123046
0.1403880183029
0.14025956450407
0.13931291133783
0.13940298863804
0.13987646191861
0.13770246693368
0.13975738415643
0.13988005266388
0.13967467025399
0.13994945047946
0.13971936325619
0.13939395341493
0.13911265982928
0.13875767014029
0.13946104019442
0.13937218292817
0.13879111768691
0.13964199425719
0.1392578017622
0.14041035918524
0.1398338069093
0.13970989511611
0.1393099368153
0.14029293017115
0.1376477615497
0.13924285896958
0.14032723803215
0.13977199838011
0.13730227735308
0.13888979783861
0.13920055248648
0.13649957638152
0.13975772510158
0.13924939350203
0.13926005684217
0.13927704091824
0.13953772648027
0.14000238180267
0.13976624827083
0.1391657690376
0.13950448104533
0.13946475594768
0.13923530018239
0.13970885775317
0.13990385514162
0.13981635699186
0.13915962453785
0.13937234345787
0.13820164082508
0.1393390245408
0.13999653225728
0.13977248002695
0.13920541206895
0.13828806766916
0.13868480563507
0.1397371630366
0.13995973416513
0.13865954403001
0.13860628801669
0.13930576384786
0.13962469983638
0.13978670108568
0.13741690844353
0.13965859433497
0.13763027681776
0.13954207122005
0.13856653297441
0.13932750394795
0.13975755542994
0.13934270653595
0.13872771385119
0.13948599843802
0.13967152051059
0.13868429342528
0.13921769506417
0.1384948953273
0.13924712565743
0.13898696705187
0.13864753266409
0.13865271157553
0.13921257409885
0.13882955620145
0.13755641840038
0.13931760640389
0.13948441019816
0.13876647103299
0.13931040854758
0.13857977487664
0.13962220349948
0.13831215568508
0.13872635114156
0.13753201623332
0.13811197874571
0.13822313396585
0.1397984090489
0.13805350630067
0.13957798290366
0.1396566528904
0.13883042215873
0.13833338096195
0.13847856084723
0.13896270660865
0.13919807312978
0.13990481618229
0.13793375569321
0.13971390138459
0.13911676339844
0.1383594485583
0.13946985485954
0.13818807736878
0.13932975894203
0.1375489138714
0.13868486078985
0.13890706248029
0.13955396985306
0.13917060584178
0.13972535480801
0.13970048485922
0.13914712669236
0.13895829979414
0.1395766060871
0.13984365065522
0.13899099213832
0.13727261046652
0.13844454878992
0.13990191046344
0.13868275755192
0.13920008715801
0.13802634313773
0.13816674978079
0.13800088803254
0.13901189995339
0.13846870002634
0.13857210553358
0.13761947070356
0.13762397801495
0.13790349992614
0.13872981215006
0.14016013818828
0.13908477724968
0.13734287756303
0.13869507885978
0.1377720534984
0.13750976922245
0.13745256512225
0.13920269259257
0.13901296093737
0.13898182720732
0.14032167379005
0.13784846470827
0.13947047146143
0.13945192071987
0.13768300960854
0.13946845636266
0.13851314655097
0.13916292079237
0.13935423170959
0.13805969334705
0.14018268157621
0.13832147175197
0.1396389792215
0.13952687467136
0.13907623020056
0.13963380236871
0.13933019771367
0.13940100822499
0.13995378362557
0.13911852158624
0.13922034925611
0.13942832139886
0.13895101998667
0.13877674652935
0.14068725757468
0.13911323420098
0.13882720026118
0.13885211748975
0.13940271226352
0.13916072425714
0.13786116312317
0.14017135327793
0.13909190974276
0.13917682231121
0.13998733685943
0.13926733963515
0.13926893480711
0.14044968889997
0.13958374574308
0.13822890401012
0.13894455346637
0.13902965287083
0.13916102793766
0.13828398240581
0.13898078848889
0.13921006133092
0.1384112595646
0.13880198249511
0.13929588186608
0.14054848486075
0.13890788799245
0.1391810477447
0.13916950675475
0.13963742889793
0.13897304207934
0.13905566868465
0.13904809981991
0.13956799161168
0.13862316336085
0.13938102621824
0.13882170057343
0.1389763918163
0.13913514013084
0.14017205170843
0.13999935638564
0.14021821041938
0.13837966674874
0.13902414490479
0.13899825677447
0.13933620053029
0.13927623970978
0.13771999885725
0.14013474946326
0.1379498759743
0.13868159347614
0.13894898642101
0.13999060439217
0.13939799027351
0.1388986950499
0.13921323402201
0.13953464450002
0.1402661541288
0.14055018525924
0.14018335564483
0.13882339436918
0.14052975599408
0.13968246363991
0.13983064511002
0.1402918457649
0.13898252978861
0.13908502676759
0.13894661700406
0.14009966567273
0.13829911406999
0.13896791369467
0.14019674886094
0.13846558248827
0.13974615750096
0.13776920179696
0.13937205163575
0.13827799277128
0.1393024901538
0.1401290365034
0.1375058568032
0.13875973233622
0.13925441391491
0.13883726967218
0.13837687493346
0.13899403529465
0.13771447174367
0.13903076880447
0.14014310529413
0.13885424837806
0.13925772861199
0.13854267458604
0.13985828619462
0.13907663013107
0.13791266579692
0.14059518905247
0.13981011158381
0.13849599007678
0.13897126375033
0.13905452796485
0.13924836309001
0.14007286303037
0.13987299197254
0.14001744209973
0.1394653301152
0.138220938157
0.13966339005848
0.13903394252413
0.1397139992194
0.1392681910219
0.13899578111814
0.13960580459796
0.13954530046676
0.13895735476196
0.13945281338832
0.13932958214852
0.13933718245381
0.13945283906366
0.14003305990116
0.13951077423801
0.13994105674352
0.13961332596626
0.13894602831228
0.13942440103132
0.13960140261572
0.13947416625105
0.13967197019635
0.13959829618823
0.13971389099713
0.13959372609794
0.13970903340882
0.1395877934263
0.13966986708172
0.13911582069494
0.13982758380464
0.1395836251385
0.13986809912093
0.13946344303634
0.13822021098004
0.13845397906066
0.13901748766009
0.13809694973973
0.13951480325336
0.13901933932835
0.13968889513124
0.13912642365291
0.1396967868529
0.13964201079269
0.13773855291866
0.13734332327302
0.13965526765208
0.1382103003368
0.13873690315684
0.13966805138859
0.13799167818848
0.13813394554344
0.13863696981909
0.13912674963325
0.13799945200981
0.13856290293842
0.13992118507123
0.13992497388331
0.13987874745421
0.14000360934807
0.14022100220467
0.13940349835472
0.13983581829604
0.13946621888091
0.1391911559573
0.13833760364182
0.1395618010404
0.13960193545311
0.13915649186587
0.13970055943922
0.14033236668759
0.14064100536236
0.13856480864275
0.13811469116053
0.138685935149
0.13950596303755
0.13981345343549
0.1380815646879
0.1405265694848
0.13778000125343
0.13706294268994
0.13877999384754
0.13808309332399
0.13851232312188
0.13876490837825
0.13645259340448
0.13920114636522
0.13786870183901
0.13981714771334
0.13947358143757
0.13946218521824
0.13999314359691
0.1373856067053
0.13931874061939
0.14045448991392
0.13708118272993
0.13988800458844
0.14013191729311
0.13752651494987
0.13979838268063
0.13727153995256
0.13956116039644
0.13801252731828
0.13951663932548
0.14034611460321
0.13716786390701
0.1396522457773
0.13805239355658
0.13718555398605
0.13741893191068
0.14014632378255
0.13715265034033
0.14059504580281
0.1383380747974
0.13947832790935
0.13951792357102
0.13942581222218
0.1377843757248
0.13695873013079
0.13893890182415
0.13706830106614
0.14005682880473
0.13964589232767
0.13768989023652
0.13720210227818
0.13862539611291
0.13764654135326
0.13933275661201
0.13795529838122
0.13722916953575
0.14059273273951
0.13896494808254
0.13979608182376
0.13694383601774
0.13935458857791
0.13913960884791
0.13679579391841
0.13896661377999
0.13909341954594
0.13907171582618
0.13979408227446
0.13916453977412
0.13899777189327
0.13918528224617
0.13812840495699
0.13857777458364
0.13922379990113
0.14004830955686
0.13728116767919
0.13938086487607
0.13943282149254
0.13917834811129
0.13912343380532
0.13952249412263
0.13686947447328
0.13750287738069
0.13725634214659
0.1386341864718
0.13723527289932
0.13956716741343
0.13997067175042
0.13787482942684
0.13900380988951
0.13726509589158
0.13962820747109
0.13966423381455
0.1382461642175
0.1376519215945
0.13749973386274
0.13946480985322
0.13946484488708
0.13971979325614
0.13943180259715
0.13972419011201
0.13975907833859
0.13966069905277
0.13729125547993
0.13694684971203
0.1375221485195
0.13712952766022
0.13875776684825
0.13699564427322
0.13726686528064
0.13702169120147
0.1374471895242
"n_500_d_30_tr_20_a_144x144_idx_5_p_mprt2"
0.13261532812894
0.13493035881637
0.13481509524172
0.13508822210592
0.13530429138555
0.13407442809424
0.13452238721497
0.13509541660981
0.1353338304498
0.1350296801461
0.1364412462844
0.13651565155272
0.13427862666246
0.13645311496155
0.13504207286163
0.13317424954655
0.13542892840519
0.13531417619663
0.13500513684501
0.13480191157883
0.13488203175815
0.13410265517975
0.13606379176058
0.13555766667682
0.13429567236856
0.13544324635444
0.13511489982189
0.13186670971115
0.13476136238124
0.13537528379517
0.1346885031193
0.13433943814459
0.135086685928
0.13488252925951
0.13438451087768
0.13539628633456
0.13598530191531
0.13321408244346
0.1340878199943
0.13404432607339
0.13298422703238
0.1343505882754
0.13618244137825
0.13682189729375
0.13663481472577
0.13527558127748
0.13580728970755
0.13568589758571
0.13548978428405
0.1328410601831
0.13330978384249
0.1364391095561
0.13632692437585
0.13309371073953
0.13480448971398
0.13488305005507
0.13610965542548
0.13507379781048
0.13561840250445
0.13579310828061
0.13553700593887
0.13435330196351
0.13608799926653
0.13522541893701
0.13550262112126
0.13600549593158
0.13669061867573
0.13562233014816
0.1353091352091
0.13509155483615
0.13373133958532
0.1358150191335
0.13363442741288
0.13672576076647
0.13417785457305
0.13291873029889
0.13550885561397
0.13624230453037
0.13587976682561
0.13660490332607
0.13443945792454
0.13177864259101
0.13619773702746
0.13673678741506
0.1350343885862
0.13476351128062
0.13543319006626
0.1347639214226
0.13394071504398
0.13317659840909
0.13333768217892
0.13413425051044
0.13528220266935
0.13366884293829
0.1345438078883
0.13367332996911
0.13327262170211
0.13612610621708
0.13321856635398
0.1350630690389
0.13383129739576
0.13591426761082
0.13582657930871
0.13519658885057
0.1350632138021
0.13553957249256
0.13441433252223
0.13398992883931
0.13572861258651
0.13621051188155
0.13484718744428
0.13656017609725
0.13371670809725
0.13551356535661
0.13389511441978
0.13572120299423
0.13475475055288
0.13619411140198
0.13400969076762
0.13548006692412
0.13441524846039
0.13471448487779
0.13562604942362
0.13351104590639
0.13651198771665
0.13497265894645
0.13395226158406
0.13507989647616
0.13252634816823
0.13467116577844
0.13606036484922
0.13536226363463
0.13564894105417
0.13610376169977
0.13637130441776
0.13630425638472
0.13556993322795
0.1343252561411
0.13596194104446
0.13561787572809
0.13536101260998
0.13476604245545
0.13399559377102
0.13450468427454
0.13459143595588
0.13570151603909
0.13380175403308
0.13499538462257
0.13549073763475
0.13466207546562
0.13687423752322
0.13455890073061
0.13399712754421
0.13278976255924
0.13736236906107
0.13428350166627
0.13618266244903
0.13287128789754
0.13697005330965
0.13315645295186
0.13346377938488
0.1359324638484
0.13508229048005
0.13515765863729
0.1346741675171
0.13697468873655
0.13660741681792
0.13532909735343
0.13675371092654
0.1342126540554
0.13508439762841
0.13618950314031
0.13602832294328
0.13462210928542
0.13499925555204
0.13400211109454
0.13646284713474
0.1361231524602
0.13453551052633
0.13543539246668
0.13645702383861
0.1351329875301
0.13238347466463
0.13612388393738
0.13474286848954
0.13337972544418
0.134419280738
0.13460681493214
0.13629853697948
0.1352129951419
0.13584709599781
0.1348247343944
0.13590590794699
0.13499232395115
0.13332676002167
0.13482740696947
0.13673227313292
0.13580999499551
0.13470668301344
0.13476463770045
0.13644662574125
0.13554570732316
0.13671873199537
0.13612797493606
0.13631826792458
0.13598075651592
0.13576378399714
0.13614705192567
0.13610605823653
0.13546756327773
0.13453359671992
0.1356139890715
0.1351041328251
0.13545436059594
0.13468429362992
0.13399862455369
0.13445006623073
0.13454474875454
0.13454142345245
0.13591396328994
0.13645025879255
0.13636231225598
0.1346539386184
0.13657051284915
0.13324351349399
0.13567287999949
0.13509260464387
0.1364839043324
0.13536999961563
0.13588607509203
0.13551612478697
0.13392397693113
0.1356077267435
0.13421526079957
0.13474354754283
0.13511343623492
0.13608238541833
0.13522671494053
0.13455425000811
0.13485645254863
0.13505098820897
0.13528072759578
0.13502679420547
0.13574184490102
0.13674173968965
0.13395205671431
0.13678921836769
0.13610918510069
0.1355163752721
0.13383162796165
0.13625461094891
0.13558048862126
0.13607539912721
0.13573899044987
0.13649265421822
0.13648102062801
0.13504963308702
0.13456287947407
0.13618306153762
0.1351937404031
0.13524716464661
0.13636304875147
0.13607596695722
0.13412542376368
0.13415754811941
0.13575507876564
0.13596203275226
0.13624014210264
0.13506948574997
0.13666766280108
0.13687570692374
0.13490636084553
0.13431853811707
0.13609086148424
0.13416894378388
0.13717633329153
0.13559769345295
0.13469300554031
0.1330436385718
0.13549108084796
0.13509794873343
0.13535234349657
0.13629415979436
0.13668688830218
0.13564279675159
0.1344454824523
0.13589257734745
0.13537118958473
0.13546472984112
0.13563495106413
0.13497109280506
0.13511732681122
0.13700576250048
0.13499468600779
0.13582943680921
0.13535941519182
0.13491620307854
0.13718474240988
0.13470135804187
0.13495370951967
0.13679075698674
0.13655347616926
0.13542499520456
0.13467986496631
0.13467049218266
0.13527850962893
0.13482607608658
0.1363824325492
0.13522472369109
0.13692022471944
0.13622456099498
0.13691672868422
0.1365708671369
0.13621467002434
0.13541244859611
0.13524014673651
0.13633685199786
0.13704131343547
0.13571964530522
0.13511256426524
0.13659622475267
0.13511459934622
0.13455337664545
0.13708313842098
0.1358045975774
0.13476932584171
0.13692954098325
0.13421193629117
0.13657860090339
0.13365369116624
0.13484707482596
0.13733849013608
0.13427900270153
0.13748603243383
0.13615409857936
0.13531741051822
0.13524843005334
0.13526261732022
0.13616720875787
0.13721410356456
0.13734669491209
0.13593323335249
0.13468306300733
0.1343340763892
0.13456851462329
0.13400053327647
0.1343998238924
0.13507867630707
0.13598379379247
0.13602693726437
0.13434629937998
0.13625136344026
0.1347232247481
0.13537856646458
0.13659636505224
0.13447262328102
0.13563764805997
0.13547802777897
0.13547978358419
0.13618675357945
0.13435854981528
0.13498902040069
0.13393163458014
0.13312416420183
0.13488673277912
0.1355875841565
0.13386408190672
0.13634164386634
0.13356910973627
0.13570223858007
0.13520897326253
0.13441263366832
0.13465286969643
0.13377289361155
0.13409464019197
0.13574519735051
0.13628607118765
0.1357425018323
0.13674882321875
0.13386868701397
0.13480907749022
0.13588727725991
0.13676244938054
0.13443567652489
0.1343334679449
0.1352381646918
0.13346896651851
0.13518295468436
0.13345977635545
0.13511214941479
0.1347977971531
0.13604248145821
0.136832020069
0.13599555815534
0.13648110971397
0.13425129713272
0.13424741603308
0.13476000210253
0.13364831862823
0.13400451423724
0.13612009670387
0.13421800224187
0.13497842338053
0.13531394242002
0.13273679149785
0.13363817143737
0.1336522858095
0.13438924771003
0.13263255242902
0.13636453893685
0.1343353509492
0.13542754070439
0.13374921097674
0.13286487360762
0.13503055913032
0.13353724203268
0.13182780959621
0.13381413976751
0.13344071723095
0.13459572480367
0.13382816798473
0.13354430945879
0.13432154287815
0.13594432271185
0.13620499359535
0.136984169828
0.13622262984161
0.13679028104072
0.13611889876482
0.13634314064704
0.13384579355162
0.13536278764277
0.13643294970539
0.1368892505467
0.13650899391739
0.13345063251582
0.1324978888079
0.13684402227462
0.13238986846083
0.13584555427724
0.13716490022149
0.13657073085202
0.13329327138488
0.13663809036809
0.13789554615318
0.13419479886362
0.13636228471466
0.1353265410175
0.13355974395482
0.13493172246309
0.13685098358253
0.13462857824089
0.13439581890498
0.13399993495958
0.1351055028911
0.13211972529112
0.13466718027199
0.13340005332035
0.13518500905857
0.13588050324396
0.13497112685484
0.13567582433113
0.13526326731648
0.13475691281757
0.13470260391024
0.1360349552963
0.13625722712051
0.13381170500706
0.13532837944211
0.13364397081281
0.13594032263622
0.1331329517784
0.13342170120759
0.13267833041783
0.1356677429339
0.13327937049598
0.13634662225544
0.13603018854294
0.13319140839388
0.1346177880186
0.13642297421543
0.13644693085687
0.13394332485286
0.13467875461341
0.13662506200856
0.13539904545135
0.13610836156363
0.13595567859533
0.13658730476132
0.1367190798534
0.13619733161709
0.13202173766434
0.13367686308
0.13327517335665
0.13167569925846
0.13407814697438
0.13357625746054
0.13189325629292
0.13326365978103
0.13301108506834
"n_500_d_30_tr_20_a_144x144_idx_5_p_probflood"
0.1356664600863
0.13744743240596
0.13564918477795
0.13743023236525
0.13759940320268
0.13667435244231
0.13707981005122
0.13779719322872
0.1373836659174
0.13665125213445
0.13754741406887
0.13745888638109
0.13666355806191
0.13754933355089
0.13702774880779
0.13560952686144
0.13724931335103
0.13672107746245
0.13672186923916
0.13611515235585
0.13682767621327
0.13709822692561
0.1372966220265
0.13705556680186
0.13734698261041
0.1371515364531
0.13675519273936
0.13483849488828
0.13618296362457
0.13725336755562
0.13612287066133
0.13660707953219
0.13720782828538
0.13766498155269
0.13680723026898
0.13650190190388
0.13726344001634
0.13634156936013
0.13569778138641
0.13582413205516
0.13607905875316
0.13622165893645
0.13754194146823
0.13770736963775
0.13765253816762
0.13703022554073
0.13747127688764
0.13712351297774
0.13635919965226
0.1363038076484
0.13665719045691
0.13767677685252
0.13765367748056
0.13629373839044
0.13621516763031
0.13814390774555
0.13757006135727
0.13698292490198
0.13719406652519
0.13782121239311
0.13728975090403
0.13643685675973
0.13756348287914
0.13640966175259
0.13765933796032
0.13735717200736
0.13738406192895
0.1373942626607
0.13761503677679
0.13731553208898
0.13591026607304
0.13743173036217
0.13573982592848
0.13760383534198
0.1372166556091
0.13699720229034
0.1368354274615
0.13692167814598
0.13764510264618
0.1378569134747
0.13695204929799
0.13656136775629
0.13749304705866
0.13755964257302
0.13716443003628
0.1363577746892
0.13677876947847
0.13619491132294
0.13626532804526
0.1354431575139
0.13611835624348
0.13654305453361
0.13752201001018
0.13707300170971
0.1365910792043
0.13567037692702
0.13558757299279
0.13714890851257
0.13615910369761
0.13667163680015
0.13584241403633
0.13700320620979
0.13733276005497
0.13725449779769
0.13678020213196
0.13686308908016
0.13594965186098
0.1359837521824
0.13654691047138
0.1372276196534
0.13725341192581
0.13843882166793
0.13722010213815
0.13782835238023
0.13568355707576
0.13777938618362
0.13811906728059
0.13743560224196
0.13568133282072
0.13728614338957
0.13801103309203
0.13719891608764
0.13685122302875
0.13602369550723
0.13804193752721
0.13668778547967
0.13737604913645
0.13764040984127
0.13598646315442
0.13631623520438
0.13756772405009
0.13724738716662
0.13715892663509
0.13707189813333
0.13723408642056
0.13733292938182
0.137407447846
0.13626499818169
0.1372170791425
0.13720253299854
0.13717257430352
0.13661191901347
0.13638767574654
0.13665611022699
0.13615036486221
0.13814563272552
0.13585788972395
0.1381158015483
0.13787880744635
0.13818005460998
0.13815990226205
0.13676190502701
0.1368981234258
0.13578359747302
0.13828437946871
0.13661888541722
0.13754533600815
0.13579233174784
0.13800029476117
0.13610511441878
0.13704209353649
0.13798956498425
0.13636729721808
0.13699828590836
0.13726853240134
0.13800139408468
0.13750695133559
0.13729568679376
0.1378006592913
0.13593438691071
0.1377374137131
0.13766692337565
0.13775422212348
0.13680071811972
0.13733851339922
0.13698431142197
0.13735505591506
0.13756554319639
0.13772712373935
0.13732561561521
0.13793080913251
0.13712851848664
0.13587041366447
0.13801010745079
0.13775108267898
0.13557942140501
0.13801490919163
0.13720998689338
0.13770836971234
0.13762134251169
0.1372369150668
0.13731850950912
0.13735059710382
0.13722687095871
0.13646401754645
0.1357720643711
0.13775842539695
0.13804816238289
0.13680426054334
0.13739634909408
0.13752115115106
0.13777062736383
0.13774444185815
0.13767956012979
0.13748377001901
0.13751399925841
0.13745314073009
0.13779311120869
0.13789603130994
0.13696358719699
0.13695789459658
0.13759634526246
0.13695127976389
0.13714442992154
0.13712700164585
0.13734564267236
0.13732485288638
0.13669353311932
0.13747982492261
0.13754846969176
0.13738422758271
0.13706945907114
0.13707219523322
0.13752515520098
0.13647416358097
0.13719952969731
0.1372056021392
0.1374731801394
0.13767930281613
0.13694067864565
0.13755506574793
0.13666455022911
0.13740440106965
0.13724776816856
0.13627799998005
0.13716344633241
0.13737447600097
0.13719853138226
0.13712306168527
0.13689409786462
0.13759860994337
0.13758128080318
0.13784915540532
0.13742624700541
0.13765582568098
0.13704936090995
0.13787735106737
0.13730921940995
0.1370136721373
0.13609011055069
0.13764801608891
0.13706953695184
0.13755671612441
0.1371760999857
0.13743748101904
0.13747106116924
0.13713284635278
0.13606829226021
0.13717204464429
0.13695391096303
0.13731794501347
0.13774350087071
0.1369191978147
0.13697863328658
0.13750170295824
0.13758269822237
0.13727163295262
0.13745689548195
0.13646881981031
0.13777930735362
0.13751213694117
0.13698182868772
0.13604410445268
0.13703698089796
0.13679982659583
0.13847414977445
0.13674697761695
0.13702989039607
0.13600706280618
0.1378574898262
0.13790638470335
0.13713247875709
0.13737456582209
0.13810823041184
0.13763418615243
0.13630646500425
0.13723817557191
0.13726025459779
0.13680007173135
0.13708737288235
0.13645805035417
0.13735909012402
0.13813085826774
0.13691326570094
0.13694461312107
0.13738874617503
0.13675481652158
0.13815127212869
0.13698169240674
0.13712297343641
0.13778241366107
0.13779459193932
0.1372322033567
0.13646596800871
0.13696163440437
0.13715882744544
0.13772089488429
0.13796108627524
0.13694719215949
0.13802832235657
0.13817079789807
0.13802073278672
0.13766083984148
0.13730418910733
0.13708004777066
0.13793833948003
0.13703749258946
0.13791846801889
0.13769264764113
0.13741942803392
0.13776739203207
0.13655846070837
0.13684035731265
0.13796242299499
0.13696218499726
0.13682718547338
0.13808752571893
0.13718217970316
0.13815035076497
0.13585996622505
0.13695577952029
0.13787182506055
0.13790357989393
0.13840160062173
0.13802633138065
0.13660545356573
0.13704601983289
0.13710112791829
0.13714893956307
0.13771945718829
0.1378945146529
0.13754623575135
0.13636853689413
0.13669276913611
0.13569983131863
0.13670643024633
0.13632750455037
0.13641962079206
0.13722524201765
0.1373716905604
0.13634180835826
0.13758592628076
0.13642116338514
0.13719425538473
0.13743486107711
0.13773707624751
0.13711340440991
0.13714707606757
0.13773785737731
0.13782103835274
0.13764229218288
0.13773062322625
0.13583968554253
0.13557074590204
0.13684426261662
0.13632550511398
0.13569953902555
0.13778496649572
0.1361216366172
0.13740898784012
0.13758732109658
0.13679176096301
0.13643554571908
0.13605373969916
0.13620341296375
0.13789101282809
0.13822828340439
0.13777715574928
0.13790664690984
0.13531493101654
0.13611832454633
0.13783722377719
0.13812982069913
0.13611952496265
0.13698782405406
0.13685263688224
0.13625098649626
0.13656398609391
0.13662915718414
0.13675405316718
0.13771026423016
0.1380507433934
0.13799455370372
0.13842818954238
0.13813408694287
0.13593851654968
0.13661419550188
0.13772415848042
0.1358705709416
0.13646300646089
0.13747877673242
0.13559145853578
0.1374901439182
0.13763153663325
0.13534494054449
0.13581212928308
0.13555002609326
0.13706613071084
0.13627989934854
0.13812580174404
0.13605437960899
0.13790390192538
0.13544668448233
0.1362118925611
0.13680656936288
0.13551981498172
0.13473992516299
0.13594588803943
0.13561206252843
0.13748543745541
0.13531104978164
0.13605975818681
0.13729785277941
0.13785609143074
0.13733153803741
0.13776318992078
0.13746966096093
0.13782150179061
0.13813886195539
0.1372527095128
0.13685578062723
0.13794219431939
0.13764363016124
0.13760681328615
0.13739861594801
0.1359210278814
0.13519484680107
0.13815160720757
0.1352728029098
0.13748265423509
0.13786709516482
0.13750855623468
0.13536706736503
0.13832959138647
0.13811748609056
0.13549493224564
0.1377813988146
0.13745336026892
0.13718124706373
0.13782903599362
0.13791426771534
0.136281225988
0.13624566195037
0.13539516113305
0.13698515317628
0.13522921465807
0.13723905665213
0.13505696576456
0.13727614306469
0.13713625492954
0.13704469035293
0.13711590774191
0.13723402998453
0.13649680713318
0.1371604115461
0.1374036704305
0.13707868668569
0.13554567266698
0.1374072244794
0.13701020874682
0.13746568074559
0.13514785418487
0.13576161434313
0.13548040427707
0.13682882317302
0.13546144622612
0.13760006857012
0.13722295058451
0.13618130440161
0.13767810978532
0.13764863322345
0.13764520914404
0.13568173297174
0.1358280210693
0.13739372862467
0.13750085745636
0.13765343158378
0.13754375332578
0.13753892388378
0.13759034485308
0.13771702297995
0.13519001513639
0.13550117742889
0.13566222173154
0.13533400537099
0.13660869649089
0.13525250319768
0.13545237632392
0.13528490669055
0.13570485225267
"n_500_d_35_tr_20_a_133x133_idx_6_p_abba2"
0.13276119684159
0.13230099589025
0.13300034788513
0.13146907829924
0.13282865337744
0.1317184888911
0.13400328098274
0.13255686680567
0.13307659030259
0.13343211527972
0.13194629925437
0.13205291636629
0.13287304240153
0.13205217700427
0.13264979290635
0.13228211692779
0.13217535700928
0.13225695137563
0.13325768246206
0.13292675124626
0.13252136302175
0.13320922152067
0.13313939078295
0.13259582359525
0.13318653328625
0.13249545416325
0.13280917610778
0.13343731542656
0.13328842772623
0.13196866737449
0.13380502950696
0.13266335550411
0.13350207836827
0.1319926504783
0.13302915717676
0.13319844879969
0.13206567722454
0.13282082070795
0.13325599689011
0.13267715925182
0.13225489728697
0.13335407001216
0.1328289053564
0.13322068320444
0.13223470550792
0.13233429466602
0.13377726448839
0.13323546061592
0.13332477521399
0.13291156628869
0.13243026259199
0.13262181616573
0.13239917174173
0.13204035011973
0.13194034386551
0.1338116387506
0.1335360969974
0.13311342349628
0.1320236400176
0.13236137936162
0.13290556406207
0.13320018142235
0.13278470775625
0.13314777599659
0.13275087642067
0.13247490464517
0.13351544332825
0.13259378786236
0.13267244763089
0.13186268105822
0.13022504246853
0.1339767666796
0.13269928451747
0.13345066755774
0.13401645585116
0.1328581203393
0.13270500815786
0.13235345882192
0.13233185981147
0.13188113693016
0.13230272260181
0.13293379063452
0.13122858123574
0.13219953669763
0.13248391693098
0.13331342352629
0.13294757202614
0.13367998176253
0.13274063409482
0.13218673996358
0.1338679403431
0.13263380648596
0.13244205915233
0.13331027479296
0.1329421272746
0.13346704731507
0.13304297264796
0.13134333163289
0.13196198971714
0.13435892939536
0.1333473518354
0.13296224809238
0.13226328291853
0.13328136294657
0.13257193288921
0.13377534125444
0.1326202083169
0.13320284812297
0.13076861290321
0.13311054186386
0.13181743272999
0.1325904224177
0.13375281878244
0.13319863258918
0.13295191878055
0.13240453931128
0.13242348162472
0.1336574191919
0.1327678912632
0.13304117349591
0.13372674610011
0.13323544762215
0.13295085736352
0.13269111277756
0.13241265443846
0.13283704906574
0.13254266560121
0.1335174687903
0.13264935593913
0.1325248594805
0.13232923057182
0.132825480779
0.13296258390142
0.13247736742635
0.13294843045407
0.1328876740469
0.13344294771014
0.13196358521018
0.13272114454228
0.13307338761049
0.13226330429291
0.13304348708213
0.13289401266938
0.13354790278664
0.13346379497675
0.13406670219695
0.132049876178
0.13205171239115
0.13243586534594
0.13295682897503
0.13297553992036
0.13358641543884
0.13241749969052
0.13177721680625
0.13372999200558
0.13232818139202
0.13171999911202
0.13323583163697
0.13280095607658
0.13299207385756
0.13228596413235
0.13287915965294
0.13297002231687
0.13246201086527
0.13180748013986
0.13295757563396
0.13323034374902
0.13328608458909
0.13302228897862
0.13324619109054
0.13314785031268
0.13223304371645
0.13361684872002
0.13260359175701
0.13358870068703
0.13286519936051
0.1341380008571
0.13249838110159
0.13347342323634
0.13366334464264
0.1332833204128
0.13236161821584
0.13228191518173
0.1326869111533
0.13289573054088
0.13306480945762
0.13336154179354
0.13298323318705
0.13294630691885
0.1330124391048
0.13203555338745
0.13292527998852
0.13288852570787
0.13123800685131
0.13257832656394
0.13231828654694
0.13267472158153
0.13266861429341
0.13315859321666
0.13469234031402
0.13312565720009
0.13361750043875
0.13091282662992
0.13193029550236
0.1324620326106
0.13308506798151
0.13235412008028
0.13183419655543
0.13423450207388
0.13255395909254
0.13354281281258
0.13237248668152
0.132509792338
0.133266993597
0.13191782955306
0.13267869747998
0.13336651467049
0.13263592901299
0.13349423057818
0.13275303986697
0.13332984321882
0.13271447005406
0.13224256371881
0.13141853062474
0.13344145729892
0.13323361962576
0.13263062183654
0.13229842913924
0.13271858539597
0.13207684272684
0.13276080276434
0.13374450041095
0.13242915249447
0.13266123780796
0.13263913541171
0.13304940977177
0.13265248937719
0.13195746537254
0.13280848067017
0.13251910490278
0.13240283659066
0.13245658910113
0.13309797180884
0.13285337157297
0.13409903799302
0.13371833284317
0.1323190708862
0.1330141003171
0.13358232673077
0.13245222746721
0.13298315202439
0.13395879551634
0.13248729206277
0.13325966234669
0.13271745684196
0.13287821945415
0.13345644737434
0.13313561019456
0.13293142209717
0.13296766720436
0.1330403990015
0.13267891189196
0.1322262455647
0.13266049219332
0.13289550635388
0.13273268163501
0.13232351279576
0.13341275581092
0.13327077934294
0.13392981810264
0.13246852701504
0.13320034603771
0.13272744917588
0.13290673038597
0.13343193084122
0.13309718164755
0.13348223771126
0.13274308803998
0.13267853054852
0.13370780628638
0.13313689914502
0.13246722705332
0.13303149146724
0.13335602093751
0.1322254105182
0.13200486069696
0.13338361180756
0.13280382706888
0.13258818101719
0.13182802535883
0.13218888082694
0.13308515721689
0.13338312121281
0.13253603989968
0.13244128342304
0.13188330624167
0.13336045769072
0.1334070903054
0.13305521037236
0.13388565005068
0.13301304411666
0.13385222179855
0.13306635151489
0.13167414343059
0.13286399161724
0.13267498008901
0.13224750518483
0.13213166605154
0.13362247918832
0.1319216217056
0.13161633455318
0.13354621057696
0.13245755351127
0.13399643326076
0.133461163969
0.13290542217338
0.13321819608294
0.13134549437852
0.13098469937316
0.13267133542326
0.13072446393399
0.13135236133831
0.13117160636626
0.13205371470502
0.1322013323925
0.13174477335791
0.13264386047841
0.13187817960872
0.13090430934919
0.13275441340937
0.13314681464315
0.13204011164993
0.13165958050565
0.13349194961106
0.13178867785339
0.13471702397442
0.13328407503118
0.13179834974832
0.13454497434832
0.13194799975861
0.13238597557641
0.13269615289466
0.13222972338571
0.13197572069789
0.13233238782627
0.1332777478884
0.13179818312912
0.132481108178
0.13282702131876
0.13117597158503
0.13217024369572
0.13323349608246
0.13240291903294
0.13211640670298
0.13047118995984
0.13270921206094
0.13290465759989
0.13101785586911
0.13188408335569
0.13048951931773
0.1333980420029
0.13338662219568
0.13069387618948
0.13180497576447
0.13209533636711
0.13332351863673
0.13054819881674
0.13180314662688
0.13048074225571
0.13369092964274
0.13329832138815
0.13172993781112
0.13199074973559
0.131559052344
0.13360455826652
0.13216371934103
0.133196525715
0.13411170955021
0.13204394257388
0.13267567967461
0.13213472271762
0.1298603506946
0.13223960636633
0.13399927784557
0.13259532063446
0.13281319296542
0.1344163514249
0.13211939908144
0.13347290340517
0.13222653350601
0.13256027502759
0.13158441053463
0.13303987567304
0.13302858757726
0.13291657571761
0.13239619688559
0.1331243653786
0.13285335119945
0.13236108471829
0.1325164310272
0.13280370260037
0.13294127298174
0.13293556240882
0.13298415010088
0.13303989279933
0.13453580238167
0.13216504760209
0.13301289924273
0.1329589188029
0.13310723564089
0.1323418012665
0.13290451548989
0.13082116970527
0.13313902813755
0.13332420734994
0.13203823912947
0.13254238172049
0.13225794163792
0.13343350619767
0.13328962553097
0.13371943557351
0.13404500016576
0.13255799379402
0.13354702267716
0.1332258006888
0.13330642578399
0.13214124049926
0.13387063466726
0.13198287126637
0.13274054648114
0.13174826686298
0.1337345275099
0.13213494234247
0.13234923960055
0.1327625804669
0.1330684649868
0.13160176812376
0.13346888509822
0.13246812441796
0.13145704528504
0.13265323350015
0.13330016519017
0.13301679446361
0.13192523144109
0.1323546467776
0.13370574318799
0.13255246026228
0.13323772123154
0.13265140246728
0.13380497616994
0.13285574616613
0.13343549940625
0.13456969848395
0.13318228210595
0.13381200390425
0.13351605855105
0.13276988662502
0.13338498496999
0.13322126800923
0.13244158536053
0.13261919575128
0.13438253561346
0.13276606448339
0.13181135337498
0.13173343987296
0.13343302606624
0.13333367196452
0.13228859976999
0.13260562567931
0.1323761850955
0.13149234466551
0.13263533908487
0.1317384262861
0.13139612776253
0.13319016608459
0.13331366220169
0.13137428008656
0.13249669156205
0.13272495377616
0.1332787556901
0.13265044251688
0.13062189304284
0.13133795854122
0.13138657694751
0.13154988884407
0.13155626651208
0.13020320092743
0.13193497892841
0.13368842913099
0.13268079957715
0.13142296539286
0.1334905505077
0.13243735936869
0.13194449205756
0.13119300707208
0.13311551131389
0.13304551219573
0.13238469893196
0.13299271791838
0.13079530534485
"n_500_d_35_tr_20_a_133x133_idx_6_p_cds3"
0.12966620662192
0.13100819307975
0.1327974800076
0.13263584458993
0.13196703541644
0.13263833262784
0.13274469720578
0.13170593320403
0.13285374131761
0.13077908059135
0.13196684079792
0.13405708054635
0.1304636226541
0.13013391867827
0.12923767972719
0.12994155398616
0.12999909086594
0.12944509569626
0.12980679482768
0.12730684233086
0.12876235789022
0.13127517865041
0.129775570757
0.13093539383892
0.12910167752043
0.13173815615022
0.12900604537436
0.13162581623704
0.12740256827259
0.12854038331185
0.13148711635288
0.12997639983819
0.12801822047897
0.13282127751429
0.12864481783894
0.13044701734692
0.13117711920555
0.12827309192096
0.13034170597085
0.13085794413624
0.12903737481738
0.13222084598693
0.12923206932021
0.12744263480829
0.12940907100401
0.13075386335749
0.13064451110462
0.13225322000758
0.13209023944252
0.12980435164989
0.13371193756458
0.13469889124097
0.13163671263623
0.13275200536703
0.13116202627918
0.13068376027754
0.13278265942728
0.12893555799427
0.12711260233402
0.12862186281057
0.12876206305158
0.12998267090365
0.133161140094
0.12705409792737
0.13291270407633
0.12952526854779
0.13381546459723
0.13344942761989
0.126459534089
0.1259959465298
0.12946584834383
0.12990047497304
0.13265019597125
0.12605850301726
0.13043331594477
0.13225584586305
0.1293205699138
0.13010668963153
0.13237865989371
0.12776916633448
0.13154850558769
0.12990475662126
0.12852021796748
0.12819016593252
0.13209119150284
0.13274283407233
0.1289931244148
0.1316491159561
0.13159196200213
0.13367715606545
0.12980262289818
0.12922575690991
0.12797174868323
0.12897706011112
0.12992204242298
0.13219813616855
0.13090893573091
0.13224303723878
0.13034845285904
0.129636575006
0.13284017881287
0.12853568570244
0.13066394659582
0.13044513441317
0.13302411709296
0.12804850710893
0.1332866766169
0.1283357188209
0.13386565866602
0.13189057804011
0.13260573461728
0.12838614684426
0.13345451312609
0.12888672472702
0.12966823288662
0.13053823475815
0.12784361664167
0.13333497357161
0.13162607873323
0.13055544359287
0.13151426965105
0.13075645967626
0.13006746394407
0.13059221296031
0.12849805836473
0.13091197419618
0.12946605263776
0.13259023906126
0.13215746913727
0.1320142665041
0.13316193945671
0.13088103574159
0.13027276776527
0.13146981322088
0.12908442237731
0.1300316889551
0.1289707382213
0.13023798967863
0.13014104612017
0.12885937114828
0.1317537795404
0.12948282690231
0.13237124786583
0.13238227019658
0.12876663622251
0.13214490933303
0.13117202101662
0.12913338533381
0.13331079591429
0.12909414962349
0.13437297820636
0.12947477039827
0.13051171775551
0.1331606181199
0.12914389731777
0.12965178018405
0.12910060029998
0.12875566856527
0.12999311724169
0.13046299924834
0.12832428197717
0.13521213119552
0.12957579186867
0.13146832986438
0.13300328493031
0.12975051120604
0.13055585509847
0.12961206316876
0.13106147459481
0.12904989891739
0.13177200980128
0.12936515050285
0.13053320944438
0.12952767718852
0.12983763376971
0.12965788113064
0.12919946589756
0.12689724663422
0.12873287819448
0.13230577306029
0.12988711705642
0.12995559924465
0.1291595421671
0.12922968645652
0.13014650693039
0.12858118947369
0.13015921718977
0.1296134840121
0.12870519790409
0.13355548455615
0.1302775043027
0.1272136657758
0.12920021549962
0.13296872143993
0.13211236797552
0.13021574565749
0.12739627362377
0.12816468329219
0.13132379143159
0.12676622569376
0.12997005719053
0.13065933028254
0.12956007950594
0.12676764914857
0.12843073649187
0.13367096807349
0.12918410035768
0.12722188006045
0.13056339374599
0.13254843892167
0.13173101347684
0.12841848388535
0.13066026967292
0.13065120051597
0.12720396971807
0.12914819842298
0.1291984545264
0.1292175854073
0.13159476117057
0.12840956860868
0.12877579895111
0.12904787303467
0.12824677589902
0.12981121547528
0.12936568781107
0.13017148902164
0.13124581287869
0.12978319604067
0.13157212709403
0.13085340901798
0.12998851872321
0.1294886635518
0.1317107645778
0.12889527321043
0.12937226859114
0.13353330194101
0.13337870090479
0.12745278704402
0.12936760878439
0.13056744035042
0.13155407280204
0.12981944434726
0.13056839428993
0.12988275659697
0.1326590464572
0.1294836346299
0.12986787198948
0.13020787964461
0.13314601741936
0.13224293651558
0.13268100098787
0.13261290578663
0.13133672790056
0.13015322239688
0.13235019631965
0.13069277256546
0.13169165182594
0.12913966542648
0.12912047086266
0.1311863538746
0.13197748441677
0.13148047929412
0.12875109024918
0.12793078549229
0.13003684229552
0.13009199982066
0.13088872125942
0.13365589425333
0.13112025559516
0.1306899286866
0.13066129664544
0.13069595093162
0.13040676551813
0.12921930769578
0.13275243991582
0.13288510160345
0.13000436246958
0.12945511502764
0.13375105233623
0.1282203504842
0.13120698645511
0.13110187540579
0.12977541769783
0.13058033978439
0.13146799967764
0.12897719997704
0.13024080144982
0.13368663341886
0.13041912084133
0.12990592784405
0.1319623442385
0.13391555865252
0.12820251919749
0.12893905065261
0.12888398522472
0.12985070863748
0.12932562439704
0.12862498866696
0.13119718505724
0.13070518112661
0.13057692403846
0.13218306988224
0.12984694407901
0.12972167284271
0.12881652882306
0.1282362787492
0.12876762452377
0.13085766816243
0.12963431012211
0.1326295308198
0.13161092054253
0.13148794076953
0.13344712488074
0.12951461861239
0.12901790511497
0.12767211065288
0.12714105812821
0.12630855967343
0.13207050806314
0.12514015120125
0.12557059276604
0.12818741971415
0.12983349774817
0.13316567828184
0.12879251639049
0.12959676421587
0.13147916021772
0.13258205408442
0.13155497960247
0.12954998961944
0.13223735184973
0.13025931799489
0.12933770711221
0.127940831016
0.12835261620646
0.12766938223239
0.12920120047357
0.1280153692417
0.12848608718685
0.12968994377689
0.12929464525053
0.1287120038223
0.12832841323544
0.12839684985455
0.13328350779806
0.12871438094015
0.1293188155269
0.12731859734663
0.13238681650842
0.12974383510789
0.13043541456769
0.13042032466881
0.13374928644398
0.12744855386023
0.13324169614139
0.12972341903535
0.12944654757245
0.13088584053636
0.13241398682817
0.1279179408096
0.12930164018147
0.13038768843123
0.13202086532049
0.12836419227292
0.13305409036854
0.12984690143973
0.12805212068927
0.12790007298
0.13248646628566
0.12959069940929
0.13281034758182
0.13176577510397
0.13405204442225
0.13046023351289
0.12739030109789
0.13227225992733
0.12985341893992
0.13175554816557
0.12661877021363
0.12754268880639
0.13018431274583
0.13027126890562
0.12763477360685
0.12787396777088
0.12937030317891
0.12911409261086
0.12869912373465
0.13174866888356
0.13050330223406
0.12690403369759
0.1306636201243
0.12917360393212
0.12734169981003
0.13364237671525
0.12864722753996
0.12784949151557
0.12919481607021
0.13294162149509
0.13088780749517
0.13008900655484
0.13227672371021
0.13001850468392
0.12962968618937
0.13135313193347
0.13304456232852
0.12794377587399
0.13127930349702
0.13124773354868
0.13007105545164
0.12761870955021
0.1284153748925
0.13130923352879
0.13078808140056
0.12989077812189
0.12612761582418
0.12858853590725
0.13175094861091
0.12766485978004
0.12649985009179
0.13251788889914
0.13239701218051
0.1318164441776
0.13032911660084
0.13092707966876
0.12584332675388
0.13308132249311
0.13013443893463
0.12808801011158
0.13340459249425
0.13190536810512
0.12984372235239
0.12787392405279
0.1321188399529
0.12828057786887
0.12819203825882
0.13301945479471
0.13212554702042
0.13331188356901
0.13064217684557
0.13305276032133
0.12973652208211
0.13080607429664
0.13103260563289
0.13265752293901
0.13009141274615
0.12918081861554
0.12899345256746
0.12962270896537
0.12954648306335
0.13259718766428
0.13138344492694
0.12946187064328
0.12876887471503
0.13223654368523
0.12995100696321
0.12989384536145
0.13242899856692
0.13008728932743
0.13293409246975
0.1295558604356
0.12993662716465
0.12963024180345
0.13015120521287
0.12903880077208
0.12866566774438
0.12986669690109
0.13073830702569
0.13219115109245
0.13076198431565
0.12943539241064
0.13016647811188
0.12998461135494
0.12788842146083
0.12781749957652
0.12749063292372
0.12876331536446
0.13093674977215
0.12578695939469
0.12659324916908
0.13247197200729
0.12797346379427
0.12887127442278
0.12844485682377
0.12837166244333
0.12764856739487
0.12682395642475
0.12703811385017
0.12481818254842
0.12962555927901
0.12720630050593
0.12628190159756
0.13242300855281
0.12634080924824
0.12664296290871
0.13290894086776
0.1291563746865
0.12586396408084
0.12563297068493
0.12953746891046
0.13062815606935
"n_500_d_35_tr_20_a_133x133_idx_6_p_flooding"
0.14019090792295
0.14029381565114
0.14048391783221
0.13899108895583
0.14009725139523
0.13789810198541
0.14039993519701
0.14005408758369
0.14033014327982
0.13761337613881
0.13764240113234
0.14031924673736
0.13974475490623
0.13925480395644
0.14049113031627
0.14047592998139
0.14065293171807
0.13946776600638
0.14015104587739
0.14000710656395
0.1396418078801
0.1380015233041
0.14008210233053
0.13947829468064
0.14038423062305
0.14001590415346
0.13995630532125
0.13879780624699
0.14059243560217
0.13840012299016
0.13997878707796
0.13992568328147
0.14041734179868
0.13976863539169
0.13875106036994
0.13996292609647
0.13964957531553
0.13963798820136
0.13968132064616
0.13843288759873
0.13943544986717
0.1395124649189
0.13900502491065
0.14018056578695
0.13905117558066
0.14037787477245
0.14029560495815
0.1402198637577
0.14013056764427
0.14051676034876
0.13943512151027
0.14019228943287
0.14038203643749
0.1400085298384
0.14006962731716
0.13896075313983
0.14001716270071
0.13829630173699
0.13999580479681
0.14010219613075
0.13979460662346
0.14034860591956
0.13894867758166
0.13879177380833
0.14069210791308
0.14021071707978
0.14040226772817
0.13990163786727
0.14024845250556
0.13776412356113
0.1381722276695
0.14073797849551
0.13744229625698
0.14013881882516
0.14051172353323
0.14048734401955
0.14011797556507
0.13894640752639
0.1404133517533
0.13913669693773
0.13978976462601
0.14025392939905
0.13899401640587
0.13926930963487
0.14028131177013
0.14025121351702
0.14032676871942
0.14076860057779
0.14026098826281
0.13987278590857
0.14036235883268
0.13955127250454
0.14008203554969
0.14005579976136
0.13877540500356
0.14028616508895
0.13939798352456
0.13988985362133
0.14031138696994
0.14018745462699
0.14002573598046
0.14072136797337
0.13959122402337
0.13876434823136
0.14002900264563
0.13893951155557
0.13990183087366
0.14022025310091
0.13882196503116
0.13988485785453
0.13919030585212
0.14024634434452
0.14049912413238
0.13946575499174
0.13918331766914
0.14049749126093
0.13756605646561
0.13851710569756
0.13993099759075
0.14018308018786
0.14034982901659
0.14017197098735
0.14071616422433
0.14020381064153
0.13855030258826
0.1403532475665
0.1394305738561
0.13927280152811
0.14017726707638
0.14047932123617
0.13890939172842
0.14019307198122
0.13996447820943
0.13866154319333
0.14032833409329
0.14108632900161
0.14085422053386
0.13977564031274
0.14096230102442
0.13991150343284
0.13923842982938
0.14067523727796
0.1407185019168
0.14086527374383
0.13956259898007
0.14007401629976
0.14016919469593
0.1389049199401
0.14037445379134
0.14038096886587
0.13876210788592
0.13928473616703
0.13971933770934
0.1392718247894
0.14040683920908
0.13930979889441
0.13850311259839
0.14103436087483
0.13930367103088
0.14064040697401
0.14043057836825
0.13951884871023
0.14018447733889
0.14081573812471
0.1392687977534
0.14014812990871
0.13872725622818
0.14085342868
0.14065436977541
0.13870163798365
0.14082514444768
0.14118040610894
0.13991453528206
0.14021960399994
0.14049041036785
0.14079796695971
0.14098584813196
0.13846060720636
0.14014358904594
0.14027724308646
0.1403331672641
0.13962972495938
0.13954231780441
0.14044486142079
0.14122244308125
0.14025780670293
0.14053135464118
0.14032277863848
0.13847488540877
0.1400351545443
0.13815484133513
0.14022261071451
0.13936861259575
0.13881638277347
0.14063866475563
0.13990041307806
0.13977873324626
0.13951732840659
0.1403612309233
0.140401080408
0.13883177649996
0.13787313165197
0.13821611934621
0.13986294010166
0.13943410058005
0.13782340233816
0.13993371680417
0.13972715242622
0.13890718669007
0.13827083576251
0.13932185018338
0.13927329244059
0.13886369322291
0.14089063507093
0.13813925939158
0.14007232362131
0.14086367890717
0.14042037555467
0.14049691977676
0.13807741332783
0.13980793393732
0.14023182659314
0.13983815799568
0.13888640109973
0.13904703589167
0.14073851714598
0.14023539803815
0.14050494011466
0.13981296879611
0.13885881652813
0.1407060112254
0.14062732157178
0.14031363798689
0.14004388813566
0.14034983625886
0.14010489335115
0.1394827253262
0.1403302767138
0.13980746283985
0.14073572518271
0.13989084283251
0.14008723987949
0.13842113376636
0.13806350385329
0.13968537128564
0.14023190752583
0.14029224746941
0.14016500168931
0.14048980522945
0.14025260098226
0.14036461463774
0.1403196262554
0.14013088858503
0.14025511601105
0.14008028536655
0.14023780785788
0.13977092360585
0.14016285069819
0.14024456312675
0.14024464471671
0.13978850602377
0.14041341456339
0.13958267401231
0.13878371730646
0.14070317377936
0.14005606579998
0.13941051497247
0.14059136562129
0.13911653289302
0.14016591895368
0.14027099159978
0.14036377511565
0.13997741244691
0.1406298507751
0.13993037383306
0.14078905723989
0.1400638897073
0.14082863010284
0.13981049321821
0.14058917662359
0.13990585314622
0.13982413424182
0.14044637587216
0.13846799015787
0.13963948379665
0.14005814977715
0.13997908994706
0.1402841870157
0.1406540160876
0.14000912184627
0.13996828797758
0.13966824186028
0.13993924364387
0.13899770612316
0.14028083641086
0.13958630496963
0.13902020923645
0.13952080726368
0.13974029756092
0.14023227375931
0.13998567205611
0.13828980537245
0.1399371013486
0.13927026774276
0.14014082574075
0.1409341820954
0.13991997325355
0.14003720354499
0.13817023764466
0.13858047588125
0.13989405980547
0.1404488602304
0.14054771186213
0.14011782808079
0.13979945180363
0.14041371480894
0.13817768042369
0.13899522593843
0.13857099274886
0.13952264096902
0.13820318397814
0.13882504597722
0.13905969511222
0.13980452150008
0.13859186901368
0.13923008167906
0.13929833061614
0.13920720887872
0.1389494790923
0.13775878356
0.13747286623596
0.13898503005772
0.13706019291104
0.13694975288829
0.13634821179455
0.13654923225629
0.13869721539418
0.13929555746723
0.13973180736427
0.13909985978598
0.14016332296519
0.13979994677009
0.14015233465979
0.13983347106874
0.13988999833533
0.14015053833743
0.13977665994478
0.13980667395155
0.14005843415288
0.13767359516348
0.13782752706046
0.1404088281991
0.1394317219069
0.13922773788745
0.13811946337245
0.13839890256113
0.13996520508578
0.13840286170392
0.13824030565364
0.13889135422071
0.13998715197071
0.13832578069862
0.13852386418427
0.13871563445474
0.13862280408296
0.13966571455159
0.13848481992388
0.13733788959502
0.13831634572557
0.13727446333033
0.13758822510543
0.13803450001113
0.13937655935655
0.13823924310441
0.14018599867597
0.14042656133684
0.13995488450879
0.14039801772478
0.13990461547825
0.13967109620444
0.13963852302464
0.13822822416161
0.13881767423237
0.14000087989456
0.13930879969843
0.14013666487488
0.14029838816069
0.14033842450398
0.13980557381881
0.13892149813048
0.14004746328544
0.1387322141298
0.14037047104548
0.13981554710557
0.13993318586553
0.14034556760473
0.13965879766045
0.13912191406054
0.13975464047394
0.13994691512149
0.14011930026617
0.13978982530419
0.14043602944012
0.13924777860918
0.1398257023689
0.13978741371428
0.13786745218005
0.1400290118124
0.13987924321313
0.13976812963945
0.14008254645619
0.14001697767158
0.13892264836072
0.14007023565397
0.13979032191435
0.14043755777998
0.13985134400071
0.13915774228044
0.13986903741876
0.13893332809042
0.13888963542197
0.13718493074474
0.13876003692468
0.14048041431431
0.14013147210565
0.14081169591759
0.13637447331156
0.14014105770503
0.13702301018024
0.14039587312284
0.14008588424052
0.1401938116321
0.13936204707757
0.14058949552039
0.14026664665827
0.1400166086722
0.13902798547765
0.14027133560633
0.14015003821372
0.13994825373976
0.13961514432317
0.13980840456314
0.14018143502838
0.13998877199071
0.13927428130244
0.14014667285025
0.13981552172188
0.13830405525516
0.139066600303
0.13869115315682
0.1404124498273
0.14010467558875
0.14000884286672
0.13999202723613
0.14022624793605
0.14029606401809
0.13952778700737
0.1406108604742
0.13996640763813
0.13921212220213
0.14043123827098
0.14006272175507
0.13990973394925
0.13966082973524
0.1404566847556
0.14052922825297
0.14043687573646
0.14062019771121
0.14068712852049
0.14039160070375
0.14002392940452
0.14055498028241
0.13994082010552
0.13852528259051
0.14032673143743
0.14020493311417
0.13698632349186
0.13764324736251
0.13755575377033
0.13699595521073
0.1373980634161
0.13882818903198
0.13957298036827
0.13897869255328
0.13883067413974
0.13882733689314
0.13801466883298
0.13651413244006
0.13759959293644
0.13796865062671
0.13700390332991
0.13761360287677
0.13669821020696
0.13669292106171
0.13795700514426
0.13698083714814
0.13686257087559
0.13708821747388
0.13764453150039
0.13697442235346
"n_500_d_35_tr_20_a_133x133_idx_6_p_mprt2"
0.13521635701484
0.13575659515656
0.13691982228033
0.13348244033383
0.13495997801997
0.13528355474942
0.13428265300477
0.13657483554705
0.13730573884107
0.13612839527382
0.13570151087215
0.13575593758162
0.13728024451112
0.1373251178108
0.13696716068803
0.13710419420556
0.13676253097738
0.13663270803921
0.13709051210181
0.13678769320487
0.13677778240136
0.13666833675322
0.13594806837554
0.13751178590511
0.13618329382812
0.13468763447308
0.1380791139127
0.13591661325965
0.13451507870208
0.13655779371862
0.13601653534248
0.13609305905783
0.13586433900046
0.13386867419998
0.1364113633081
0.13474161472101
0.13710236832576
0.13603374403952
0.13582751317785
0.13695239931026
0.13622869430607
0.13474810923197
0.13725042309604
0.13458742873527
0.13701099270508
0.13596628595526
0.13568927596793
0.13676663195999
0.13308395255632
0.13621064331816
0.13670427957301
0.13290121096737
0.1366255997967
0.13527813355836
0.13645699975847
0.13761205095954
0.13453253210611
0.13662112568461
0.13735007292458
0.1366150121283
0.13625413971745
0.13661136745306
0.13584847862466
0.13628625764906
0.13558359775086
0.1347172190689
0.1355694070869
0.13683985786366
0.13645676467821
0.13710482673015
0.13632947993974
0.13588412406479
0.13594653049001
0.13592684407
0.13566213708181
0.13472847872554
0.13671199076819
0.13609679447984
0.13658027927274
0.13653692404058
0.13524067895671
0.13365779197949
0.13641267813474
0.13517780490258
0.13683753371296
0.13746693562283
0.13340907072172
0.13566806003214
0.1359744823988
0.13570802118681
0.13539248339491
0.13589770404025
0.13515209123095
0.13657712184481
0.13545991833235
0.13711867772342
0.13360044449102
0.13434193553288
0.13731445988933
0.1367191934123
0.1359563266582
0.13706441438679
0.13690378777775
0.13435284436147
0.13661177729702
0.13537236849671
0.13343621229186
0.13703994629474
0.13562565368682
0.13548004210322
0.13670377226902
0.13685289208611
0.13606965178908
0.13376232294922
0.13496157891334
0.135452448321
0.13578882366951
0.1354859372052
0.13257689079973
0.13538096758492
0.13517882026015
0.1368770970731
0.13549774163133
0.13479595259359
0.13764972356851
0.1365884847534
0.13400323445439
0.13596026627678
0.13677443167629
0.13634181553262
0.1365177692364
0.1365964130474
0.13500887154589
0.13308658908746
0.13457173643752
0.13607114926201
0.13486049084216
0.13689524393272
0.1369459033787
0.13506650086321
0.13706639313226
0.13463892696629
0.13621618606979
0.13509288676745
0.13472307841475
0.13600851237836
0.13485975525135
0.13635463164809
0.13587761598349
0.13422517193727
0.13589946083922
0.13585458854925
0.13692336006755
0.13504112515227
0.13730613821687
0.13634272778444
0.13668107888583
0.13527975188289
0.13540772607264
0.13614404273283
0.13659303777615
0.13518350285304
0.13692823274886
0.13627001478854
0.13668859631683
0.13421564478713
0.13398224002609
0.13685684485372
0.13725548987512
0.13678097782939
0.13680171973638
0.13296436258595
0.13192161082603
0.13594533363568
0.13719618235663
0.13596968957018
0.13607725409905
0.13600526599563
0.13387699362621
0.13507218222654
0.13525674267195
0.13512407789101
0.1345482893864
0.13570846321488
0.13644312815737
0.13538247454979
0.13718114584101
0.13348903541803
0.13460350345483
0.13438807716377
0.13503027389278
0.13590105444081
0.1368559074096
0.13663288929975
0.13407069703603
0.13577764830106
0.13525711600935
0.13540894401436
0.13446254200072
0.13461203620055
0.13484887060648
0.13622420302071
0.13666627167006
0.13668965463418
0.13341499675638
0.13527526492311
0.13807546568249
0.13641600773323
0.13603991063033
0.13697279923173
0.13567367327702
0.13718517383406
0.13255383026742
0.13588752880488
0.13465582373669
0.1358854716552
0.13573798725175
0.13569885297931
0.13491551580601
0.13514426569294
0.13683113778931
0.13424289348075
0.13697588671141
0.13474852257921
0.13386617048471
0.13743322810024
0.13693189517612
0.13716200033764
0.13262964237732
0.13525057346017
0.13470040722912
0.1347561193512
0.13539267658182
0.13576842389081
0.13531070254915
0.13651702519347
0.13714881817641
0.13499255791129
0.13604147680463
0.1348286447596
0.13705550428948
0.13533095085589
0.13650073025582
0.13683050290453
0.13635215654314
0.13524611594017
0.13522130372912
0.13282038467116
0.13717915903631
0.13505733768757
0.13533848418727
0.13572416777953
0.13590816459735
0.13652061240938
0.13685780492377
0.13693909842114
0.13673898096804
0.13687156401128
0.13604841757146
0.13719634487196
0.13710627465528
0.13583555526118
0.13636476300115
0.13624533797781
0.13640169084735
0.13667162093533
0.1369485742695
0.13647066390495
0.13643167789184
0.13639132068713
0.13689635717461
0.13524624608103
0.13698109063586
0.1371260759106
0.13724478433062
0.13588761931917
0.13463071899824
0.13426760909345
0.13312284651789
0.13739985579493
0.13655544003739
0.13363697300891
0.13284844543979
0.13526769038496
0.13144007642198
0.13698053114259
0.1339594582842
0.13684893426192
0.13617395747346
0.13679450681873
0.13597589749841
0.13603868901229
0.13645400004519
0.133607473174
0.13571317929124
0.13519585347552
0.1360096009103
0.13552805533925
0.13747522329748
0.13661693654177
0.13557376874724
0.13542612175819
0.1352667839733
0.13450753284737
0.13557391958126
0.13631752842831
0.13423694933036
0.1353748004599
0.13334807469856
0.135484406368
0.13508890915888
0.13453836745163
0.13656766689525
0.13583833379361
0.13420028628019
0.13649204827528
0.13507211391028
0.13491882208076
0.13555731758084
0.13544145003688
0.13624800344432
0.13618708003376
0.13647578916685
0.13513280314769
0.13513867564161
0.13399086660701
0.13592045051274
0.1342948108442
0.1343311804103
0.1355005998159
0.13484432794757
0.13647508809626
0.13228757426336
0.13700623906171
0.13679550581118
0.13528765405893
0.13721039377874
0.13432072324722
0.13355682531746
0.13517071900744
0.13519499571688
0.13555211061256
0.13706163617937
0.1363489805127
0.13560692144263
0.13468625435338
0.13494290104385
0.13542631754407
0.13514268114725
0.13555073081196
0.13250795966895
0.1330435928815
0.1359485518022
0.13540070288744
0.13390390890816
0.13413406211778
0.13518463625938
0.13662271816287
0.13467232779486
0.13683864119337
0.13535048520283
0.13375660370012
0.13532008212315
0.13383656415001
0.13730665157507
0.13428758677834
0.13410662486799
0.13662326270364
0.13521865651991
0.13427486232337
0.13646472056717
0.13678947142259
0.13494003995301
0.1351546955898
0.13660120083175
0.13473975788201
0.13476225648069
0.13547120556891
0.13643520693843
0.13343182536483
0.13218056652034
0.1369252841753
0.1326296608609
0.13282187467615
0.13508477162579
0.13406642593282
0.1334568992601
0.13587097642144
0.13603652889525
0.13693977040016
0.13471778862098
0.13481052646484
0.13596038411811
0.13378035486676
0.13662870050985
0.13568110360075
0.13672838619639
0.13691428608557
0.13444658523864
0.13584210798071
0.13644876625087
0.13553812767284
0.13576810097071
0.1351689112238
0.13581258592115
0.13611216010427
0.13550882580592
0.13615104840515
0.13568689461704
0.13643938338707
0.13515918297966
0.13703456163792
0.13459594600019
0.13664980791665
0.13700298955655
0.13482109182359
0.13631331251432
0.13645435773516
0.13657630324676
0.13370111715954
0.13615958341116
0.13530329709747
0.13368042857219
0.13648488097104
0.13631599113221
0.13699902983214
0.13675717311675
0.13654904820977
0.13736032437717
0.1374091599668
0.13657956452644
0.1360593472415
0.13368713319851
0.13580551402441
0.13694580159126
0.13594599904619
0.13661681014185
0.13502438008834
0.13643025108736
0.13685758429758
0.136177269363
0.13229693677113
0.13347481733492
0.1364365109179
0.13616649687305
0.13359686538686
0.13471851364324
0.1344884263226
0.13633539409414
0.13717603890703
0.13687761944587
0.13482788861914
0.13508749477634
0.13641350085992
0.13501118420439
0.13576837230439
0.13639285463904
0.13637354081987
0.13554617193995
0.13627179212478
0.13608899820015
0.13549996235104
0.13665212496018
0.13586666503578
0.13577074324563
0.13678441380978
0.13633791228328
0.13575714997977
0.13700510866503
0.13438601320361
0.1374199799164
0.13743989301285
0.13699557523869
0.13412698105643
0.13299911054665
0.13536247695775
0.13334274241196
0.13329533511321
0.13186218485209
0.13483101667632
0.13475033892841
0.13546257076457
0.13413405828058
0.13405747352355
0.13402969943554
0.13183852887628
0.1329652258061
0.13218350278822
0.13386496500064
0.13489249637613
0.132922935396
0.13278216797216
0.13036488343374
0.13176161706046
0.13227948306506
0.13347519397933
0.13235810434539
0.13251611235192
0.13364569895881
0.13352049259427
"n_500_d_35_tr_20_a_133x133_idx_6_p_probflood"
0.13748035493391
0.13791927727167
0.13812495119075
0.13807521155463
0.13821920277049
0.13727923393665
0.13805780946035
0.13794659314419
0.13815378598005
0.13808140707399
0.13689610272625
0.13838572931224
0.1381681371817
0.13810426597303
0.13822827836061
0.13799928222921
0.13787084706932
0.13787010061511
0.13785482054798
0.13817409695562
0.13817774478488
0.13832378089909
0.13746587097926
0.13791621697503
0.13803393540846
0.13743308792159
0.13832109739724
0.13805599104149
0.13704192138904
0.1379845097443
0.1375154153754
0.13829144709249
0.13788148702253
0.13706994031758
0.13814988363825
0.13720259798658
0.13825344052807
0.1374814705473
0.13771570452516
0.13812278796317
0.13793311140893
0.1367566548754
0.13836674490002
0.13758158909008
0.13805693615846
0.13763405933654
0.1375673006177
0.13790245680074
0.13810956058635
0.13819767329623
0.13741067524081
0.13773409660459
0.13819472039175
0.13780223388928
0.13791444350148
0.1379031740642
0.13703225237158
0.13790359312836
0.13809567464204
0.13797574523007
0.13788117697775
0.13808613460689
0.13794628054192
0.13830006497267
0.13797598723361
0.13765679818184
0.13693708394325
0.13831519887677
0.13798177007529
0.13808065069484
0.13818768327
0.13796045107275
0.13781041552269
0.13771365069381
0.13739616474163
0.13671230894737
0.13795207550941
0.13783043498099
0.13831002320322
0.1379533480057
0.13764628080637
0.13733904458741
0.13827650980919
0.13792245765683
0.13802666063244
0.13797407329728
0.13715627309428
0.13784545268749
0.13837937284224
0.1379012654945
0.13772911827245
0.13817596615404
0.1367175358816
0.1382988637369
0.13823035470267
0.13799519589888
0.13713019412701
0.13637427609756
0.13816391401413
0.13813644187224
0.13771327472464
0.1376818573712
0.13812937275137
0.13644828995628
0.13807981829933
0.13712373102025
0.13615513834687
0.13817296172837
0.13816916954213
0.13742693785014
0.13781021375554
0.13788588359374
0.1381210886557
0.13609365410545
0.13812865119814
0.13791816785657
0.13757229519481
0.13745775291898
0.1365595058308
0.13800918
0.13709718592411
0.13801388268808
0.13705889882449
0.13699505856177
0.13833796563744
0.13798419240883
0.13641308522066
0.13766712461171
0.13810546669105
0.13815273436606
0.13774409532677
0.13806183900254
0.13706141776537
0.13628226619613
0.13707711248857
0.13792674865131
0.13784533342756
0.13806052384597
0.13819250250333
0.1370625173217
0.13795074710415
0.13754123286947
0.13802020922082
0.13718676023034
0.13709071185468
0.13791967550434
0.13813931509508
0.13783260282751
0.13800461399878
0.13698269628505
0.13816237312918
0.13829073709489
0.13856444892544
0.13669378686529
0.13806966332828
0.13794683108988
0.13804746236955
0.13801802805615
0.13781467121657
0.13798128048505
0.13786015901084
0.13637044092429
0.13796332199006
0.1381970889014
0.13802062413565
0.1371975072944
0.13621589987896
0.13860477074344
0.13817381819605
0.13881626538242
0.13847014307481
0.13599958127177
0.13597623220929
0.13795945075249
0.13843620415442
0.13779741679958
0.13841824952487
0.13757039031995
0.13628963035952
0.13834136942121
0.13787637821369
0.13817424704352
0.13840362157188
0.13789232730985
0.13828616376848
0.13807395913058
0.13898017470529
0.13710561141249
0.13663623390631
0.13706649755948
0.13755451055592
0.13860474119162
0.1385170589461
0.13852258184516
0.13672757471705
0.13796662147325
0.13761059349233
0.13844238574359
0.13773293006322
0.137642684344
0.13710281463602
0.13868804784006
0.13895049114286
0.13858025538934
0.13724108919324
0.13781801830739
0.13842996797104
0.13815971623237
0.13786268808252
0.13808324946065
0.13832032988397
0.1389703680949
0.13651545874307
0.13815780301839
0.13781573560365
0.13833767288913
0.13792265107868
0.13852900719113
0.1371363793224
0.13756445391877
0.13804050157577
0.13702854253454
0.13856025909193
0.13631824260775
0.13596801465718
0.13837546394062
0.13823236414026
0.1383329324021
0.13564191444843
0.13810947472391
0.13725361165996
0.13787067370276
0.13708005596441
0.1383559334047
0.13844316106088
0.13868172662317
0.13872984999283
0.13854328511893
0.13788516191256
0.13794702962924
0.13877074236299
0.13804314758633
0.13787689760962
0.13827443894891
0.13822018469181
0.13792898156205
0.13746456183328
0.13577874627419
0.1386965775437
0.13742627934052
0.13746223185971
0.1384529942152
0.13825310586897
0.13823708499268
0.13778409932513
0.13783983602408
0.13783636118521
0.13803696556839
0.138262886602
0.13789424454486
0.13780522406189
0.1379644527845
0.1381155426171
0.13780352903043
0.13767112568129
0.13816403065453
0.13780489855116
0.13766468534207
0.13794734117509
0.13800263073045
0.13836819050112
0.13679496579329
0.13811195813087
0.13793225890042
0.13815246528861
0.13842285550076
0.13776962524783
0.1359452698786
0.13579945081465
0.13868599127243
0.13793340549034
0.13528703166287
0.13518362868842
0.13850499113995
0.1346068753474
0.13803137373857
0.13696159531506
0.13821803675171
0.13773762176334
0.13792774153034
0.13770750180765
0.13799758157223
0.13818530869505
0.13483010101602
0.13680529566994
0.13763306903511
0.13795434885463
0.13697242696242
0.13787228115793
0.13809692975054
0.13754360106709
0.13842934775022
0.13769500186591
0.13728444362386
0.13834811798267
0.13790626637247
0.13687196401352
0.13757813635782
0.13655550736052
0.13852351001723
0.13771145827593
0.13741833210978
0.13845093986878
0.13818091817506
0.13784386253623
0.13804589797253
0.13713008866444
0.1376144325857
0.13830850268139
0.13782417446381
0.13789583609715
0.13794462834851
0.13801281562903
0.13707399162421
0.13738761572797
0.13754772964706
0.1376086418786
0.13726378266006
0.13720092716238
0.13796988472401
0.13816005960182
0.13820229862907
0.13649163099119
0.13805223981216
0.1382264406186
0.13723181897276
0.13868155222526
0.13699178980079
0.13808015669712
0.13846086953132
0.13748329814089
0.13731289710874
0.13806241042362
0.13777765873915
0.1376038407897
0.13666717752268
0.13762315186018
0.13726544567465
0.13768929965756
0.13643675835402
0.135925003604
0.13616154233737
0.13746186861247
0.1380824229373
0.13734264432767
0.13620329444387
0.1368385296715
0.13788464489625
0.1365043104651
0.13774588738596
0.13657756281402
0.13666739630355
0.13710276914482
0.13645812075268
0.13799884375598
0.13670524044971
0.13662588856838
0.13824737354342
0.13706237200765
0.13674944972289
0.13791779585061
0.13801895652464
0.13696039685535
0.1369516411994
0.13785152772604
0.13803943260606
0.13675407011015
0.13779078533752
0.13801667696376
0.13467088132399
0.13579334867148
0.13789345623561
0.1357135561818
0.13583362937763
0.13623427229195
0.13755867858853
0.13661803910479
0.13798077292472
0.13801137095086
0.13813147070405
0.13792641628781
0.13785823466876
0.13771616652318
0.13747946910138
0.13752212173714
0.13707208715839
0.13798671839801
0.13817256934145
0.13704361118511
0.13770171861624
0.13791538600912
0.13795934275166
0.13809294639718
0.1371558466596
0.13764376539433
0.1380382184584
0.13767919814566
0.13780322439489
0.13754359224978
0.13793580958662
0.13772606071022
0.13804300629734
0.1361812437608
0.13779420944948
0.13780340470124
0.13723362086308
0.1380475637657
0.13790995347273
0.13769621751218
0.1374362338573
0.13786614911427
0.13718362719265
0.13711006505534
0.13805634263108
0.13840753950772
0.13794712180735
0.13800280120786
0.13768575527064
0.13829138804894
0.13810832473338
0.1383034139441
0.1381251122643
0.13735294874872
0.13737035261584
0.13785477087789
0.13792152821659
0.13805531271763
0.13812828619661
0.13801903787243
0.13825292184138
0.13819483110116
0.13524805146289
0.13686509134909
0.13801026593405
0.13800684945611
0.13659063097149
0.1371835030111
0.13683794371042
0.13780827594275
0.13795241882611
0.13811694414162
0.13758106079621
0.1379819962725
0.13804784465771
0.13732062549268
0.13778553588331
0.13794636415035
0.13851446220915
0.13799681918974
0.13854238831593
0.13859508454257
0.13841852969468
0.13826031429183
0.1381708497587
0.13826486469731
0.13846617068951
0.1384708456454
0.13797553543317
0.13828995009981
0.13686664484668
0.13834712735278
0.13828661486917
0.13811923983831
0.13595215238857
0.13587832665349
0.13690215943811
0.13546942819862
0.13526985546569
0.13527450453969
0.1372319873169
0.13742400797607
0.13773585388591
0.13722264989149
0.13713431078462
0.13631584812649
0.13564807670797
0.13645640966694
0.13481848629154
0.13585737252951
0.13599248930278
0.13529291375443
0.13583136517687
0.13499800435126
0.13499714217497
0.1352643453358
0.13620523894104
0.13511928657632
0.13531800228496
0.13519714552045
0.13593405678399
"n_500_d_40_tr_20_a_125x125_idx_7_p_abba2"
0.13103448267419
0.13267715693654
0.13307603798001
0.13417328328135
0.13271663377374
0.13326548529264
0.13408180139785
0.13386585738589
0.13274736594027
0.1319270103736
0.13357856864387
0.13289815228776
0.13297461924997
0.13153259541839
0.13263435768012
0.13279185203712
0.13112829397273
0.13293741182503
0.13315421612596
0.13302438598812
0.1331900670865
0.13376488583225
0.13323182589186
0.13254271572984
0.1313595754412
0.13280404035111
0.13284845280753
0.13246708465423
0.13259606046933
0.13370605307147
0.13233712095173
0.13286319987198
0.13338215565039
0.13356659043509
0.13319538469378
0.13299675867877
0.13333798826484
0.13299160117867
0.1330426710388
0.13295181744949
0.13326821237202
0.13306535893775
0.13186865155941
0.13321981756591
0.13315474932569
0.13251758480753
0.13224815007821
0.13394605037257
0.13352452695609
0.13279892925258
0.13278957919901
0.13269126809772
0.13322780484357
0.13385933311816
0.13277134087399
0.13130234067851
0.13349518930908
0.13331902947604
0.13376906870609
0.13363273544112
0.13344112602116
0.13268710191622
0.13250394167943
0.13298861890641
0.1324730961284
0.13359375686179
0.13290308249731
0.13358584836146
0.13102656890911
0.13457966534336
0.13337097010632
0.13152741370567
0.1319563990223
0.13286121303849
0.13263248278672
0.13265328485115
0.1326097502221
0.1328740919515
0.13402455825104
0.13342504512195
0.13314013114
0.13305073576522
0.13327790251495
0.13272472581096
0.13190647414103
0.13364716004986
0.13235945825445
0.13252174450232
0.13331053921378
0.13345283061569
0.13227347628231
0.13405614158038
0.13361347231269
0.1324908162576
0.13191047481305
0.13086656205936
0.13374902914927
0.13394790045436
0.13128330694375
0.13426822015624
0.13345579098133
0.13366093389042
0.13343589028251
0.13328100818302
0.13238348430314
0.13347459198426
0.13220619609121
0.13395721118821
0.1335266737056
0.13302612281029
0.13276761386079
0.13286424525119
0.13308257140106
0.13403201592206
0.13456353956704
0.13166202909982
0.13257560717928
0.13299943943779
0.13157946622498
0.13121065321939
0.13331406789421
0.13353458906283
0.13375451267454
0.13217626976313
0.13270089385986
0.13335038940239
0.1343860607765
0.13220545358038
0.13284464351492
0.13005580553552
0.1334272440177
0.13356872114562
0.133349288871
0.13390113607962
0.13311235852455
0.13306937388008
0.13372477246316
0.13334845120255
0.13302319308221
0.13339937377277
0.13239631682738
0.13249401613855
0.13327815351073
0.13369689704895
0.13362182785085
0.13356021515599
0.13287172123538
0.13191863448946
0.13244499615233
0.13309719236825
0.13172337279163
0.13316599685541
0.13144432471239
0.13232782122782
0.13377624680572
0.13324347600564
0.13236414494179
0.13221810357687
0.13407510218809
0.13358262871488
0.1335630886364
0.13309528636274
0.13137170921486
0.1333210080492
0.13281686805345
0.13224798191476
0.13164068305883
0.13311610730012
0.13355031187808
0.13166235439734
0.13316043388651
0.13265182684904
0.13318496819615
0.13316826203098
0.1320309446203
0.13340248031682
0.13264809593955
0.13346638019857
0.1318236527734
0.1344446004064
0.13404021332611
0.13225180142494
0.13373073406679
0.13175687415035
0.13206486250145
0.13396816891266
0.13271982802723
0.13289824335842
0.13306544998118
0.13367251858082
0.13242953910793
0.13326471739404
0.13376083641847
0.13395794173097
0.13131587413859
0.13287094244136
0.13403493225205
0.13355331835232
0.13332354874057
0.13371792519041
0.13361961520518
0.13229420097203
0.13415062700126
0.13338102492058
0.13236127507961
0.13335982056327
0.13221949473873
0.13276869893801
0.13152535159288
0.13321682943312
0.13177241923089
0.1329818129094
0.13282026518901
0.13312776977272
0.13284389292906
0.13335842008718
0.13337939487641
0.1320447012598
0.13317250356716
0.13372891097288
0.13239689390787
0.13385333538014
0.13117560588237
0.13351750316708
0.1326703475674
0.1344625084146
0.13325568493918
0.13269957077134
0.13306472751935
0.13323510131981
0.13291821726413
0.13292055950834
0.13176956348787
0.13269685282568
0.13249137530267
0.13172443917026
0.13455294223685
0.13236090833729
0.13316227254694
0.13351264120013
0.13226264055372
0.13389722739657
0.13232121278298
0.13179521800998
0.1323458209413
0.13285314502803
0.13395074518778
0.13244625034345
0.1330907742211
0.13165588186523
0.13315193995806
0.13195827633455
0.13403939729941
0.1317483391499
0.13249909539114
0.13200557920384
0.13304559885702
0.13285923608636
0.13350946458695
0.13299950335621
0.13285710667558
0.13353968137133
0.13288915970434
0.13383122986179
0.134407053323
0.1320975749041
0.13348665752071
0.13243730112685
0.13287374067408
0.1325746071237
0.13284423302297
0.1331627017934
0.13313696579863
0.1323904578183
0.13289755876346
0.13399620813498
0.1325546108721
0.13345635052962
0.1332636207668
0.13229543522763
0.13345911539139
0.13312248590652
0.13225075085344
0.13342999659809
0.13212677790882
0.13299218332099
0.13353313454116
0.13425715454157
0.1336529369481
0.13215165057319
0.13304418927549
0.13278944703951
0.13252479842353
0.13377206467977
0.13199863273499
0.13322633222661
0.13270075653655
0.13377956168975
0.1334802314674
0.13378127207688
0.13198166697242
0.13298815353245
0.13386652831398
0.13268750583708
0.13204365662636
0.13310587367319
0.13395128596248
0.13281645623459
0.13361219750282
0.13280700679193
0.13333554312769
0.13309685274972
0.13268376765092
0.1327554069648
0.13356558262681
0.13323025988062
0.1330246110182
0.133180537939
0.1329944927315
0.13259144384218
0.13342349648736
0.13274655592171
0.13260190430135
0.13344048016675
0.1328261762884
0.13342835521618
0.13319813394639
0.13270619293726
0.13262984344593
0.1336616240889
0.13256071044052
0.13314390166923
0.13371507523951
0.13074475142445
0.132577360995
0.1334816897002
0.13295416978771
0.13305940773367
0.13232368707508
0.1322946325125
0.13270621415142
0.13215260216246
0.13328707059331
0.13254155639801
0.13304589402423
0.13317298911742
0.13354990278835
0.13391866589512
0.13236556351291
0.133273708216
0.13324582487236
0.13266353249363
0.13283529059284
0.13368041121346
0.13380383658948
0.13307596076065
0.13276056864782
0.13416678890859
0.13303858370068
0.13309891960773
0.13118505641069
0.13307981823024
0.1317929901998
0.13260645180125
0.1331770209255
0.13396602492801
0.13271590429019
0.13293011636516
0.13262095765659
0.13381896103174
0.13241003473406
0.13304855543695
0.13301157796103
0.13352434080466
0.13344772527639
0.13352736399602
0.13194015713882
0.13304615730439
0.13342099377133
0.13288570036556
0.13322713584372
0.13263774863695
0.13313948443583
0.13136144841146
0.1332189294615
0.13332754215366
0.13185819713742
0.13310059591826
0.13373014597249
0.13275407996978
0.13238816490344
0.133124966475
0.13218257006335
0.13255630210294
0.13321734277486
0.1324201938173
0.13353831295615
0.13349426681898
0.13211896981728
0.13264709667955
0.13265054452034
0.13295226665828
0.13219537521963
0.13364847117861
0.1335554862002
0.13269047832524
0.13280012434306
0.13334520649216
0.13296304873045
0.13265207926856
0.13338325197362
0.13338039850287
0.13251853113366
0.13346604057891
0.13249367075751
0.13330037728683
0.1335309548269
0.13387375335041
0.13236600044879
0.1318833627285
0.13289447344828
0.13421049642524
0.13213027892307
0.13124038905992
0.13331228400955
0.13171288355892
0.13244666384924
0.13267706423411
0.13192962417879
0.13207275061268
0.13356437690387
0.13272520223758
0.13238200585174
0.13282215270562
0.13246922548038
0.13156910083417
0.13146619681512
0.1318757620289
0.13177641749974
0.13282461996164
0.13330710064426
0.13216356697287
0.13212662291706
0.13387677012935
0.13076153494228
0.13413776567621
0.13335622792843
0.13316992776872
0.13254413453277
0.13358775003959
0.12998194149557
0.13267494731568
0.13336491655294
0.13103771699273
0.13296047896682
0.13088137685618
0.13301929235202
0.13016060466956
0.13345559154939
0.1312919903058
0.13309486500401
0.13304177472522
0.13287605796725
0.13268078476607
0.13253408599915
0.13141423834532
0.13304742932914
0.13171810567233
0.13282974268855
0.13238962362998
0.13087169062995
0.13266485219313
0.13350035874027
0.1324620621491
0.13239032575514
0.13231201344606
0.13323319484007
0.13235302410013
0.13299207691851
0.13241298187037
0.13259393796272
0.13260996580033
0.13198568640701
0.13226964090543
0.13339112154149
0.133090271661
0.13297374873186
0.13059538691099
0.13224352824055
0.13198118532893
0.13298132389466
0.1328134625675
0.13270302853604
0.1331772327406
0.13206190016002
0.13292553132
0.13315949322941
0.13258885138767
0.13243695925264
0.13363111521607
"n_500_d_40_tr_20_a_125x125_idx_7_p_cds3"
0.12781610562567
0.13222240602455
0.13115872123237
0.12869783162279
0.13175838591225
0.13028572773989
0.12905380843697
0.13185905105934
0.1323100186932
0.12737128960101
0.13109454981902
0.1297163934421
0.12903919710563
0.13367443962499
0.12743846306136
0.13046928539958
0.13127628328439
0.13288207929859
0.13228977732512
0.13167967910131
0.1322913161084
0.13031274321451
0.1296970218524
0.13075251101993
0.13139443664145
0.13054950801056
0.12908210715798
0.12984266943099
0.13233720378985
0.12889965833496
0.1303471000874
0.13089014955493
0.12926440816659
0.1298355371059
0.12858538131979
0.13306580979007
0.12950182022877
0.13072527398654
0.13055105718722
0.13049611623598
0.12923109788521
0.13433163712454
0.13149133018894
0.13075059976552
0.12669804740973
0.1304456542179
0.12880123785207
0.13224233090789
0.13451703159099
0.13246662272241
0.13168215484453
0.1298846428041
0.13236042128986
0.13009246983452
0.13311207460921
0.13036415592067
0.132755564493
0.13020759659302
0.13063867531956
0.1303677815698
0.12859399891277
0.12854928282249
0.13105315205634
0.13206999294517
0.1298714788431
0.1289693673181
0.12892851105232
0.13268648430435
0.12926760654737
0.13038942282433
0.12845500258741
0.13031385433062
0.13128365263655
0.12996068807315
0.13182210723933
0.1293130929158
0.13275861551475
0.1299365550671
0.13128093072614
0.12878333051153
0.13073434760504
0.13022861949288
0.13277873618608
0.12990033500064
0.13135897621393
0.12999902578726
0.1334585877498
0.12796014387807
0.13229165643731
0.13144557644183
0.12870478474415
0.13158380135815
0.13129882777783
0.12766949813643
0.13123957004622
0.13316985097689
0.12853554415611
0.13084093792769
0.12687257178323
0.12989866960865
0.13083182692439
0.12613062739828
0.13069172036861
0.13037863126639
0.12749896396807
0.12939236168024
0.13289507807216
0.13194292217691
0.13354920656855
0.13052377780245
0.1306002262865
0.12956456570978
0.13173636634033
0.13135596226269
0.1329352411387
0.13002800063417
0.12744308310542
0.13127864917522
0.13060646655748
0.13038176257277
0.13029378065702
0.13098883959012
0.12958772844739
0.13049739641012
0.12809567156601
0.12802402329235
0.1332496172023
0.13117019350277
0.13191939571183
0.12930041972422
0.1331192192107
0.13094892484178
0.12972143461489
0.1311649370605
0.12732163109402
0.13168321616687
0.13230356914518
0.13301838322265
0.13051154485445
0.13110629607733
0.13223039714669
0.12862161697204
0.12972078287565
0.13114654336797
0.13248585312742
0.13089891425989
0.12994762255294
0.13033163626494
0.12865838181314
0.13045927493997
0.13285638132328
0.13002404754435
0.12810806207031
0.1283938570877
0.12941304575972
0.13033121562383
0.12967954443453
0.12743610626058
0.13229002501661
0.12803292954746
0.13058265137602
0.13194619972263
0.13193208506426
0.12816196419203
0.13180066555594
0.12801219143828
0.13362258654924
0.13123472578775
0.12906252371821
0.12835722052509
0.13323725366015
0.12910319143808
0.13075518308027
0.12988205519212
0.13102562931699
0.13102320673082
0.13161291982948
0.12997610985812
0.13028566691855
0.13126338210058
0.13073098685039
0.12870003233604
0.13008629277425
0.13037193159792
0.1279673951601
0.12840155322986
0.13114952590773
0.13184124098668
0.13183938771543
0.13413952887269
0.13361983246791
0.13337710857589
0.12991536831116
0.12999735141602
0.13022607376453
0.13082626348022
0.13223733649559
0.13096877879666
0.13250226433752
0.13038870391696
0.1315134776532
0.12940322070496
0.13025539209638
0.13036970718344
0.1307638538321
0.13177949779497
0.1306627684138
0.13252185310655
0.1282851899501
0.12883715780562
0.13379922119012
0.13113054025585
0.13380826333737
0.13063910549486
0.13261610602602
0.1316131419642
0.12948952083695
0.13269666174871
0.12997406282039
0.13099643663899
0.13044595956142
0.13143331897873
0.1276547717586
0.13074422122021
0.13096729636832
0.13221628730099
0.13290760911028
0.13063315426896
0.12795853428955
0.12996484724461
0.13250823044224
0.12786505866376
0.13459771371057
0.12853303468363
0.12981867818933
0.13221292846607
0.13335056257423
0.13170198938052
0.12816507230318
0.1311026705908
0.12994609658975
0.13060000527162
0.13078489156138
0.13002956220596
0.13170119682361
0.12818254820698
0.13253805575944
0.13389524444726
0.13069879548352
0.12860105835434
0.12920117458429
0.13027510659268
0.13169536946103
0.12976655885287
0.12897361960112
0.13250058910333
0.12994446383561
0.12761279894035
0.13216207538787
0.13011121572696
0.12947947193653
0.13188205392975
0.13260153304119
0.13042116245002
0.13085336761092
0.13352542366483
0.12715604281782
0.13040087423095
0.13165323444402
0.13315027979624
0.13181971027645
0.1278534746469
0.13238047248754
0.13093845247018
0.13432146092639
0.13022862262253
0.13036209994042
0.12717229915017
0.12701522635944
0.13316838032057
0.12857330743258
0.12999446831959
0.12955728789331
0.13176186214165
0.13024623398433
0.13002660550166
0.13033129015329
0.13253035122048
0.13001354206115
0.13120098581747
0.13129616515524
0.13206706514804
0.12953775649376
0.13291713976974
0.1314188487899
0.13346630748667
0.13087888101347
0.12786925952042
0.12805363896773
0.13098148459056
0.13151443783265
0.13003967838734
0.13033070979339
0.12814045171689
0.13040555058585
0.13002659387428
0.13007027099439
0.12797373858499
0.12983604700578
0.12819357152534
0.1315366421268
0.12881153272383
0.13040967451329
0.13358750205082
0.12961689272424
0.13316431919419
0.13285915642811
0.12868786725101
0.12693752549019
0.13170833802274
0.13064612113143
0.12942081008074
0.12725335678491
0.12908336647697
0.13246631101632
0.13175239710719
0.12947292412658
0.12785654804263
0.12965133866901
0.12953375247362
0.13225076312872
0.13243208567252
0.1329509088817
0.13111482147515
0.13016538986886
0.13120146533422
0.13266452579758
0.12896169532075
0.12816959296823
0.12822322052014
0.13210904899129
0.13150126435262
0.12996942189545
0.13140414233447
0.12923610212056
0.12844731366437
0.13084123893253
0.13289197599303
0.12957525180259
0.13283110994103
0.13053686170671
0.12975724911654
0.13142587868528
0.13025828090753
0.12838472870504
0.1307234493044
0.1289333220265
0.12912319913639
0.12948239607557
0.1286712571742
0.1278468181215
0.12919613208714
0.13261703733044
0.13153584567585
0.12979123197495
0.13214719381371
0.130751570086
0.13217932473623
0.13221916203925
0.13176279080224
0.13249934426467
0.13188396133052
0.13103375677708
0.13198498210596
0.13134280070592
0.13015258052226
0.13074478009376
0.13000572494338
0.13055297092506
0.13250332912891
0.12968198171844
0.13160100859104
0.12795801317914
0.13189130635597
0.13117429575269
0.13404971391991
0.1294316749255
0.12966512160173
0.13048909735303
0.12914637655811
0.13075719788903
0.13081573659643
0.12988143362911
0.12817191385485
0.12793576308503
0.12947392232022
0.12845294830576
0.1277154011783
0.12899748412394
0.12798628009401
0.12975896484027
0.1294724829484
0.13332558087142
0.13183851879359
0.12907415558885
0.13278324487459
0.12943397732003
0.13381374062692
0.129843867949
0.13085827481398
0.12942636713156
0.13058571930661
0.13108421263756
0.13055400685348
0.1299803655763
0.12878015975131
0.13174301020952
0.13397300137424
0.12941066837477
0.12953218123555
0.12919934038266
0.12841873466789
0.12760185949201
0.12880098944166
0.12965667031551
0.12824200587963
0.12792467100088
0.12922762194552
0.13179872665628
0.13107470948163
0.12992892998244
0.12965086243492
0.12789665279686
0.12920770729104
0.12957803017455
0.12855837498321
0.12853429404867
0.13208687070552
0.13105505874557
0.13150909631253
0.13212775343798
0.13157711801014
0.13112162030426
0.13081544146867
0.12767406286592
0.12683164891295
0.13114513435425
0.13003219961303
0.12867541322337
0.12696402319002
0.12795138174398
0.12938320912853
0.13064400910125
0.12894056902133
0.13023722832829
0.12801787593206
0.12807799929652
0.12663400269579
0.12950756976764
0.12715402397735
0.13061789919656
0.13022264064231
0.13056235842563
0.1275425847846
0.13077720205497
0.12654516421218
0.13040789558307
0.1288375940039
0.12862647908867
0.12685255560688
0.12757250040848
0.12831850584701
0.13223066193673
0.12973483452419
0.12805170666982
0.12673109332642
0.12971403502994
0.13219796147379
0.12790823426712
0.13055093945739
0.13124690167627
0.13270634058828
0.12927575192858
0.1331768928801
0.1324753347128
0.12922998245288
0.12811457206206
0.12771321561162
0.12827555348124
0.12953617955577
0.12853332647509
0.12883732894692
0.12955129568302
0.13277442587944
0.12978586383729
0.12822516693701
0.1279869676513
0.12916906080185
0.12824151750234
0.12769738125926
"n_500_d_40_tr_20_a_125x125_idx_7_p_flooding"
0.13916825543346
0.14050765633315
0.1406558091307
0.13924107763076
0.13970711715246
0.14042771995068
0.13894544534058
0.14082988182202
0.14102964074411
0.13905151075343
0.1411671117363
0.13967845504984
0.1410602410806
0.13878488256235
0.14003091463646
0.1406858562876
0.13884777913206
0.14055669388697
0.14070312631188
0.14080745969654
0.14040899794827
0.14095231905894
0.14067788452009
0.14077608593255
0.13874302873315
0.14085789322386
0.14106098639588
0.1396458054049
0.14024456505264
0.14045249450614
0.14104399962759
0.13948347371913
0.14104356552479
0.141378549199
0.14032935048464
0.14045250497157
0.14005471847598
0.14093414989345
0.14041234950047
0.14057153515838
0.14103787043156
0.13975693638542
0.13945021914126
0.1412168613275
0.14093883326008
0.14135589022629
0.13809240158128
0.14063094295602
0.14092715744732
0.14061607194325
0.14074590672394
0.14014143188666
0.14095731720409
0.14128242722687
0.1407571402298
0.13873485275863
0.14064705440409
0.14135483108092
0.14093604623953
0.14027579079599
0.14071154012925
0.13986821885676
0.13981722038757
0.14025389956454
0.14005846453745
0.14102400726614
0.14068363028541
0.14035140206362
0.13913593390656
0.14091946729441
0.14034625684208
0.13971065724882
0.13911191365415
0.13973732049859
0.13919525889034
0.13948215955068
0.14017777345488
0.1407670911163
0.14055675230506
0.14127208550981
0.14119522842134
0.14078177503238
0.14004789645791
0.14067404360452
0.13894170685358
0.14109056179994
0.13999191177114
0.13921376235082
0.14083985203179
0.14072134045475
0.13994871375712
0.14111932164145
0.14035908805409
0.14037531001943
0.13814355527427
0.13817654312914
0.13987339162795
0.14102558705481
0.1379878067982
0.13854409783813
0.14117874595798
0.14011954662718
0.1409282626576
0.13843811871916
0.14035742760944
0.14098394879042
0.13978470644169
0.14048546350244
0.14128232865737
0.14032007390856
0.13933476500225
0.14080574383084
0.14102872136387
0.140860758627
0.14150527391095
0.13835206812369
0.14067322421717
0.1399987907566
0.13897259319134
0.13893945208501
0.1409985431516
0.1408738461244
0.14095351443286
0.14003718269254
0.14033894769536
0.14102297409024
0.14020180381257
0.14083441498572
0.13996533194418
0.13787922863801
0.14069382143101
0.14008500990673
0.140571723525
0.14124767720554
0.14085870492046
0.14078007581254
0.1405854937681
0.14108773675119
0.14100926459286
0.14003137750333
0.13992758061465
0.13957184052432
0.13983058195205
0.1403923804812
0.14068215723226
0.14124021354361
0.14039382128837
0.1401464946065
0.14046469643192
0.1402681799975
0.13929888822014
0.14059780648182
0.13913900340294
0.13980212226177
0.14089830182875
0.14006280798691
0.14062451728593
0.13900957661524
0.14085025950166
0.14102908587544
0.13935283433422
0.14086629438203
0.13891256161337
0.14123666867378
0.14120591669059
0.13945701883861
0.13935978029975
0.140906166384
0.14134281484622
0.13934680489152
0.14116441177157
0.13961751757944
0.14146124275384
0.14093375585755
0.14032842931218
0.14089599829631
0.1409601181678
0.14059248087701
0.13802182124864
0.14045406705158
0.1414531309472
0.1396022090112
0.14032476517893
0.14000444105373
0.13917642169255
0.13924650475437
0.14062563758585
0.14081861124978
0.14138401439322
0.14139703634873
0.13909374825576
0.14030651757493
0.14085775876583
0.14069176374659
0.13917816145869
0.14136413328302
0.14089520881562
0.14096404288553
0.14033900641235
0.14086037526012
0.14061926427612
0.14032710555251
0.14117241799007
0.1408865110755
0.13955345114348
0.14133384345272
0.1409223725325
0.13858468111744
0.13972705808474
0.14139855245086
0.13925736615586
0.14094929484665
0.14010823396818
0.14056615532002
0.14061970594548
0.140288157857
0.14043810704149
0.14038981648225
0.1406147915988
0.14099890292404
0.13945739881572
0.14078830349948
0.13902106215198
0.14061603607399
0.14056844291503
0.1407722023077
0.14123787558606
0.13824314693126
0.14130277332221
0.14120588773186
0.14099637486717
0.13951608755634
0.13950530219612
0.14057389116762
0.14110386912108
0.13955028496565
0.14035999299468
0.14064064305491
0.14126973683222
0.14098581066035
0.14053668051262
0.13964132462966
0.13914696103425
0.13937468195878
0.13891394330154
0.14107833791345
0.14113670268695
0.14122420809163
0.14092328561608
0.13949553210389
0.1388040176819
0.13947678877766
0.14089827908085
0.14075418593235
0.13951280815303
0.13825636289399
0.14064660752394
0.1403221019525
0.14065727336866
0.1404433617013
0.1401259959704
0.14107457728851
0.14121192491898
0.14085772626721
0.14048250833886
0.140282265335
0.14103722968094
0.14016313509837
0.14113045739554
0.13828593026906
0.1410870762792
0.14063052210435
0.14089821478161
0.14090051335049
0.13924081092939
0.14099551613129
0.14121098554466
0.1407149706801
0.14093162830961
0.14076889394647
0.13738868271888
0.13858536666269
0.13901318044105
0.14124494975155
0.1377629916603
0.14080229996409
0.13930265418469
0.14068052692334
0.14123545070818
0.13942596428338
0.14034515039077
0.14128814946044
0.14110185328366
0.14107268230452
0.1377141309586
0.14076743729331
0.13925275888257
0.14040979068453
0.14125375768066
0.13853197070649
0.13953270283749
0.14085637319875
0.14094022787969
0.14033802865599
0.13853614005349
0.14074806804788
0.14118792196874
0.14091436498896
0.13800880059394
0.14055520368063
0.14030551272304
0.14118914047714
0.13885753472823
0.14025584025229
0.13916397001882
0.14016560968189
0.14074335357934
0.14097955517313
0.13916127242965
0.13839344991879
0.14100365506741
0.13774929545246
0.14079157878481
0.14094017024803
0.14121855852028
0.14119487799807
0.13894696672777
0.13927497202988
0.14039598490624
0.13701023679508
0.14050673741326
0.13905646747557
0.14044994043062
0.13834233605241
0.14121675294554
0.14067787638819
0.14004365691286
0.14013025500681
0.14042830581017
0.13885157930631
0.139192377153
0.13915144993451
0.14051772058982
0.14046087271747
0.14072896451717
0.14072907113308
0.14109319647562
0.13809898836045
0.13955079162131
0.14010045745015
0.14068426602704
0.1411429534788
0.14016587295023
0.13925732315963
0.13914353949371
0.14099347525917
0.14001049724756
0.14071916451675
0.13926935313601
0.14045696722628
0.13845162601807
0.14032187168198
0.13947350951047
0.13995762634205
0.14104315425078
0.14032008877173
0.14064155376128
0.14066565025107
0.14066826388751
0.14076844743909
0.14025212890101
0.14051019312253
0.14077384093452
0.14109782416848
0.1406143173824
0.14069993413286
0.14053819519567
0.14055798809244
0.1407417129472
0.14020372610425
0.13859907431614
0.14047972227177
0.14083126552396
0.13856531238025
0.14087850128591
0.14050730579897
0.13986859853786
0.1402336367069
0.14092076705993
0.14025894734147
0.13949857123216
0.14120111034657
0.14054636465262
0.14049175007787
0.13901663791645
0.14044201282241
0.13879556630852
0.13854344166863
0.13909751231355
0.13998259454104
0.13885197368836
0.13944525415882
0.13986928887796
0.14058898504354
0.14018842036657
0.13980502348809
0.14006707282231
0.1400125840636
0.13938525233183
0.1385286174554
0.14059543830256
0.13993882892269
0.14094040457331
0.1408357464295
0.14062860844381
0.1410205085736
0.13907671821611
0.14104195690068
0.13991062987741
0.13932353265727
0.14028514033823
0.13957840731118
0.13869182984761
0.1389403003783
0.13937577297425
0.14018687578379
0.13918681536271
0.13760033212214
0.14004172069837
0.13973634758405
0.14045425444152
0.14059545343143
0.14053665124446
0.14073052483855
0.14017719826202
0.1387030268361
0.1393957090662
0.13813838554431
0.13978399059364
0.13994114626135
0.1405921849158
0.13843277534332
0.14070739752743
0.14085623780611
0.13848045620301
0.13738453946851
0.14047915264255
0.1400813444137
0.13773451715924
0.13733401277613
0.13831212268748
0.13936004256766
0.13999395760132
0.13883498808594
0.14085185915819
0.13863830463062
0.13871628893037
0.1382166409967
0.14046425530522
0.1374627366388
0.14114803138848
0.14129240225952
0.14109462986969
0.13841089445127
0.13989113073816
0.1386893831511
0.14097094455638
0.14008690275802
0.13890619261221
0.13985806163914
0.13882003066522
0.13927521631496
0.14105412610227
0.14111903984974
0.1380628062307
0.13852550936337
0.14019626276213
0.13828019634235
0.13858105544687
0.14005263219251
0.14068358516602
0.13774847278484
0.13962063743154
0.14077424151042
0.14096517418193
0.13991855804141
0.13960203714532
0.13823593884651
0.13902688262397
0.13914048283171
0.13913472782071
0.13957357118471
0.13977370263248
0.13901273310691
0.13990143470942
0.1381122818356
0.13922503237468
0.14020830487906
0.13889437998837
0.13743454972111
"n_500_d_40_tr_20_a_125x125_idx_7_p_mprt2"
0.13489636271525
0.13621800575971
0.13541673000792
0.13478817888743
0.13564323413307
0.13636038663022
0.13633756001291
0.13584539222415
0.13650838467232
0.13675947794306
0.13626526611305
0.13651619204267
0.13723611718977
0.13662591794169
0.13597501092008
0.13523255037769
0.13608838445209
0.13721404540842
0.13522852926793
0.13714310185446
0.13592404610988
0.13537865635739
0.13644915912707
0.13546683121462
0.13679888006017
0.13509689102299
0.1357548779611
0.13622438696564
0.13758990377223
0.13609892765901
0.13710988997985
0.13553361077671
0.13723410309238
0.13705057147347
0.13545548814685
0.13552059177617
0.13791674076524
0.136798629062
0.13638031083072
0.13568202478052
0.13497157792295
0.13647759638401
0.13601813518277
0.13579348708749
0.13694546420336
0.13669747084443
0.13452149560327
0.13487252117004
0.13785223780944
0.13733089539289
0.13348950557609
0.136851248745
0.13629406511681
0.13603845088786
0.13612010954346
0.13691266392452
0.13679718920898
0.13704824161108
0.13557712652194
0.13727029916812
0.1374513801773
0.13377743656811
0.13732889838106
0.13689275250627
0.13650291868609
0.13631581943743
0.13716477943753
0.13732217408569
0.13494463085101
0.13556088375155
0.13578515316908
0.13397985481615
0.13762657002088
0.13381578381237
0.1375822215236
0.13685752070898
0.13756687367941
0.13631245862525
0.1370444612691
0.13685711211538
0.13705232649635
0.13494217266039
0.1361167703346
0.13343490345138
0.1371603451892
0.13761767977615
0.13611660945093
0.13706872111444
0.13567590771879
0.13580068865839
0.13531096182483
0.13742921275816
0.1367469238084
0.13651114396358
0.13634915795099
0.13679595717614
0.13474992290086
0.1375893019134
0.13687643826471
0.13684925548046
0.13714977372097
0.13644350113758
0.13542226706905
0.13583601870157
0.13586677775417
0.1364122919565
0.13638286306153
0.13601409591441
0.13454778818695
0.13776353612148
0.13674779654251
0.1358545749177
0.13745128797699
0.13602283941671
0.13535301718697
0.13610233291359
0.13177876551146
0.13722892897962
0.13636967136249
0.13730320041044
0.1358265415099
0.13708343022816
0.13677822521904
0.13524527971861
0.13694377083007
0.13663257433289
0.13656082223551
0.13505930878881
0.1350444140053
0.1356671563064
0.13446312839109
0.13647566976095
0.13725699093299
0.13709778421773
0.13597035917871
0.13723507415278
0.13672709869668
0.13750044877906
0.1370766847399
0.13631514938755
0.13739172094875
0.13509114347419
0.13615182003039
0.13672964027538
0.13651842782148
0.13601001584552
0.136655973507
0.13518866161701
0.13574483854526
0.13586157395703
0.1371527471104
0.13685759449528
0.13732614762643
0.13522688062597
0.13741669841441
0.13671032215515
0.1363889712594
0.13725472843768
0.13443592216149
0.13522451308911
0.13558286634222
0.13614420543229
0.13667684523098
0.13734171204716
0.13727060285782
0.13510912484337
0.13584023409733
0.13576157020897
0.13680883675033
0.13664052963737
0.13697819620524
0.13718205573336
0.13512549268516
0.13629449810186
0.13698530460322
0.13661190459954
0.13663679365675
0.13718424632582
0.13688126253693
0.13619338923564
0.13590108727193
0.13498420316721
0.13551180128232
0.1348945833395
0.13692985067872
0.13764477902539
0.13504906957437
0.13629409949158
0.13547620299547
0.13556828640692
0.13560585433469
0.13446244740604
0.13494016886838
0.13673107762057
0.13671610015727
0.13688967013305
0.13747835191339
0.13676554123149
0.1359629336393
0.13652417822787
0.13676890974476
0.13418222229992
0.13701103404616
0.13621272810991
0.13752189859386
0.13730669487951
0.13584066925409
0.13630774227836
0.1360101882423
0.13723943774103
0.13653371680005
0.13750974294872
0.13546449003469
0.13578445601026
0.13652548674544
0.13544929921629
0.13699677857883
0.13716302379047
0.13608988250361
0.13633111902045
0.13697998658746
0.13621251334349
0.1371041145736
0.13691712471737
0.13649705655023
0.13720523982065
0.13679120881196
0.1376011949715
0.13697152595857
0.13706577396871
0.13696190583382
0.13722485838434
0.13697359688083
0.13498615637194
0.13368430046891
0.13511181659093
0.13420234930546
0.13713185959938
0.13640454724685
0.13594439418469
0.13450117742191
0.13631965211505
0.13693174345646
0.13433113467632
0.13704910410927
0.1370862602747
0.1373331428122
0.13528734635314
0.13462937154481
0.13728470564351
0.13555954795329
0.13467971880487
0.13501677297436
0.13715625314899
0.13528355657196
0.13665421252303
0.13663248765463
0.13720991477407
0.13359846147947
0.13713466766432
0.13723405928613
0.13528397610909
0.13784752845546
0.13724797202984
0.13709818084613
0.13478670852085
0.13359161184715
0.137005056992
0.13633971502343
0.13588986363341
0.1371041311759
0.13590877591165
0.13761035078344
0.13648079742945
0.13721026824572
0.13670787208289
0.13702538704459
0.13671972409542
0.13515944600661
0.13581555291249
0.13589044324286
0.13735696329787
0.13590945848141
0.13675834567734
0.13589137302577
0.13535014778133
0.13628267828261
0.13608390075238
0.13589647270743
0.13237280336425
0.1371290023584
0.13462541088456
0.13403211026279
0.13666090989393
0.13613769230557
0.13663580793095
0.13558970587034
0.13634509952109
0.13562844307085
0.13734200215493
0.13577499319809
0.13745920613041
0.13617769400198
0.13509690318443
0.1351719293251
0.13451470331319
0.13473257066715
0.13393269833676
0.13375249300426
0.13428726716937
0.13388603113256
0.13556373835836
0.13734534670096
0.1368025772115
0.13651032516242
0.13579651733513
0.135084272411
0.1345274035167
0.13679169698862
0.13525605150354
0.13451972367562
0.13515585273888
0.13530258415467
0.13269930784958
0.13564136174862
0.13402396759659
0.13484007629332
0.13694137669694
0.13565453555397
0.13702930879022
0.1349134167794
0.13472515073593
0.13330333492293
0.13211659758139
0.134777688889
0.13590637362734
0.13646077181482
0.13677352948864
0.135273620408
0.13483608214318
0.13376801709047
0.13623431652955
0.13569165906826
0.13660181892497
0.13668741506634
0.13774483049551
0.13529991364787
0.13609831211168
0.13571975944452
0.13523109403017
0.13501956928121
0.13423898656713
0.13612048493219
0.13631120904362
0.13721691160589
0.13751457375453
0.13647406263367
0.13509591897936
0.13535432346363
0.13757574578263
0.13612753577645
0.13584926534483
0.1370693454208
0.13719703581324
0.13565699257698
0.13710784174459
0.13730436575474
0.13730342698491
0.13677414572353
0.13510332295513
0.13531189218294
0.13621655949654
0.13695334146718
0.13793840014403
0.13700838314901
0.13686124191589
0.13579983159638
0.13765432076935
0.13703867962378
0.13684528501285
0.13665984484567
0.13633845514322
0.13607252846798
0.13618405542617
0.13766274589094
0.1375262242015
0.13707968741851
0.13464595028197
0.13731462036564
0.13505245674057
0.13687827931636
0.13385271403054
0.13579915735902
0.13646164838585
0.13625908586879
0.13484350372839
0.13660275488704
0.13677672575437
0.13687033159061
0.13600126627887
0.13635266970771
0.13723772302099
0.13612219618677
0.13700012038193
0.13628256016144
0.13637006003532
0.13613141390015
0.13673152050843
0.13667816906321
0.13773730933764
0.13703521140448
0.13677493768518
0.13624557671583
0.13756533450772
0.13539712459133
0.13587545254978
0.13747749254848
0.13589653917598
0.13419916172541
0.13490543040643
0.13533039170756
0.13606968435985
0.13629325174518
0.13451339472779
0.13663818124136
0.13486473207632
0.13475247528326
0.13401513097335
0.13689026089537
0.13720249022602
0.13496386640977
0.13577855807147
0.13714378967596
0.13709223065168
0.13657214025353
0.13437218788755
0.13542736216929
0.13622411323733
0.13536064834325
0.13575386161827
0.1364915698815
0.13316570218964
0.13492038306847
0.13454051280133
0.13597102495
0.13496402476169
0.13728258782071
0.13725891298113
0.13589652270423
0.13421725618992
0.1369882941154
0.13494833992227
0.13631543633056
0.13400645655087
0.13479512738366
0.13674432052756
0.13560340754417
0.13676910664017
0.13449924232224
0.13601779851307
0.1359537418755
0.13578358368486
0.1374937655541
0.13280517937976
0.13363347541779
0.13438023694025
0.13143230177622
0.1327605641084
0.13379860279733
0.13727228622927
0.13414393333956
0.13286169035829
0.13407239896026
0.13486754598095
0.1323715178764
0.13497667100467
0.13488564223249
0.13465406895626
0.13492612200769
0.13302630834269
0.13636815387113
0.13631046580851
0.13740972469446
0.13643348237157
0.13653137424384
0.13739406586425
0.13632663270932
0.13571483146962
0.13615212119007
0.13654469816705
0.13429805149566
0.13537181500599
0.13478184948692
0.13506241094209
0.13472040747857
0.1343792373678
0.13622155195284
0.13727381280282
0.13375963932693
0.13340784404454
"n_500_d_40_tr_20_a_125x125_idx_7_p_probflood"
0.13839075581642
0.13874242261681
0.13742327256753
0.13818252471379
0.1385239486754
0.13802004456672
0.13805098652978
0.1389488327747
0.13808500891457
0.13781515106942
0.13789218094071
0.13902387158392
0.13868428638205
0.13831595733682
0.137479632995
0.13807329250756
0.13789672529667
0.13860092512908
0.13855490976087
0.13863506063292
0.1378018172951
0.13749725851032
0.13886120827583
0.13702786642926
0.13863421796406
0.1373543879804
0.13751384029579
0.1386855681339
0.13855920507303
0.13858358251818
0.1388558382196
0.13716421308274
0.13843807514994
0.138817241517
0.13753310705389
0.13825100298091
0.13878045800144
0.1384745511517
0.13777845244398
0.13690267045969
0.13843001020333
0.13871144646462
0.13766100905132
0.13756524495835
0.13879680803133
0.13881917475575
0.13857320483693
0.13782425433416
0.13878767025999
0.13868647282737
0.13636792932881
0.13856763685876
0.13879813170374
0.13817629539317
0.13738022501864
0.13873827963466
0.13887254178207
0.13903065445125
0.1383104828617
0.13850554025445
0.13825309222084
0.1362766248299
0.13923459855426
0.13852202377708
0.13821404498544
0.13773192927892
0.13901302240599
0.13895486567877
0.13775403770897
0.13722563452264
0.13766376892154
0.13719072145073
0.13886168397406
0.1373247598143
0.13869309612019
0.13861944410353
0.13861268721318
0.1386882866725
0.13884293590728
0.13863882961075
0.1390215046785
0.13859253788894
0.13857378029844
0.13720168927285
0.13867573685353
0.13868814162555
0.13778365825504
0.13857039161149
0.13790880438178
0.13856381656027
0.1374193511855
0.13897690742436
0.13854492971917
0.13879079523735
0.13840212940521
0.13825337870446
0.13798580358536
0.13877350893298
0.13846941831159
0.13877147863396
0.13881086054913
0.13827148669888
0.13764705196857
0.13871522117822
0.1379547774871
0.13807457785958
0.13893086955648
0.13777626990519
0.1372225834036
0.13882533611987
0.13859082486649
0.1376480126156
0.13867703128116
0.13778487793139
0.13738898323815
0.13855324893411
0.13656677799599
0.13908271054723
0.13851662762987
0.13844373968519
0.13854764870379
0.13828380418114
0.13827662338555
0.1371643908871
0.13879516736515
0.13851839710303
0.13845705886821
0.13755001024068
0.13669983501466
0.13873284324067
0.13667797755475
0.13783548335086
0.13842504630446
0.13921724524858
0.13871465006684
0.1384804364063
0.13833204480956
0.13896505814921
0.13884214354651
0.13881924149156
0.13861949174895
0.13885221782813
0.13792447092134
0.13793146082971
0.13772634261854
0.13774088755391
0.13873810664234
0.13652933749782
0.13828933255628
0.13856271666305
0.13846777784394
0.13849846667011
0.13877733931699
0.13735529934279
0.13861401524539
0.13843654911065
0.1380607051923
0.13880955657684
0.13791548382261
0.13811084389158
0.13721359923421
0.13800617876322
0.13844083302589
0.1387014706825
0.13902809965331
0.13742740851663
0.13826090661898
0.13757715207209
0.13889118034031
0.13824588485667
0.13844809164332
0.13833064911619
0.13773865057899
0.13780120800195
0.13856055694951
0.13867919592295
0.1381574118437
0.13825575814027
0.13895961916729
0.13884354189815
0.13801079303598
0.13766546111901
0.13751910692368
0.13734486485086
0.13843829555672
0.13871447229238
0.13735183822255
0.13878112925024
0.1390382047346
0.13793071174966
0.13718860761467
0.13708676823465
0.13726257888426
0.13836717297524
0.13879482401132
0.13841281300031
0.13830186888485
0.13898679692845
0.13903327888537
0.13838919393052
0.13922015515221
0.13790145812464
0.13819441463222
0.13850344037896
0.13846618379942
0.13886370165082
0.13789638529028
0.13873030686816
0.13917121380863
0.13864247804375
0.13862581356743
0.13871714170931
0.13876612825657
0.13874519694582
0.13878776539555
0.13769926800671
0.13926065030011
0.13895912959044
0.13831410464725
0.13816827215335
0.13874030508399
0.13810529929457
0.13896118119673
0.13869042450586
0.13859719859623
0.13861961622126
0.13860740136005
0.13916521508764
0.13886907564308
0.13826371724287
0.13928273713025
0.13847633951906
0.13881749773657
0.1367768757535
0.13744102048556
0.13700140673435
0.13644219033251
0.1384121615724
0.13767096699847
0.13853545171578
0.13628204950766
0.13869019241566
0.13851342701789
0.13711044339878
0.13818857183999
0.13885269880026
0.1389511786373
0.13656553708819
0.13775532264194
0.13854584313372
0.13838583721763
0.13836473087414
0.13873705609404
0.13885298220296
0.13758217511673
0.13883371452292
0.13848057969975
0.1387002779256
0.13616735137369
0.13867411089365
0.1384669939899
0.13761807584968
0.1387022657252
0.13856801875583
0.13863257023059
0.13684406730038
0.13643875019631
0.13889102618637
0.1383781112127
0.13814328392584
0.13894850614681
0.13820499184555
0.13859060795017
0.13842818361557
0.13839391202009
0.13838097661103
0.13844147994203
0.13823169160079
0.13666494920377
0.13860957056514
0.13811714810509
0.13852852200306
0.13810330227044
0.13872797416627
0.13827835920804
0.13772958122182
0.13837390332011
0.13818305894031
0.13866222965554
0.1378480211553
0.13894268779673
0.13611850326362
0.13579394698809
0.13859535823993
0.13870727885045
0.13886870325624
0.137228621627
0.13856150249872
0.13710373978071
0.13873059570802
0.13820095888775
0.13842118171244
0.13817108160604
0.13746110962015
0.13747222471884
0.13667168162123
0.13686343991504
0.13614884499037
0.1378516544881
0.13808935524439
0.13719722816052
0.13743674687667
0.13868001365025
0.13838249362716
0.1380374451139
0.13762318538906
0.13695498047791
0.13834767074106
0.13892280136106
0.13801388874079
0.13641949083229
0.13832106931704
0.13720539479738
0.13674787091119
0.13834928400856
0.13615315463041
0.13819635474907
0.1382222029652
0.1373297180669
0.13840192455873
0.1373415636213
0.13744171160918
0.13544832923575
0.13704753666279
0.1371775780529
0.13831403332347
0.13865748330768
0.13776518051446
0.13816647524997
0.13692490871637
0.13685053781349
0.13776834444324
0.1381508866903
0.13845372498107
0.1387102961177
0.1387023227979
0.13752309893289
0.13856735015836
0.13822864479887
0.13758787020625
0.13870018822884
0.13691265610947
0.13882167994603
0.13846354378775
0.13867923697637
0.13840779658261
0.13868202258297
0.13702042369679
0.13731116137652
0.13865438301864
0.1384783785894
0.13847630969824
0.13896821358345
0.13881698322769
0.13914263358305
0.13889625169938
0.13880306440466
0.13875678128467
0.13843669788201
0.13714703518711
0.13889547851496
0.13868349942209
0.13857804817098
0.13886868283057
0.13868645067706
0.13858393362805
0.13866074125449
0.13874813581916
0.13876601603014
0.13882411594861
0.13853109387208
0.13858056520521
0.13746382739016
0.13826564657506
0.13884206551456
0.1390869971899
0.13867936323147
0.13819777540095
0.13862243678689
0.13811371109101
0.13864166532904
0.13745733083035
0.1377021452745
0.13826396543347
0.1383298824407
0.13835100926756
0.13810482406131
0.13900209995394
0.13873571253393
0.13750770902024
0.13816068728176
0.13877225835063
0.13868019749452
0.13839693028689
0.13907356281105
0.13844285757387
0.13863129290524
0.13851507387846
0.13841434754248
0.13854280747807
0.13873072901455
0.13880113231459
0.13855870998225
0.13879374475675
0.1385798637945
0.13777717657674
0.13882938167422
0.1382310966415
0.13597293211693
0.13776800253487
0.13742007062843
0.13848706564585
0.13822844094311
0.13707205506029
0.13863577519657
0.13697728969224
0.13848166718087
0.13718733028666
0.13845072347829
0.13858901699617
0.13802180869354
0.13814232309696
0.13869179701958
0.13868682155248
0.13882261077858
0.13809711214695
0.137515856353
0.137848245777
0.13836258869606
0.13768058434172
0.1385394401784
0.13658575322224
0.13811463735841
0.13667203909987
0.13883192890627
0.13841672573399
0.1388818414393
0.13905115107453
0.13901493301783
0.13697484862347
0.13903436644456
0.13817523693355
0.13807651842424
0.13716927745512
0.13680088186204
0.13821595063636
0.13747299034482
0.13814498756721
0.13689915508675
0.13807474937044
0.13748491625344
0.13824313833419
0.13879403326007
0.13685247935335
0.13691861547234
0.13653067375634
0.1358121176084
0.13676134500453
0.13570688113904
0.13872704591681
0.13599209717839
0.13562675945134
0.13660362065844
0.13694914227937
0.13648867591625
0.13658459973757
0.13835674272778
0.13661328874503
0.13673367868195
0.13596697169885
0.13827646252968
0.138582213229
0.13867328064283
0.13757317758349
0.13789201459567
0.13866502680008
0.13823212269055
0.13752931041745
0.1379613988659
0.13810743501034
0.13654466517316
0.1374482537984
0.13746947919162
0.13743692292043
0.13817126083339
0.13660784785699
0.13747848137849
0.13838882610993
0.13743409255761
0.13572441535005
"n_500_d_5_tr_20_a_354x354_idx_0_p_abba2"
0.12956142707644
0.12753947568888
0.1315880276019
0.12871915179836
0.12880459891969
0.12947353631178
0.12591308806871
0.13110020982283
0.12926660086636
0.12926187824526
0.13168094078891
0.12957171221081
0.13113268202666
0.12949154639146
0.13018230859349
0.13094516544279
0.12929494051306
0.12892031075441
0.12789152618563
0.127000704
0.13193328389036
0.13033027653222
0.126064128
0.13171425510674
0.13022240323654
0.13030347440089
0.13024640307696
0.127131136
0.12827947973804
0.1316507419276
0.13134745998649
0.12639364036768
0.12928632923372
0.12793216022413
0.13195602200492
0.12959607597476
0.12736997415192
0.12630263226308
0.1318759109407
0.12802676910057
0.1303211301102
0.13163021176488
0.1308010727634
0.12851851123553
0.12852339449421
0.13132622874223
0.13113519289304
0.12865572669595
0.12881278045184
0.12876928025845
0.13083135240113
0.13116639381054
0.12867932384444
0.13092882587725
0.1276737263104
0.12796236821469
0.13073803706815
0.12829580808263
0.12893465619459
0.1279722522175
0.13098917611142
0.13027446675178
0.1286871199356
0.13065044333623
0.13008998431066
0.12863948999453
0.12965977625693
0.12958747147827
0.13157429645448
0.1300229689774
0.12848940713702
0.12828285935929
0.13002048031583
0.1294289748183
0.12796789026326
0.12846067454963
0.13114642022454
0.13129204600935
0.12802752124493
0.1308545647535
0.13071367315145
0.13046741927357
0.12818088735062
0.13058996857321
0.13032351752072
0.13103898007432
0.13109659010282
0.13146992234404
0.13071240123799
0.13098040796139
0.13015787027717
0.12832591874855
0.13175914941072
0.13064070004818
0.13000384021595
0.12904404668266
0.12815572350072
0.12891517388665
0.12833821279977
0.1284058886128
0.12871468006967
0.12915663264752
0.12865151442355
0.12832908830177
0.12983001254994
0.12743316711773
0.12819110426295
0.12836545599794
0.13186356985398
0.1291292161987
0.13013587275134
0.12926794902731
0.13119908128172
0.12921424243411
0.1309234008352
0.13005907332494
0.13017849321842
0.13090714784383
0.12894515210167
0.13073636698867
0.12726784021447
0.13118799258741
0.12817113620104
0.127451904
0.13136027321883
0.12860797997171
0.13070856769106
0.13168231157614
0.12867291911011
0.12898955790637
0.13023044115568
0.13074522713008
0.13106179809749
0.13160326536355
0.1289512689309
0.12850011876308
0.13108161797334
0.13125491277493
0.13006376975111
0.13136252205151
0.1303996201049
0.13116210266254
0.12939695109688
0.13119141509274
0.13168430921548
0.13094106496357
0.13091917307061
0.13188508492068
0.12866166185824
0.13174782375889
0.12835743437868
0.13163628797937
0.13143273444662
0.13014588873658
0.12814316258806
0.13135817846338
0.1284683247353
0.13065922438337
0.12933091049018
0.13176156813563
0.13112445900272
0.1314109692956
0.13044722312674
0.13170713642161
0.13153466625139
0.13084874305463
0.13056977152033
0.13161961216587
0.13115608982959
0.13097901969838
0.13083521336897
0.13006259326354
0.12956992119525
0.12928716144231
0.12941076275936
0.1304531140667
0.13098560091049
0.12875955753552
0.13064955600344
0.12900019390001
0.12938501868874
0.1271624410941
0.13123337433235
0.12975308985949
0.12892925035854
0.12893587862391
0.13002912222346
0.13014924819788
0.13070512019421
0.13021658712406
0.12982275777208
0.12923383138726
0.13051970696582
0.12973656233844
0.13074760316931
0.13110131720471
0.13085196177937
0.13113820145545
0.1303450888087
0.13014725170101
0.12936451300448
0.12951107774938
0.13024714680896
0.13048230446297
0.13003491177451
0.1307682118865
0.13035761219616
0.13088734710743
0.13022377134363
0.12614272030348
0.12739020805927
0.13032121680948
0.12769945625094
0.13180514859487
0.12854849602353
0.13070489029806
0.13064392553973
0.12846068803271
0.13103404263808
0.13044516231339
0.13130733614597
0.13043282658478
0.13011762621294
0.13150207884965
0.1273162217375
0.13167439843354
0.13103804523015
0.12757208411936
0.13139183098753
0.1273789420131
0.13129678024852
0.13039015001345
0.13093592186649
0.13064626890478
0.12933678952309
0.1317719693114
0.13064397829207
0.12898675216206
0.12882995270014
0.13204788099008
0.12602803223279
0.13151376578056
0.13149009595001
0.13042916236469
0.1302596353661
0.1272645328337
0.13183585110905
0.12944746845323
0.13033794806495
0.12768961194226
0.13162400375593
0.12924919779165
0.12862473544355
0.131541942652
0.13092562855904
0.13161652472413
0.1280968994709
0.12946055787226
0.13122725082577
0.13097045846758
0.13144437575838
0.12876582427201
0.13131043574762
0.13096677084636
0.12833382409719
0.12839475203394
0.12835929651875
0.1306306832693
0.12786720539905
0.12819798109698
0.13042757672438
0.12753238022953
0.13144630778798
0.12815504994037
0.13133520480758
0.12790227994885
0.13129108447395
0.12778070034591
0.12722517643063
0.12869638538418
0.12924792180214
0.12721263263784
0.12752000039935
0.12953117246554
0.128178915644
0.12712546472156
0.12736051240155
0.12787456015292
0.12848998428754
0.12824102457769
0.12732121630956
0.1282304513061
0.12649748272201
0.12621349074037
0.12644137745174
0.12636659421621
0.12643648
0.1292286721511
0.13111654356259
0.12789414423253
0.12929654186571
0.12824102492254
0.12756940821328
0.12914239951489
0.13104520403807
0.13013844151471
0.12670067217259
0.12783444121819
0.13140904561383
0.13034020418032
0.13017470942613
0.13114560970288
0.13094718033371
0.13069035740282
0.13101534939044
0.1307113212844
0.13165930410469
0.12969112414106
0.12924683794605
0.13007576806388
0.13080183796508
0.13057493136253
0.12986284650853
0.12760684634967
0.12530359214587
0.12864030873714
0.1302121580877
0.12831590427127
0.12837633312141
0.13053321948111
0.13033589883264
0.12829547532069
0.12821397700443
0.13067872148096
0.13078106608601
0.13076349258868
0.1282900483097
0.12996498472446
0.12832030764143
0.12686489614052
0.12790126246733
0.12696704025403
0.12771873529018
0.12763494402111
0.12763850935765
0.12738676123642
0.12787008031791
0.12771335928005
0.13040829504686
0.12758987616798
0.12913752583998
0.13113740406863
0.12830336071214
0.13087641617353
0.12952023469751
0.12748399156466
0.12923069838724
0.12899524983287
0.12800909755546
0.13073064924893
0.125058304
0.12886024286395
0.12903903153796
0.12824507480517
0.12996130352498
0.12863725781856
0.13113931569604
0.12829912082588
0.12881860060179
0.12810088727589
0.12721651231471
0.12729635417616
0.12857453830877
0.1283508483195
0.13060842462626
0.12931987593293
0.12523225644568
0.12854272011871
0.13010567036695
0.1256384
0.12994197699152
0.13015637899803
0.12928939083385
0.12780083229672
0.12988768464396
0.13099951488321
0.12991628819961
0.12971354068405
0.12926387683881
0.1296313076023
0.13106610820678
0.12953671563316
0.12930375009444
0.129675136
0.12933421952766
0.12782587128575
0.13045313110591
0.12941095391558
0.13150872973319
0.13028865116223
0.12798265237987
0.13125743537757
0.12751074499234
0.13046482133598
0.13050513670429
0.12884683094404
0.12999251869916
0.12991180823464
0.12920566443628
0.13007164652454
0.12982896159735
0.13006517724161
0.12710259227232
0.12775746817142
0.12772098797765
0.1279510042292
0.12804736002252
0.12719577634881
0.12577152014119
0.12816108525061
0.13100459521683
0.12941554920461
0.12929946173094
0.12856349394037
0.13123354013439
0.13069967652886
0.12920012828618
0.12899865624019
0.13084236812607
0.1309646988179
0.12914560201355
0.13039224231756
0.13000394736845
0.12990880958344
0.12939878465622
0.1302374686214
0.13065395538074
0.12978496005855
0.13028862028828
0.13011609628746
0.12678579214923
0.1298906269407
0.1309689226567
0.12851963472017
0.13011394279459
0.12716264321495
0.12780953634435
0.12783104021277
0.1272885762035
0.1278261770211
0.127598848
0.12915525294077
0.12933250477709
0.12947586451402
0.12948717562985
0.1303189866338
0.12972139409723
0.12894571435371
0.12988434022561
0.12923166632672
0.12850652011671
0.1298814615021
0.12711245943743
0.12858663936226
0.12497958426959
0.125042176
0.12861710144535
0.1258856960902
0.12924672042427
0.12993390090136
0.12861893833071
0.12925886195258
0.13085992777107
0.13070344948059
0.13139217646499
0.13035284609031
0.13177765675155
0.13131657041141
0.12708812936051
0.12829634345025
0.12672665601417
0.13129014540687
0.13136540917466
0.12732403213122
0.12948121889857
0.12902835322292
0.12803468828802
0.12907916299459
0.1310053357619
0.12944627341003
0.12819046430615
0.13003202303262
0.12464192008417
0.12439936
0.1259724802268
0.12768371262347
0.12691507225403
0.12982297632611
0.12893383661377
0.12887356875798
"n_500_d_5_tr_20_a_354x354_idx_0_p_cds3"
0.12411139265702
0.12428083310363
0.12404428918715
0.12427304875248
0.12367783236899
0.12370649645804
0.12349520800524
0.1242930177399
0.1242682884693
0.12391360030828
0.12389914452536
0.12457024039742
0.12413133631032
0.12395981578226
0.1240077124528
0.1233849684458
0.12369302572593
0.12430451275236
0.12324787223493
0.123144192
0.12373065757589
0.1241398029719
0.12307072
0.12423541630483
0.12354201744066
0.1239715842255
0.12374835359369
0.12322163229566
0.12368271303896
0.12427517670109
0.12400602516084
0.12323238454099
0.12445477025581
0.12418165648462
0.12334976034503
0.12442231516805
0.12357030414277
0.12358323232936
0.12343232015705
0.12412469635261
0.12387267153192
0.12434669798636
0.12394050479675
0.12407091247739
0.12439056447582
0.12326105629266
0.1237597443592
0.12454838507642
0.12372064147981
0.12411625944503
0.1241680662098
0.12450396913962
0.12383163975069
0.12346342655357
0.12383065647553
0.12368838486284
0.12392109943512
0.12426160100011
0.12385164822501
0.12382041690065
0.12374777695343
0.12400883427191
0.12352870461206
0.12402329670068
0.1239220804839
0.1244833879218
0.12372491499428
0.1236971520371
0.12403590480228
0.12411132924866
0.1248376671199
0.12428096080237
0.12363113674907
0.12448963361305
0.12361420823231
0.12395781444258
0.12416746497073
0.12363510491103
0.12394837388749
0.12416323358847
0.12442902548734
0.1240518737445
0.12440412870819
0.12396277936315
0.12359350933782
0.12365776096319
0.12377222730595
0.12437977822577
0.123921316206
0.12373805085842
0.12424166857838
0.12477203504676
0.1236044805296
0.12371539496212
0.12402844954123
0.12381956318091
0.12374624082848
0.12438457777419
0.12393152146105
0.12395363555409
0.1239368008644
0.12343718785727
0.12428313920098
0.12454566566535
0.12399221616096
0.12389350450515
0.12417007275912
0.12389750389596
0.12437952038925
0.12410716873774
0.1241702403185
0.12446035321977
0.12450088902282
0.12395449903012
0.12408345684557
0.1239769849711
0.12375622557582
0.12379289642407
0.12355506324362
0.12393868916519
0.12427139247248
0.12363728297818
0.12439263288566
0.12438532104119
0.12460931274929
0.12388880088092
0.12413315606553
0.12387472023189
0.12386484078014
0.12435632201185
0.12423644887577
0.12402397088126
0.12393625640672
0.12423339340167
0.12416912073253
0.1242100487362
0.12448243327564
0.12409446464195
0.12391040091219
0.12363264042092
0.12424108999239
0.12376512053926
0.12347139281075
0.12480365062403
0.12467116990904
0.12415916303172
0.12372377731292
0.12406812895312
0.12347737624159
0.12410889693901
0.12382755295293
0.12430727955845
0.12377436900766
0.1240353602953
0.12424332943811
0.12475651311416
0.12355072201074
0.12373280077511
0.12414691329542
0.12408729289535
0.12405875229496
0.12458035344304
0.12420691293276
0.12466451357736
0.12362128002236
0.12460355457293
0.12416806520423
0.1247963325415
0.1240720653904
0.12414979363516
0.1243756530098
0.1238575962947
0.12411844166719
0.12445219302367
0.12417018626264
0.12431216029464
0.12436171746656
0.12453163775397
0.1243607785862
0.12366131237597
0.12429286416691
0.12430532281149
0.1241793521297
0.12327334414587
0.12463210701479
0.12353336605626
0.12422745728831
0.12436265682175
0.12383370615966
0.12441427499848
0.1232654081367
0.12366784001893
0.12374924823548
0.12453443291567
0.12396937836319
0.1246306340432
0.12445956360761
0.12329126429457
0.12342912038625
0.12408873640484
0.12370905666894
0.12474329721698
0.12371507243805
0.12341875217764
0.12400272083326
0.12456570981829
0.12430787352282
0.12376297687611
0.12479950857639
0.12438678623509
0.12354095150851
0.123736608971
0.12348249639404
0.1232454400671
0.12410174579803
0.12328537614014
0.12414928031986
0.12324364819322
0.12423273027485
0.12374438452208
0.1239107119728
0.12430968139217
0.12325440020735
0.12405916099208
0.12417715372517
0.12401182480517
0.12406121804881
0.12436249960574
0.12379869591356
0.12382992091894
0.12382108869368
0.12438854838852
0.12375837051379
0.12451339478104
0.12423577648269
0.12398391535828
0.12388028036614
0.12397260825042
0.12365771947067
0.123830176807
0.1233845762929
0.12424278595206
0.12450361837434
0.12329651213992
0.12457491369675
0.12463614110617
0.12418573155823
0.12451772086872
0.12354841798335
0.12437653471619
0.12368064043057
0.12450832832158
0.12368461066932
0.12461916935425
0.12445033671343
0.12385484886941
0.12405056084618
0.12366784020526
0.12373264080507
0.12414070670509
0.12432667960844
0.12385996847129
0.1238716850917
0.12397123260569
0.12386521622322
0.12413504074221
0.12417420849818
0.12365196828559
0.12369676820174
0.1240992970288
0.12393913893641
0.12324889612746
0.12361190438844
0.123327104
0.12413760162428
0.12302323215842
0.12399539272332
0.12328448057824
0.12352844839333
0.1234378244864
0.12354115241083
0.1234576969145
0.12389817693965
0.12342262440894
0.1235888964161
0.12408422566911
0.12389993711476
0.12362227238721
0.12356851235371
0.12340892849505
0.12343232050491
0.12347033611659
0.12432819357496
0.12370700893447
0.12364416121938
0.12379212974248
0.12350899346027
0.12348429015639
0.12348646443588
0.12427558484321
0.12462855379066
0.12410746021286
0.12426348855842
0.12361859310298
0.12373235223787
0.12355267240672
0.12338880017687
0.12455376116056
0.12354342387526
0.12373273609414
0.12428611254783
0.12431097697455
0.12461564946031
0.1247140159773
0.12395897804271
0.12474758516407
0.12405481779093
0.12406204961766
0.12465577727709
0.12394230482533
0.12335923220583
0.1235653773898
0.12411381051482
0.12400809752202
0.12325427205863
0.12377677005116
0.12353321315427
0.12444096074452
0.12390899594212
0.1246597146967
0.12338470475766
0.1239269140582
0.12446998605998
0.1236104018104
0.12472340509348
0.12484003314155
0.12446051285527
0.12334070506492
0.12422240159083
0.12312716805621
0.12439120487745
0.12349337606811
0.1243600648326
0.12407430539831
0.12421379305252
0.12331651280681
0.12333529631721
0.12376075758865
0.12436214473961
0.12434739380728
0.12396480078291
0.12396236859306
0.12375628882232
0.12415872031556
0.12400940032817
0.12357814454431
0.12391631241957
0.12405067972646
0.12359824148987
0.12452547295331
0.122938112
0.1239472648079
0.12358579254429
0.12396556842918
0.12398915265081
0.12340697663838
0.12393040077391
0.12378278460362
0.12426124958823
0.12425907441058
0.1237741477501
0.124049792351
0.1241797774107
0.1236609285921
0.12317465661997
0.12320243228893
0.12338073653267
0.12361433629467
0.12333107253443
0.12359705634121
0.12324313633451
0.12363404880168
0.1238707846153
0.12451875321599
0.12306982413938
0.12309977620049
0.1233226567426
0.12397926452184
0.12409155247083
0.1240560648155
0.12402240049076
0.12384732891865
0.12413385738661
0.12380444909584
0.12404240062799
0.12322534412403
0.1234753281899
0.12331148815734
0.12371817574957
0.12389916811886
0.12388406410972
0.12442982427108
0.12393907281763
0.12430364973124
0.12428438518607
0.12419868901198
0.12414032061703
0.12399910507043
0.12414694509811
0.12365280013205
0.12365929694411
0.12354614623225
0.12320908825537
0.12394874710922
0.12336998423073
0.12374003245493
0.12346989206358
0.12462336078305
0.12321984043603
0.12337753640339
0.12333273625359
0.12339904040675
0.12371497669454
0.12329792014119
0.12367065633441
0.12405184022098
0.12408131246552
0.12392307245115
0.12350982525933
0.12401651357173
0.12413900831751
0.12443497770921
0.12471370713181
0.12449888105045
0.12433254643864
0.12399277087882
0.12305433624847
0.12437775181047
0.12360156961738
0.12392679511567
0.12461622810112
0.12431312100626
0.12349827257493
0.12316966412859
0.12394857681907
0.12339571207234
0.12354803227136
0.12341939243551
0.12386547240915
0.12368950430206
0.12401593605437
0.12359910595001
0.12377497643698
0.1243883533803
0.12365555223778
0.12439043344944
0.12397981092267
0.12402077121379
0.12357504041765
0.12424857623162
0.12361868816421
0.12420003315845
0.12293849764873
0.12345881789738
0.12304819232556
0.123230848
0.12349017649832
0.12348240090205
0.12388838460487
0.12397235616402
0.12404428807443
0.1230127362255
0.12413890473997
0.12439072170243
0.12417795333997
0.12428326514423
0.1243678631073
0.12381251374074
0.12376592151318
0.12412352043406
0.12371648090719
0.12334377695353
0.12339456036189
0.12384652800391
0.12367244895978
0.12360320049451
0.12320665656317
0.12374464032417
0.12376720085608
0.12421340944623
0.12360318631573
0.124332065163
0.123033088
0.12290048
0.1231517441327
0.12342617646294
0.12335219210161
0.12344515201171
0.12452742878014
0.12426589152481
"n_500_d_5_tr_20_a_354x354_idx_0_p_flooding"
0.13006362261908
0.12908230797128
0.13191680169294
0.12960906169067
0.12959194236661
0.12973075482128
0.12673424089781
0.13215491556571
0.12926342444435
0.12976878310568
0.13182492620672
0.12974355469231
0.13186563937069
0.12985183879732
0.1312547385179
0.1317834312071
0.13229054202845
0.12950944534217
0.12857133233138
0.12779177639569
0.13205956392419
0.1319546980253
0.1268543372259
0.13190544284889
0.13187994568945
0.1311820846003
0.13228108110835
0.12790630574046
0.12894445472673
0.131959658606
0.13199175399147
0.12740666702799
0.13214720885742
0.12872243598616
0.13196250435467
0.13207356346379
0.12814773656396
0.1274039148398
0.13187193220911
0.12880441933007
0.1321018314416
0.13173334113642
0.13212585491467
0.12906221872138
0.13002065052908
0.13052381233499
0.1312033005498
0.1310664788623
0.13099310634007
0.13099707456874
0.13069539889846
0.13054052275647
0.13132596477198
0.13117625733226
0.12900413689864
0.1309212329562
0.13225539134634
0.12950899378621
0.13057648224207
0.1287400442359
0.13157610226724
0.13134512241025
0.12860128373888
0.1305925806411
0.13161645146914
0.12986420120715
0.13119974467834
0.13225870770644
0.13151053832177
0.13206932860737
0.13034291854354
0.12953260984491
0.13161350869045
0.13111800281882
0.12882131701812
0.12980186435142
0.13195943127748
0.13188432754116
0.13009664401294
0.13181063100007
0.13165574816632
0.13159638710428
0.13008925889982
0.13183438081486
0.13123283719496
0.13241794188859
0.13231234093203
0.13225426277578
0.13204068512655
0.13207877101958
0.13262972187252
0.1295416344881
0.13176228949341
0.13221255664657
0.13108619793975
0.1276114272335
0.12958400589257
0.13153303125556
0.12960694822367
0.12959241934553
0.12938948584978
0.12956474279321
0.12933357874167
0.12956534781233
0.13050669606491
0.12903443806544
0.12938236964861
0.12887668288699
0.13179159782262
0.13082160163353
0.13167529119794
0.1299345686219
0.13258856541796
0.12927840695625
0.13172323596576
0.13168279545227
0.13146895777489
0.13093565151444
0.13076922206168
0.13165130887211
0.12966458008367
0.13179543458082
0.129891623204
0.12947760325779
0.13149905043273
0.1283109146844
0.1319586955581
0.13183844527211
0.130331852964
0.12856576348973
0.13093491089985
0.13042393890775
0.13168311178122
0.13183738935344
0.12979460011833
0.12999159413349
0.13106700611424
0.13150938108705
0.13057085298559
0.13151559113002
0.13159098642806
0.1321536147101
0.13011642424984
0.1318211617993
0.13230689189974
0.13163814459138
0.13131174905569
0.13171748067793
0.12983398158158
0.13213036911998
0.12990343325721
0.13156653703331
0.13159370425194
0.13167802251557
0.12989457049064
0.13203196937884
0.13001123091737
0.1317623152475
0.13000198330553
0.13213415713002
0.13168180261682
0.13225150208307
0.13173485408216
0.132212331107
0.13194957750187
0.1315576690844
0.13179124523163
0.13180296066753
0.13209778204994
0.13179220733226
0.13196257836486
0.1324309042522
0.13243767929636
0.13170969970132
0.13147962342582
0.13174869409902
0.13246097647871
0.12826880281605
0.13140063308678
0.13234348235587
0.12977210422557
0.12664883234067
0.13258327623963
0.13157222439834
0.13055258161905
0.1309493187367
0.13170282739246
0.13131909592493
0.13150586045529
0.13123808394248
0.13098314399372
0.13097431076369
0.13163751562842
0.13163981419103
0.13154000408966
0.13173214061464
0.13162870949306
0.13159485382793
0.13144269580332
0.13179591156598
0.13077942786258
0.13177088633192
0.1317030049215
0.13172916026488
0.13154000495598
0.13135981693186
0.13106661845378
0.13197978856844
0.13209697171446
0.12634681692671
0.12865868977149
0.13175063403318
0.12901724843506
0.13223668413827
0.12866173041531
0.13207575407856
0.13172071035299
0.12866972986238
0.13179012324952
0.13218873642746
0.13209795464374
0.13185239634577
0.1314260521341
0.13168954478811
0.1293462192515
0.13211911329173
0.13236792011035
0.12946823692545
0.13235082753809
0.12939802888318
0.13175598344815
0.13248228263818
0.13187536578256
0.1318690645093
0.13161862665367
0.13215944039971
0.13239748308601
0.13102113874819
0.12946240204443
0.13207627066761
0.12622938315788
0.13193226606731
0.13149027702592
0.13215106056897
0.13211361706988
0.12930842963142
0.13203172138083
0.12964554972836
0.13114262777786
0.1295246206864
0.13162118365939
0.1311041124802
0.13072500610477
0.1316260221294
0.13035638730408
0.13042253317215
0.13030415499653
0.13142457438548
0.1305155383946
0.13176586612044
0.13137885971292
0.13018693576119
0.13172528492597
0.13053010034215
0.12954653058876
0.12961449812471
0.12956045424571
0.13146003642256
0.12858630214134
0.12887722205158
0.13149463078305
0.12757990470793
0.13139360887728
0.12740851208804
0.13133981268434
0.12828476954511
0.1313537646227
0.12822422963639
0.1289334848393
0.12893712402084
0.12841629378678
0.12832821410091
0.12832470803401
0.12866518861116
0.12841654876715
0.12821894619529
0.12814652017249
0.12888975265188
0.12888829068262
0.12871546250576
0.12823497884537
0.12851744502121
0.12722272539313
0.12925501544395
0.1273604510067
0.12726474048529
0.12714764825301
0.12994615162068
0.13174077897046
0.12949359852567
0.1299988265067
0.12945706031703
0.12745104131474
0.13143315681154
0.13147290449924
0.13132147583623
0.12762752173733
0.12812416198768
0.13168046729078
0.13095703277588
0.13184154833707
0.13220790492218
0.13241176166511
0.13088567263636
0.13068893619386
0.13085594335535
0.13091348317106
0.13092163447477
0.12845069106376
0.1315939265596
0.13168637569437
0.13178585143226
0.13187571032186
0.13017182386332
0.12530615227004
0.12878426322599
0.13143127231334
0.12993479176141
0.1288144450952
0.13184609229645
0.13152837868003
0.12832966651708
0.12883581652786
0.13161344804687
0.13181387760021
0.13147578120872
0.12963789819034
0.13130339940958
0.12882775118193
0.1271390732288
0.12941671617191
0.12723865841619
0.12905597087802
0.12903763774454
0.12894150797166
0.12879254707162
0.12751773043844
0.12902458008601
0.13165603780626
0.12901773570902
0.12837296321742
0.13140333067369
0.12843065965715
0.13137433864148
0.12857382962281
0.128471460001
0.12858038783695
0.12850867561236
0.12867274336701
0.13084468689654
0.125160064
0.12905263144798
0.12915684516032
0.12895234186576
0.12909758283927
0.12899973550232
0.13083766736496
0.1281942419122
0.12993755079273
0.12888500197237
0.12925116918483
0.12877556369621
0.12893978438956
0.1285185981424
0.13116595444744
0.12968323554368
0.12625126517593
0.12954809868392
0.13123739885054
0.1258442630964
0.13012915289892
0.1315141524474
0.12957200152473
0.12788726486314
0.12894989680875
0.13163191065458
0.1306873622227
0.12937811600204
0.12923606894788
0.12918835555219
0.13132461281429
0.12922592917688
0.12960134275202
0.13046771320197
0.12900060967597
0.12923750598017
0.13146766486416
0.13032605358294
0.13164227732404
0.13140878034066
0.12920051780311
0.13176379554169
0.12891337921959
0.13063075702502
0.13062236346165
0.13057597311802
0.13049344131914
0.13065302988333
0.12992341253395
0.13150450694752
0.12905399843642
0.13049373974007
0.12800323347454
0.12854428914128
0.12876858166138
0.12871065939328
0.12882403767003
0.12808832224372
0.12658576120265
0.12893082062151
0.13176087193441
0.13146252185692
0.13243359718302
0.12988896141427
0.13142143358939
0.13179159334687
0.13040720209753
0.12968613023297
0.13145951753582
0.13160034844726
0.12984945283299
0.13101844246511
0.13083204121256
0.13097936946326
0.13114525580394
0.13109114794862
0.13145095488675
0.13064608512116
0.13110628043771
0.13093075880071
0.12727116869603
0.13110589669174
0.13202871095535
0.12912267479261
0.13098849664658
0.12881539421734
0.12857530042876
0.12861302992066
0.12865171656764
0.12855149168896
0.12841097948226
0.12852889773484
0.12900867627851
0.12950538160957
0.1294673633252
0.13099213412652
0.13069898010486
0.13081395579771
0.12892816612095
0.13094586260581
0.12841760031282
0.13156189511544
0.12678464170251
0.12877139516664
0.1252765442018
0.124839296
0.12879856282551
0.12689497612772
0.12964499307099
0.12960960250054
0.12872396881317
0.1299376733478
0.13118467674782
0.13221565957025
0.13231811368946
0.13233796726382
0.13200765506221
0.13201859893216
0.12865424650173
0.12858215097558
0.12722780871527
0.1310081942843
0.13105939704413
0.12878496411014
0.13087584325544
0.12982083592832
0.12883923299893
0.1298747548729
0.13095865818954
0.13032250261993
0.12949329537543
0.13066419936508
0.12474086408417
0.1244
0.12616051869122
0.12767936085502
0.12719744104713
0.13139885012061
0.12952711337392
0.12928467920455
"n_500_d_5_tr_20_a_354x354_idx_0_p_mprt2"
0.12377091324267
0.12356134405837
0.12651763475275
0.12686086636439
0.12307904
0.12691264317526
0.12573632327345
0.12544206226824
0.12527591239974
0.12489367234695
0.12364659237589
0.12412867344856
0.12630982151393
0.12604011529467
0.12517001755045
0.12374412836025
0.12538764942629
0.12671821218381
0.12367465698835
0.12460432095305
0.12472908907907
0.12363878464053
0.12687241942181
0.12727663522798
0.12646159180196
0.12460990551715
0.12632010007196
0.12659801286128
0.12544162923186
0.12514153787795
0.12411648786156
0.12617595481942
0.12720704475222
0.12509600933102
0.12613784284832
0.12557046594712
0.12725348972474
0.125352067608
0.12550726873186
0.12542408259231
0.12676716670497
0.12516181690713
0.12641260272844
0.12487585880507
0.12493168302729
0.12586694628057
0.12633741152188
0.12659465829543
0.12397334702327
0.12614108983811
0.124696960004
0.124881073328
0.12626091717434
0.1259068505551
0.12402887415124
0.12693802003721
0.12505011245094
0.12657051087646
0.12499158488351
0.12609424495555
0.12480563247667
0.12561331384204
0.12497955377222
0.12656444773051
0.12659580508039
0.12553308957392
0.12513132942113
0.12493003758033
0.12467842099456
0.12547590704797
0.12546095330865
0.12448066074037
0.12578326041641
0.12637642899024
0.12434583469202
0.1263101154396
0.1247941544292
0.12508774547249
0.12498035325646
0.12502531319368
0.12455206543815
0.1258886780128
0.12496638819599
0.1237514249429
0.12506486883428
0.12491993634878
0.12552784089281
0.12652320299296
0.12585462210746
0.12454694502875
0.1252354069485
0.12694663652514
0.12415603358135
0.12618026822386
0.12510364064892
0.12536558140962
0.12530381912759
0.1257653107349
0.12537456119148
0.12453260868431
0.12438773592873
0.12362918420667
0.12461148873363
0.12726586030997
0.1260695798505
0.12622726881515
0.12587763547005
0.12616876937126
0.12587695511424
0.12407113727821
0.12489616589999
0.12613157422844
0.12544056181621
0.12659384442391
0.12773225890098
0.12516275323844
0.12642412938224
0.12583068970285
0.12630294999898
0.12437920200675
0.12512135308436
0.12511977395218
0.12370921631129
0.1256673634515
0.1255713723858
0.12741746555979
0.12566532058233
0.12514541085935
0.12456020645739
0.1248401310999
0.12626496693445
0.12454344623114
0.12472400361689
0.12502662482066
0.12502308242066
0.12564074582497
0.12592329849089
0.12665483061293
0.12533156143305
0.12509745785441
0.12418003255711
0.12650003479749
0.12477209740448
0.12502032176233
0.12594025287018
0.1258502946197
0.12696286345924
0.1252585626714
0.12424006410342
0.12600134572919
0.12696829304762
0.12603456130707
0.12517389889586
0.12614537885691
0.12628457949443
0.12589853729094
0.12674889524266
0.12658912253362
0.12535094794024
0.12517763340385
0.12675057149659
0.12662916259531
0.12577843553388
0.12636275543275
0.12618313994643
0.12605659662874
0.12603788601035
0.1266329961042
0.12651961937365
0.1273891576115
0.12681425207123
0.12632508403082
0.12746175156721
0.12535516037065
0.12645663262418
0.12576640563845
0.12674204760877
0.12699528231639
0.12400886321641
0.12629129165758
0.12621534559306
0.12504978699101
0.12348352002533
0.12662443927592
0.12548861748496
0.12620605165525
0.12686709710864
0.12666259809126
0.12605879355589
0.12453443312345
0.12514028819181
0.12660190537044
0.12660734296882
0.12495740895544
0.12621758903861
0.12521440240866
0.12630000254537
0.12569840228019
0.12697049116827
0.12575256716039
0.12624445073578
0.1250435550347
0.12600201835916
0.12552235276415
0.12642295425128
0.12684788809769
0.12621620041415
0.12565594365388
0.12612805847583
0.12597775663812
0.12586777240894
0.12359078395597
0.12498357974593
0.12409462809073
0.12662247311313
0.12452044470152
0.12447433883509
0.12551784890443
0.12591004428384
0.1249376006432
0.12587463136345
0.12329702431517
0.12668627748032
0.12598093045915
0.12416712243372
0.12522568070086
0.12535942342499
0.1255789127355
0.12529782648072
0.12470098694004
0.12605491604203
0.12661341449049
0.1235717121976
0.12469557965352
0.12423347214133
0.12623942071292
0.12356992035907
0.12711271263584
0.12706636362801
0.12692378026157
0.12464716301922
0.12387520036156
0.12652889584519
0.12567039530569
0.12556185659024
0.1265897540917
0.12692034881037
0.12642935263726
0.12619027415264
0.12706594736852
0.12620114652479
0.12592245822926
0.12609509706255
0.12691026972967
0.12688793077837
0.12508292154192
0.12439616027302
0.124424940574
0.12464156831648
0.12570974286312
0.12462182535242
0.12543347227064
0.12533616707514
0.12458618654901
0.12456320057414
0.12699266032585
0.12434764850522
0.12489974495549
0.12542850240636
0.12660451851811
0.1270820927814
0.12645615461123
0.12493487073998
0.12384614423452
0.12451008103485
0.12434547252536
0.12343513624825
0.12492511261783
0.12444940894454
0.1242145284505
0.12458675268112
0.12436883366687
0.12427110452011
0.12433910528617
0.12488912511245
0.12514717078288
0.1248639048469
0.12493961718644
0.12611158660802
0.12447328192607
0.12362435307921
0.12495146110199
0.12421414167801
0.12480851322038
0.12365222563003
0.12385756867288
0.1239461122443
0.12413363314473
0.12362473727044
0.12455820912668
0.12359920210221
0.123807104
0.12595534907255
0.12385488002322
0.12445622482755
0.12587180956183
0.12648668928344
0.12634169899074
0.12705523861999
0.1253671858461
0.12411640228397
0.1255471516414
0.12429158501699
0.12693977963861
0.12680575609313
0.12614500165791
0.12683824666241
0.12455526577921
0.12315033626901
0.12613568237906
0.12430198722811
0.12616521923443
0.12442569196771
0.12449158426035
0.12422656574144
0.12711331825185
0.12635740098772
0.12440051299931
0.12423494779772
0.12660435261566
0.12656304437132
0.12648451546741
0.12524358094752
0.12685974225389
0.12447033745962
0.12565961887787
0.12455661008726
0.1242686726854
0.1260994126191
0.12450758915206
0.12457766500596
0.12388713674161
0.12413171269635
0.12380966492923
0.12428943167163
0.12436355388468
0.12314035205621
0.123310208
0.12626126565529
0.12375104023602
0.122939904
0.1241936963417
0.12678518303078
0.12666871901153
0.1250428641954
0.1245517603466
0.12480598449795
0.12533996437297
0.12420313668203
0.12387596909026
0.12495884919805
0.12402252888212
0.12409062498562
0.1247591047239
0.12405171249006
0.12411788990506
0.12592042200235
0.12594653870803
0.12537072149561
0.12318745680668
0.1246848037633
0.12448908874357
0.12317158401069
0.12457952099958
0.12408659709483
0.12429945844036
0.12529987296099
0.12446656023761
0.12502272071432
0.12420752779095
0.12428339305396
0.12551875278861
0.12399069543291
0.12419532808493
0.12665814601255
0.12425676837062
0.12549919774267
0.12591088159534
0.12524668949356
0.12616013609001
0.12508880055519
0.12433466007152
0.1250821415364
0.12567689752432
0.1255040662646
0.12500684893264
0.1240829130643
0.12514447755799
0.12549040076831
0.12499744039059
0.12423942475528
0.1252873388099
0.12518130827359
0.12588668948123
0.12583531942787
0.12558553719761
0.12613235490113
0.12506483392955
0.12607926746188
0.12472735215921
0.12579264089929
0.1252004487556
0.12351603218116
0.12671318769828
0.12603603092945
0.12414386967581
0.12406169607054
0.1262810972556
0.12442259287307
0.1239841927302
0.12386131309745
0.1239102694052
0.1259986079107
0.12692925343649
0.12462492910269
0.12459660931463
0.12474832112821
0.1249596182712
0.12616081621721
0.12583659299303
0.12650118649384
0.12600893148987
0.12594879300897
0.12652425902473
0.12665731646491
0.12621603659576
0.12634716454048
0.12605085265074
0.12526255318026
0.12589001056042
0.1235786241655
0.12658345863888
0.12514614478099
0.12471764627013
0.12519382555487
0.12394994926544
0.12390562918261
0.12397721318825
0.12423706132591
0.12412524866561
0.12443856063058
0.12503037033785
0.12516177066155
0.12594246540396
0.12430169642022
0.12611508955884
0.12605158757411
0.12535372993817
0.12475779368364
0.12552098449175
0.12506720319846
0.12591699479044
0.12304102621993
0.12419008266797
0.12295744
0.123030272
0.1250421307228
0.12421964809613
0.12511782825186
0.12432588897472
0.1234297600902
0.1254900806188
0.1269247718261
0.12661708756057
0.12657618768599
0.12721159196328
0.12735034173275
0.12424697749344
0.12437507390657
0.12600416208923
0.12624134731148
0.12373174450582
0.1261401340864
0.12523085086895
0.12392806496663
0.12413316213701
0.12517821011986
0.12511462488199
0.12557277485699
0.12587763443474
0.12442631493109
0.12580633972252
0.12303424
0.12289984
0.12424857669987
0.12376166410161
0.12315046431148
0.12511132877301
0.1252071425699
0.12510416416969
"n_500_d_5_tr_20_a_354x354_idx_0_p_probflood"
0.12698175748994
0.12613164823312
0.12845194344125
0.13039593826333
0.1253291525872
0.1302769246997
0.13026017955915
0.12961947797657
0.12816294665807
0.12817661047358
0.12622403312734
0.12729584815526
0.13030676438273
0.13034635704858
0.12827801956298
0.12584460950555
0.12967707843017
0.13032741076587
0.12710512315579
0.1264250918049
0.12717705985018
0.12583491326312
0.13024394225096
0.13045360563021
0.1301423080847
0.12736532830264
0.13028926832488
0.13021954587599
0.1279939165493
0.12796245015197
0.12505871330913
0.13050034291433
0.13049123829086
0.12769459430245
0.13020974708186
0.128118473961
0.13021993840375
0.13039179483122
0.13033934584921
0.13015273761267
0.13062462542163
0.12787532841892
0.13032956731255
0.12806629558033
0.1282733527301
0.12950861169433
0.13031146551366
0.13024669946629
0.12730606494407
0.12947243527474
0.12782957127782
0.12830946378832
0.12985242742737
0.12989499879423
0.12811170174075
0.13016911802861
0.12954227328019
0.12977676105065
0.12854488304406
0.12998216933471
0.12782791789837
0.12989680291766
0.12831650303768
0.12994748434371
0.13059822969064
0.12744404205118
0.12894921875186
0.12926423522054
0.12921568485717
0.12905184865756
0.1290341782283
0.12921760851543
0.13032282354947
0.12949678593463
0.12916550070223
0.13044945728864
0.12884840821588
0.12717729486683
0.1297795868627
0.12903179101644
0.12703709083
0.13022000269197
0.12933255905131
0.12718518843064
0.12991264799919
0.12784985861049
0.12964190129639
0.12936917851635
0.12798820532868
0.12791356261609
0.13075455600282
0.13061725424463
0.12789180109099
0.13056069635802
0.12778285926369
0.12774216725814
0.12793098630853
0.13038595684941
0.13044172100934
0.12786575426243
0.12733958183012
0.12771528950211
0.12725023402939
0.13092249642489
0.12915008124195
0.12991271481254
0.12825109622224
0.12998943028635
0.13056081187973
0.12604227353187
0.1297930951497
0.12877958884612
0.1297884771299
0.13002877800049
0.13089594607714
0.12760850938561
0.12995218628129
0.12935514007935
0.12993174171725
0.12919939539332
0.12902383638135
0.1300531330968
0.12795011650104
0.12838626048397
0.13017415383495
0.13018692129804
0.12814268394378
0.12822131692197
0.12813719045375
0.12820327192261
0.13003190676478
0.12670684040701
0.12993840429287
0.12781586059091
0.12828184247507
0.13011027398821
0.13020815415493
0.13020682259231
0.12828203347828
0.13016065992406
0.12695955622887
0.13013582691981
0.12850249313882
0.12936650823698
0.13011504502852
0.12884991317126
0.12997645471201
0.12813384010591
0.1282338365255
0.12948259679262
0.13049130831586
0.1299311096275
0.13023334345844
0.12897590942563
0.12987513530924
0.12987132890115
0.13052342005236
0.13064354678569
0.12992210878647
0.12972150925848
0.12994506302355
0.13049257104382
0.12983997762318
0.12995872987283
0.13041209431642
0.13050443778402
0.13058920954305
0.1303227272629
0.12990675752477
0.13012909079221
0.13045603135599
0.12930086191572
0.13032861580308
0.12935262751596
0.12934807331031
0.13067053003527
0.13069922028544
0.1307214434945
0.12668182636637
0.12913590333732
0.13064210844443
0.12811772069872
0.12511744037451
0.1308224636183
0.12883006030389
0.12943114356635
0.12993395949306
0.13003101988858
0.12983263070207
0.12979205908236
0.12975226904706
0.12985814600611
0.12988182318646
0.12983567428422
0.12993792454813
0.12990934988973
0.13013159288121
0.1299003062138
0.12982672696413
0.12974957386634
0.12997107902832
0.13006485674302
0.13004835418768
0.12966741766145
0.12992490607253
0.13003707371825
0.12982739010566
0.1298443218202
0.12975587174421
0.1297884657916
0.13030823655471
0.12463344951808
0.13006203167678
0.12759720134221
0.13045699339053
0.1276283301296
0.12770364302624
0.13019513147365
0.13046034703193
0.1279204172785
0.13042674553036
0.12453763337549
0.1298442437432
0.13041522924761
0.12755933357233
0.12927505137836
0.13037858331098
0.12953070944332
0.12895849211167
0.12775607970985
0.12996452913189
0.13040969254888
0.12706784478134
0.1300422247657
0.12747302487017
0.1305654725122
0.12707210116013
0.13041452845007
0.13012934860376
0.13052030021527
0.1300618326598
0.12707814601289
0.13042658614948
0.13012620883724
0.12973747021083
0.13066090771672
0.13066448065447
0.13011413052622
0.13024961713077
0.13073659998233
0.13002784256004
0.1306932041708
0.12935046398881
0.13031829197822
0.13048513102077
0.12801209876239
0.12789290976371
0.12862242192408
0.12793354959616
0.12969637340029
0.12787562149617
0.12853037064041
0.12970876456633
0.12699888428606
0.12723370266492
0.12988704883685
0.1288586594407
0.12894638339687
0.12899378496253
0.13011144258826
0.12966388973975
0.13011043825863
0.1290189455073
0.1260254731644
0.12733341189556
0.12681734733381
0.125878528
0.12702890087577
0.12682265987651
0.12671178120411
0.12729385886343
0.12701818117698
0.12665555454556
0.12686154018805
0.12718926572798
0.12980477953809
0.12657408343189
0.12655278469855
0.12975542829128
0.12646006810203
0.12641593956386
0.12715373323805
0.12651459504559
0.12974179698216
0.12776659630518
0.12562454174726
0.1259086087565
0.12993525629178
0.12578659437788
0.12998475246519
0.1256795551073
0.12555932910689
0.1283494864514
0.12606556922198
0.12656003295464
0.13016803027904
0.1302765593747
0.1293022167846
0.12998638751955
0.12841757686176
0.12750405525351
0.12970368151344
0.12780250016864
0.13051786920065
0.13072518762922
0.12992809959384
0.13018238289921
0.12838638620664
0.12376665644977
0.12923794903757
0.12708694939557
0.12983136589558
0.12905494740177
0.12817440822829
0.12712138529135
0.13016364087404
0.12922802541979
0.12670964098469
0.12712355884862
0.12987815156432
0.12994021030637
0.13011223179693
0.12924072628962
0.12983305224996
0.12792444286196
0.12969046259983
0.12711325573242
0.12686675523402
0.12992531842586
0.12763164050678
0.12734883644754
0.12732896369645
0.12724205097122
0.12710205050279
0.12731692565219
0.12730452975899
0.12558202846209
0.12566080246071
0.13004858749639
0.12592883531151
0.123650432
0.126786339672
0.12963443791429
0.12963625057879
0.12697181089077
0.12696691635941
0.12690628320141
0.12920867983206
0.1274160321076
0.12679452673789
0.12749548925716
0.12733408031663
0.12682528442889
0.12746650308197
0.12737590824261
0.12699699885456
0.12925677253639
0.1283362913549
0.12799104448791
0.12460825771872
0.12715764311636
0.12786755360721
0.12419225655725
0.12846428890932
0.12707444119444
0.12719530524421
0.12789483822823
0.12632870500902
0.12732839975879
0.12660413355727
0.1296049599072
0.1296795000008
0.12765401840427
0.12694947341921
0.12985791440438
0.12914451451067
0.12995050303136
0.13006339606133
0.12990619079486
0.13013154926512
0.12805692999861
0.12892165597196
0.12751675872611
0.12777945932108
0.12862522988352
0.1276455158983
0.12759085617159
0.12748184671822
0.12973002441192
0.12760934444056
0.12742291775599
0.12885558388418
0.12901577621752
0.12903494953498
0.12833239823759
0.12895094531591
0.12903853292432
0.12718584276757
0.12975401089425
0.12742492553005
0.12890806994314
0.12821558651308
0.12494758463813
0.1301574806273
0.12982956692357
0.12633331367681
0.12695395057495
0.1307021424857
0.12714970120623
0.12708714028414
0.12717696526937
0.12638822672126
0.12978899738048
0.13018882136264
0.12727274200035
0.1288231979669
0.1281147158472
0.12827382823401
0.12970170415308
0.12982348510873
0.12903702873851
0.12937198883916
0.12944579395557
0.12930445495807
0.12922804058666
0.12936678084993
0.12951016718557
0.12941707588061
0.12942649443064
0.12983458378683
0.12573350438411
0.13037465357253
0.12747783104021
0.12944438718479
0.12704989068678
0.12685232401594
0.12691494899266
0.12688799067001
0.12681736948494
0.12670563522021
0.12693773132553
0.12740912417695
0.12787898190208
0.12782720511029
0.12687104057534
0.13010531882228
0.12989797502658
0.12941862951474
0.12906278942533
0.1291556317268
0.12746966840992
0.12927291237764
0.1252725778915
0.1271980522241
0.12377100805597
0.123332608
0.12815450500852
0.12728499291351
0.12835837697291
0.12722022589726
0.12536729629966
0.12808361669235
0.13062605550136
0.13036063056261
0.13054868455044
0.13065605230914
0.13036695158654
0.12698439108263
0.12692743041621
0.12944179537934
0.12947040659479
0.12567452906043
0.1293166914779
0.12825216420814
0.12715632431504
0.12727814854924
0.12830054610959
0.1293048983137
0.12949846858043
0.12870541509242
0.12778963758089
0.12905357465116
0.12323596808417
0.12290048
0.12612480072042
0.12562682844909
0.12448000095803
0.12975708920407
0.12790053206564
0.12770124057865
