version 2
run n-3-p-Abba2-d-s-t-1-0-20160630-17:10:40-12790
attr configname n-3-p-Abba2-d-s-t-1
attr datetime 20160630-17:10:40
attr experiment n-3-p-Abba2-d-s-t-1
attr inifile ../../experiments/configs/n-3-p-Abba2-d-s-t-1.ini
attr iterationvars ""
attr iterationvars2 $repetition=0
attr measurement ""
attr network nodes3
attr processid 12790
attr repetition 0
attr replication #0
attr resultdir results
attr runnumber 0
attr seedset 0

vector 2  nodes3.hostR0.energyStorage  residualCapacity:vector  ETV
attr interpolationmode  linear
attr source  residualCapacityChanged
attr title  "Residual capacity, vector"
vector 18  nodes3.hostR0.wlan[0].queue  queueLength:vector  ETV
attr interpolationmode  sample-hold
attr title  "queue length, vector"
vector 0  nodes3.hostR0.energyStorage  powerConsumption:vector  ETV
attr interpolationmode  sample-hold
attr source  powerConsumptionChanged
attr title  "Power consumption, vector"
vector 30  nodes3.hostR1.energyStorage  residualCapacity:vector  ETV
attr interpolationmode  linear
attr source  residualCapacityChanged
attr title  "Residual capacity, vector"
vector 46  nodes3.hostR1.wlan[0].queue  queueLength:vector  ETV
attr interpolationmode  sample-hold
attr title  "queue length, vector"
vector 28  nodes3.hostR1.energyStorage  powerConsumption:vector  ETV
attr interpolationmode  sample-hold
attr source  powerConsumptionChanged
attr title  "Power consumption, vector"
vector 58  nodes3.hostR2.energyStorage  residualCapacity:vector  ETV
attr interpolationmode  linear
attr source  residualCapacityChanged
attr title  "Residual capacity, vector"
vector 74  nodes3.hostR2.wlan[0].queue  queueLength:vector  ETV
attr interpolationmode  sample-hold
attr title  "queue length, vector"
vector 56  nodes3.hostR2.energyStorage  powerConsumption:vector  ETV
attr interpolationmode  sample-hold
attr source  powerConsumptionChanged
attr title  "Power consumption, vector"
vector 24  nodes3.hostR0.wlan[0].radio  radioMode:vector  ETV
attr interpolationmode  sample-hold
attr source  radioModeChanged
attr title  "Radio mode, vector"
vector 52  nodes3.hostR1.wlan[0].radio  radioMode:vector  ETV
attr interpolationmode  sample-hold
attr source  radioModeChanged
attr title  "Radio mode, vector"
vector 80  nodes3.hostR2.wlan[0].radio  radioMode:vector  ETV
attr interpolationmode  sample-hold
attr source  radioModeChanged
attr title  "Radio mode, vector"
vector 25  nodes3.hostR0.wlan[0].radio  receptionState:vector  ETV
attr interpolationmode  sample-hold
attr source  receptionStateChanged
attr title  "Radio reception state, vector"
vector 26  nodes3.hostR0.wlan[0].radio  transmissionState:vector  ETV
attr interpolationmode  sample-hold
attr source  transmissionStateChanged
attr title  "Radio transmission state, vector"
vector 53  nodes3.hostR1.wlan[0].radio  receptionState:vector  ETV
attr interpolationmode  sample-hold
attr source  receptionStateChanged
attr title  "Radio reception state, vector"
vector 54  nodes3.hostR1.wlan[0].radio  transmissionState:vector  ETV
attr interpolationmode  sample-hold
attr source  transmissionStateChanged
attr title  "Radio transmission state, vector"
vector 81  nodes3.hostR2.wlan[0].radio  receptionState:vector  ETV
attr interpolationmode  sample-hold
attr source  receptionStateChanged
attr title  "Radio reception state, vector"
vector 82  nodes3.hostR2.wlan[0].radio  transmissionState:vector  ETV
attr interpolationmode  sample-hold
attr source  transmissionStateChanged
attr title  "Radio transmission state, vector"
vector 6  nodes3.hostR0.udpApp[0]  broadcast_msg_received:vector  ETV
attr source  broadcast_msg_received
attr title  "a message was received again, vector"
vector 4  nodes3.hostR0.udpApp[0]  msg_sent:vector  ETV
attr source  msg_sent
attr title  "The node sends the message, vector"
vector 7  nodes3.hostR0.udp  sentPk:vector(packetBytes)  ETV
attr interpolationmode  none
attr source  sentPk
attr title  "packets sent, vector(packetBytes)"
vector 13  nodes3.hostR0.lo0.lo  rcvdPkFromHL:vector(packetBytes)  ETV
attr interpolationmode  none
attr source  packetReceivedFromUpper
attr title  "packets received from higher layer, vector(packetBytes)"
vector 14  nodes3.hostR0.lo0.lo  passedUpPk:vector(packetBytes)  ETV
attr interpolationmode  none
attr source  packetSentToUpper
attr title  "packets passed to higher layer, vector(packetBytes)"
vector 15  nodes3.hostR0.wlan[0].queue  rcvdPk:vector(packetBytes)  ETV
attr interpolationmode  none
attr title  "received packets, vector(packetBytes)"
vector 17  nodes3.hostR0.wlan[0].queue  queueingTime:vector  ETV
attr interpolationmode  none
attr title  "queueing time, vector"
vector 21  nodes3.hostR0.wlan[0].mac  rcvdPkFromHL:vector(packetBytes)  ETV
attr interpolationmode  none
attr source  packetReceivedFromUpper
attr title  "packets received from higher layer, vector(packetBytes)"
vector 20  nodes3.hostR0.wlan[0].mac  sentDownPk:vector(packetBytes)  ETV
attr interpolationmode  none
attr source  packetSentToLower
attr title  "packets sent to lower layer, vector(packetBytes)"
vector 8  nodes3.hostR0.udp  rcvdPk:vector(packetBytes)  ETV
attr interpolationmode  none
attr source  rcvdPk
attr title  "packets received, vector(packetBytes)"
vector 9  nodes3.hostR0.udp  passedUpPk:vector(count)  ETV
attr interpolationmode  none
attr title  "packets passed up, vector(count)"
vector 5  nodes3.hostR0.udpApp[0]  power_level:vector  ETV
attr source  power_level
attr title  "The power level, vector"
vector 33  nodes3.hostR1.udpApp[0]  power_level:vector  ETV
attr source  power_level
attr title  "The power level, vector"
vector 50  nodes3.hostR1.wlan[0].mac  rcvdPkFromLL:vector(packetBytes)  ETV
attr interpolationmode  none
attr source  packetReceivedFromLower
attr title  "packets received from lower layer, vector(packetBytes)"
vector 47  nodes3.hostR1.wlan[0].mac  passedUpPk:vector(packetBytes)  ETV
attr interpolationmode  none
attr source  packetSentToUpper
attr title  "packets passed to higher layer, vector(packetBytes)"
vector 36  nodes3.hostR1.udp  rcvdPk:vector(packetBytes)  ETV
attr interpolationmode  none
attr source  rcvdPk
attr title  "packets received, vector(packetBytes)"
vector 37  nodes3.hostR1.udp  passedUpPk:vector(count)  ETV
attr interpolationmode  none
attr title  "packets passed up, vector(count)"
vector 34  nodes3.hostR1.udpApp[0]  broadcast_msg_received:vector  ETV
attr source  broadcast_msg_received
attr title  "a message was received again, vector"
vector 32  nodes3.hostR1.udpApp[0]  msg_sent:vector  ETV
attr source  msg_sent
attr title  "The node sends the message, vector"
vector 35  nodes3.hostR1.udp  sentPk:vector(packetBytes)  ETV
attr interpolationmode  none
attr source  sentPk
attr title  "packets sent, vector(packetBytes)"
vector 41  nodes3.hostR1.lo0.lo  rcvdPkFromHL:vector(packetBytes)  ETV
attr interpolationmode  none
attr source  packetReceivedFromUpper
attr title  "packets received from higher layer, vector(packetBytes)"
vector 42  nodes3.hostR1.lo0.lo  passedUpPk:vector(packetBytes)  ETV
attr interpolationmode  none
attr source  packetSentToUpper
attr title  "packets passed to higher layer, vector(packetBytes)"
vector 43  nodes3.hostR1.wlan[0].queue  rcvdPk:vector(packetBytes)  ETV
attr interpolationmode  none
attr title  "received packets, vector(packetBytes)"
vector 45  nodes3.hostR1.wlan[0].queue  queueingTime:vector  ETV
attr interpolationmode  none
attr title  "queueing time, vector"
vector 49  nodes3.hostR1.wlan[0].mac  rcvdPkFromHL:vector(packetBytes)  ETV
attr interpolationmode  none
attr source  packetReceivedFromUpper
attr title  "packets received from higher layer, vector(packetBytes)"
vector 48  nodes3.hostR1.wlan[0].mac  sentDownPk:vector(packetBytes)  ETV
attr interpolationmode  none
attr source  packetSentToLower
attr title  "packets sent to lower layer, vector(packetBytes)"
vector 61  nodes3.hostR2.udpApp[0]  power_level:vector  ETV
attr source  power_level
attr title  "The power level, vector"
vector 22  nodes3.hostR0.wlan[0].mac  rcvdPkFromLL:vector(packetBytes)  ETV
attr interpolationmode  none
attr source  packetReceivedFromLower
attr title  "packets received from lower layer, vector(packetBytes)"
vector 19  nodes3.hostR0.wlan[0].mac  passedUpPk:vector(packetBytes)  ETV
attr interpolationmode  none
attr source  packetSentToUpper
attr title  "packets passed to higher layer, vector(packetBytes)"
vector 78  nodes3.hostR2.wlan[0].mac  rcvdPkFromLL:vector(packetBytes)  ETV
attr interpolationmode  none
attr source  packetReceivedFromLower
attr title  "packets received from lower layer, vector(packetBytes)"
vector 75  nodes3.hostR2.wlan[0].mac  passedUpPk:vector(packetBytes)  ETV
attr interpolationmode  none
attr source  packetSentToUpper
attr title  "packets passed to higher layer, vector(packetBytes)"
vector 64  nodes3.hostR2.udp  rcvdPk:vector(packetBytes)  ETV
attr interpolationmode  none
attr source  rcvdPk
attr title  "packets received, vector(packetBytes)"
vector 65  nodes3.hostR2.udp  passedUpPk:vector(count)  ETV
attr interpolationmode  none
attr title  "packets passed up, vector(count)"
vector 62  nodes3.hostR2.udpApp[0]  broadcast_msg_received:vector  ETV
attr source  broadcast_msg_received
attr title  "a message was received again, vector"
vector 60  nodes3.hostR2.udpApp[0]  msg_sent:vector  ETV
attr source  msg_sent
attr title  "The node sends the message, vector"
vector 63  nodes3.hostR2.udp  sentPk:vector(packetBytes)  ETV
attr interpolationmode  none
attr source  sentPk
attr title  "packets sent, vector(packetBytes)"
vector 69  nodes3.hostR2.lo0.lo  rcvdPkFromHL:vector(packetBytes)  ETV
attr interpolationmode  none
attr source  packetReceivedFromUpper
attr title  "packets received from higher layer, vector(packetBytes)"
vector 70  nodes3.hostR2.lo0.lo  passedUpPk:vector(packetBytes)  ETV
attr interpolationmode  none
attr source  packetSentToUpper
attr title  "packets passed to higher layer, vector(packetBytes)"
vector 71  nodes3.hostR2.wlan[0].queue  rcvdPk:vector(packetBytes)  ETV
attr interpolationmode  none
attr title  "received packets, vector(packetBytes)"
vector 73  nodes3.hostR2.wlan[0].queue  queueingTime:vector  ETV
attr interpolationmode  none
attr title  "queueing time, vector"
vector 77  nodes3.hostR2.wlan[0].mac  rcvdPkFromHL:vector(packetBytes)  ETV
attr interpolationmode  none
attr source  packetReceivedFromUpper
attr title  "packets received from higher layer, vector(packetBytes)"
vector 76  nodes3.hostR2.wlan[0].mac  sentDownPk:vector(packetBytes)  ETV
attr interpolationmode  none
attr source  packetSentToLower
attr title  "packets sent to lower layer, vector(packetBytes)"
0	0	0	0
2	0	0	5
2	31	0.219017604988	4.9835736796259
2	52	0.438256114218	4.9813812945336
2	75	0.719017604988	4.9603241827259
2	96	0.841927462406	4.9590950841517
2	139	1.219017604988	4.930813323458
2	180	1.428304789922	4.9287204516087
2	223	1.719017604988	4.9069169904787
2	244	2.010308316778	4.9040040833608
2	267	2.219017604988	4.8883508867451
2	308	2.644109762701	4.884099965168
2	331	2.719017604988	4.8784818769964
2	372	3.011233140676	4.8755597216395
2	395	3.219017604988	4.8599758868161
2	436	3.476356189381	4.8574025009722
2	459	3.719017604988	4.8392028948017
2	500	4.153673779647	4.8348563330551
2	523	4.219017604988	4.8299555461545
2	564	4.454200736768	4.8276037148367
2	607	4.719017604988	4.8077424497202
2	628	5.078511022738	4.8041475155427
2	671	5.219017604988	4.793609521874
2	692	5.46653888706	4.7911343090533
2	715	5.719017604988	4.7721984052087
2	756	6.202104333843	4.7673675379201
2	779	6.219017604988	4.7660990425842
2	800	6.375382583085	4.7645353928033
2	843	6.719017604988	4.7387627661605
2	884	7.167277172542	4.734280170485
2	907	7.219017604988	4.7303996380515
2	928	7.508685488123	4.7275029592202
2	971	7.719017604988	4.7117280504553
2	1012	8.139606573115	4.707522160774
2	1035	8.219017604988	4.7015663333836
2	1076	8.527433264311	4.6984821767903
2	1099	8.719017604988	4.6841133512396
2	1140	9.09079408558	4.6803955864336
2	1163	9.219017604988	4.670778822478
2	1204	9.607495332751	4.6668940452004
2	1227	9.719017604988	4.6585298747826
2	1268	10.052050188611	4.6551995489464
2	1310	10.219017604988	4.6426769927181
2	1332	10.534191563408	4.6395252531339
2	1355	10.719017604988	4.6256633000154
2	1397	11.122688520289	4.6216265908624
2	1420	11.219017604988	4.61440190951
2	1441	11.361605314686	4.612976032413
2	1504	11.719017604988	4.5861701106404
2	1525	12.008682441208	4.5832734622782
2	1567	12.219017604988	4.5674983249947
2	1589	12.393775209933	4.5657507489452
2	1612	12.719017604988	4.5413575693161
2	1653	13.114009543284	4.5374076499331
2	1676	13.219017604988	4.5295320453053
2	1716	13.405862414799	4.5276635972072
2	1740	13.719017604988	4.5041769579431
2	1781	13.873329541422	4.5026338385787
2	1824	14.219017604988	4.4767072338113
2	1845	14.448898673765	4.4744084231235
2	1868	14.719017604988	4.4541495032818
2	1909	14.87911221763	4.4525485571553
2	1932	15.219017604988	4.4270556531035
2	1973	15.408170826323	4.4251641208901
2	1996	15.719017604988	4.4018506124903
2	2037	15.973837863337	4.3993024099068
2	2060	16.219017604988	4.380913929283
2	2101	16.680281660668	4.3763012887262
2	2124	16.719017604988	4.3733960929022
2	2145	16.99922226794	4.3705940462726
2	2188	17.219017604988	4.354109395994
2	2229	17.564467656854	4.3506548954754
2	2252	17.719017604988	4.3390636493653
2	2293	18.180181703399	4.3344520083812
2	2316	18.219017604988	4.331539315762
2	2337	18.358954412732	4.3301399476846
2	2400	18.719017604988	4.3031352082654
2	2421	19.207165899555	4.2982537253197
2	2444	19.219017604988	4.2973648474123
2	2484	19.580498284995	4.2937500406122
2	2508	19.719017604988	4.2833610916127
2	2529	19.887606106567	4.2816752065969
2	2592	20.219017604988	4.2568193442153
2	2613	20.462503140195	4.2543844888633
2	2656	20.719017604988	4.2351459040038
2	2677	21.119516727663	4.2311409127771
2	2700	21.219017604988	4.2236783469777
2	2741	21.562374538797	4.2202447776396
2	2764	21.719017604988	4.2084965476753
2	2805	21.949261163137	4.2061941120938
2	2828	22.219017604988	4.1859623789549
2	2869	22.334612442329	4.1848064305815
2	2912	22.719017604988	4.1559760433821
2	2933	23.072951893377	4.1524367004982
2	2956	23.219017604988	4.1414817721274
2	2997	23.70282197982	4.1366437283791
2	3020	23.719017604988	4.1354290564915
2	3061	24.080358399692	4.1318156485444
2	3084	24.219017604988	4.1214162081472
2	3125	24.573265822939	4.1178737259677
2	3148	24.719017604988	4.1069423423141
2	3189	25.217362098358	4.1019588973804
2	3211	25.219017604988	4.1018347343831
2	3233	25.551982404999	4.098505086383
2	3276	25.719017604988	4.0859774463838
2	3317	25.98498970732	4.0833177253605
2	3340	26.219017604988	4.0657656330354
2	3381	26.509121274165	4.0628645963436
2	3424	26.719017604988	4.0471223715319
2	3445	27.068646314516	4.0436260844366
2	3468	27.219017604988	4.0323482376512
2	3509	27.454445319119	4.0299939605099
2	3552	27.719017604988	4.0101510390697
2	3573	28.089143201019	4.0064497831094
2	3596	28.219017604988	3.9967092028118
2	3617	28.446122970022	3.9944381491614
2	3680	28.719017604988	3.973971051539
2	3701	29.130580464806	3.9698554229408
2	3724	29.219017604988	3.9632226374271
2	3765	29.699070692676	3.9584221065503
2	3788	29.719017604988	3.9569260881269
2	3829	30.084253019336	3.9532737339834
2	3852	30.219017604988	3.9431663900595
2	3873	30.324670928865	3.9421098568207
2	3936	30.719017604988	3.9125338561115
2	3957	31.06838070942	3.9090402250672
2	3980	31.219017604988	3.8977424578996
2	4021	31.588706124536	3.8940455727041
2	4044	31.719017604988	3.8842722116702
2	4085	32.208020271695	3.8793821850031
2	4108	32.219017604988	3.8785573850061
2	4129	32.670519659537	3.8740423644606
2	4172	32.719017604988	3.8704050185518
2	4213	33.023092020824	3.8673642743935
2	4236	33.219017604988	3.8526698555812
2	4257	33.341528149284	3.8514447501382
2	4320	33.719017604988	3.8231330409604
2	4341	33.999705957676	3.8203261574335
2	4364	34.219017604988	3.8038777838851
2	4385	34.327237341049	3.8027955865245
2	4448	34.719017604988	3.7734120667291
2	4469	34.995926640704	3.7706429763719
2	4511	35.219017604988	3.7539111540506
2	4533	35.711076964307	3.7489905604574
2	4555	35.719017604988	3.7483950124064
2	4597	35.963020059708	3.7459549878592
2	4640	36.219017604988	3.7267551719632
2	4661	36.511599686611	3.7238293511469
2	4704	36.719017604988	3.7082730072687
2	4725	37.094706746618	3.7045161158524
2	4748	37.219017604988	3.6951928014746
2	4789	37.671432629376	3.6906686512307
2	4812	37.719017604988	3.6870997780598
2	4853	38.186536461263	3.6824245894971
2	4876	38.219017604988	3.6799885037177
2	4917	38.405971125382	3.6781189685138
2	4940	38.719017604988	3.6546404825433
2	4981	39.045317818373	3.6513774804095
2	5004	39.219017604988	3.6383499964133
2	5045	39.665283297709	3.6338873394861
2	5068	39.719017604988	3.6298572664402
2	5109	40.022829856499	3.6268191439251
2	5132	40.219017604988	3.6121050627884
2	5173	40.685931454747	3.6074359242908
2	5196	40.719017604988	3.6049544630227
2	5237	41.187705316915	3.6002675859035
2	5260	41.219017604988	3.597919164298
2	5281	41.352487266771	3.5965844676802
2	5324	41.719017604988	3.5690946923139
2	5365	41.930329697727	3.5669815713865
2	5408	42.219017604988	3.5453299783419
2	5429	42.322984952814	3.5442903048637
2	5472	42.719017604988	3.5145878559506
2	5493	43.156179103776	3.5102162409627
2	5516	43.219017604988	3.5055033533718
2	5557	43.578111927546	3.5019124101463
2	5580	43.719017604988	3.4913444843381
2	5621	44.155796720981	3.4869766931782
2	5644	44.219017604988	3.4822351268777
2	5685	44.425134337842	3.4801739595491
2	5728	44.719017604988	3.4581327145132
2	5749	44.978370572775	3.4555391848353
2	5772	45.219017604988	3.4374906574193
2	5813	45.54037086578	3.4342771248114
2	5856	45.719017604988	3.4208786193708
2	5877	45.88521845635	3.4192166108572
2	5900	46.219017604988	3.3941816747093
2	5941	46.467165510412	3.3917001956551
2	5984	46.719017604988	3.3728112885619
2	6005	46.877818977422	3.3712232748376
2	6028	47.219017604988	3.3456333777701
2	6069	47.547089633866	3.3423526574813
2	6092	47.719017604988	3.3294580596472
2	6133	48.100737184434	3.3256408638527
2	6156	48.219017604988	3.3167698323112
2	6177	48.434632845092	3.3146136799101
2	6220	48.719017604988	3.2932848229179
2	6261	48.992557497657	3.2905494239912
2	6304	49.219017604988	3.2735649159414
2	6325	49.621684948689	3.2695382425044
2	6348	49.719017604988	3.262238293282
2	6389	49.977681583408	3.2596516534978
2	6412	50.219017604988	3.2415514518793
2	6453	50.677657627835	3.2369650516508
2	6476	50.719017604988	3.2338630533643
2	6517	51.074810704178	3.2303051223724
2	6540	51.219017604988	3.2194896048117
2	6581	51.675864044446	3.2149211404171
2	6604	51.719017604988	3.2116846233764
2	6625	52.091264501269	3.2079621544136
2	6668	52.219017604988	3.1983806716347
2	6709	52.49892136488	3.1955816340358
2	6732	52.719017604988	3.1790744160277
2	6773	53.210670641679	3.1741578856608
2	6795	53.219017604988	3.1735318634126
2	6817	53.365723036098	3.1720648091015
2	6880	53.719017604988	3.1455677164348
2	6901	54.126051753163	3.141497374953
2	6924	54.219017604988	3.1345249360661
2	6945	54.483970328848	3.1318754088275
2	6988	54.719017604988	3.114246863117
2	7029	55.089417902994	3.110542860137
2	7052	55.219017604988	3.1008228824874
2	7073	55.419160782135	3.098821450716
2	7116	55.719017604988	3.076332189002
2	7157	55.944529604967	3.0740770690022
2	7180	56.219017604988	3.0534904690006
2	7221	56.705408759563	3.0486265574549
2	7244	56.719017604988	3.047605894048
2	7265	57.054628305472	3.0442497870431
2	7308	57.219017604988	3.0319205895795
2	7349	57.583109637778	3.0282796692516
2	7372	57.719017604988	3.0180865717108
2	7413	58.032524772789	3.0149515000328
2	7436	58.219017604988	3.0009645376179
2	7457	58.411455481368	2.9990401588541
2	7500	58.719017604988	2.9759729995826
2	7541	58.977189988977	2.9733912757427
2	7564	59.219017604988	2.9552542045418
2	7605	59.566765696517	2.9517767236266
2	7628	59.719017604988	2.9403578304912
2	7669	60.009189280736	2.9374561137338
2	7712	60.219017604988	2.9217189894149
2	7733	60.507295147478	2.91883621399
2	7756	60.719017604988	2.9029570296767
2	7797	61.105672085527	2.8990904848713
2	7820	61.219017604988	2.8905895709117
2	7841	61.434438673648	2.8884353602251
2	7904	61.719017604988	2.8670919403746
2	7925	61.972627162523	2.8645558447993
2	7948	62.219017604988	2.8460765616144
2	7989	62.618910206537	2.8420776355989
2	8012	62.719017604988	2.8345695807151
2	8053	63.170623148567	2.8300535252793
2	8076	63.219017604988	2.8264239410477
2	8117	63.360387616101	2.8250102409366
2	8160	63.719017604988	2.7981129917701
2	8181	63.85619182676	2.7967412495524
2	8224	64.219017604988	2.7695293161853
2	8245	64.460860937889	2.7671108828563
2	8268	64.719017604988	2.7477491328238
2	8309	65.03996877415	2.7445396211322
2	8332	65.219017604988	2.7311109588194
2	8353	65.332692309617	2.7299742117731
2	8416	65.719017604988	2.7009998146202
2	8437	66.206826978511	2.696121720885
2	8460	66.219017604988	2.6952074238992
2	8481	66.447641169614	2.692921188253
2	8524	66.719017604988	2.6725679555999
2	8565	66.907747345193	2.6706806581979
2	8588	67.219017604988	2.6473353887133
2	8628	67.37574783327	2.6457680864304
2	8672	67.719017604988	2.6200228535516
2	8693	67.858146242759	2.6186315671739
2	8736	68.219017604988	2.5915662150067
2	8757	68.712859166282	2.5866277993938
2	8779	68.719017604988	2.5861659164908
2	8801	68.923378643542	2.5841223061053
2	8844	69.219017604988	2.5619493839968
2	8885	69.534051279034	2.5587990472564
2	8908	69.719017604988	2.5449265728098
2	8949	69.99841274159	2.5421326214438
2	8992	70.219017604988	2.5255872566889
2	9013	70.359069906044	2.5241867336784
2	9036	70.719017604988	2.4971906562576
2	9077	70.96016693633	2.4947791629442
2	9100	71.219017604988	2.4753653627948
2	9141	71.506941940784	2.4724861194368
2	9164	71.719017604988	2.4565804446215
2	9205	72.15569832405	2.4522136374309
2	9228	72.219017604988	2.4474646913606
2	9269	72.68110136982	2.4428438537123
2	9292	72.719017604988	2.4400001360747
2	9313	72.834266025908	2.4388476518655
2	9376	73.219017604988	2.4099912834345
2	9397	73.522568452227	2.4069557749621
2	9420	73.719017604988	2.392222088505
2	9461	73.885981279294	2.3905524517619
2	9504	74.219017604988	2.3655747273349
2	9525	74.630862679388	2.3614562765909
2	9548	74.719017604988	2.3548446571709
2	9589	75.165215589254	2.3503826773282
2	9612	75.219017604988	2.3463475261482
2	9633	75.483800961877	2.3436996925793
2	9676	75.719017604988	2.326058444346
2	9717	75.875231305379	2.324496307342
2	9760	76.219017604988	2.2987123348714
2	9781	76.332531226668	2.2975771986546
2	9824	76.719017604988	2.2685907202806
2	9845	77.212272254805	2.2636581737824
2	9867	77.219017604988	2.2631522725187
2	9889	77.468558573219	2.2606568628364
2	9932	77.719017604988	2.2418724354537
2	9973	77.987272419184	2.2391898873117
2	9996	78.219017604988	2.2218089983764
2	10017	78.339477517232	2.220604399254
2	10060	78.719017604988	2.1921388926723
2	10101	78.965440711993	2.1896746616022
2	10124	79.219017604988	2.1706563946276
2	10145	79.325893459897	2.1695876360785
2	10188	79.719017604988	2.1401033251967
2	10229	79.911539208758	2.138178109159
2	10272	80.219017604988	2.1151172294417
2	10293	80.625206951293	2.1110553359787
2	10316	80.719017604988	2.1040195369516
2	10357	81.196891680415	2.0992407961973
2	10380	81.219017604988	2.0975813518543
2	10421	81.619241971205	2.0935791081922
2	10444	81.719017604988	2.0860959356584
2	10485	81.955003798529	2.083736073723
2	10508	82.219017604988	2.0639350382386
2	10549	82.515061848945	2.060974595799
2	10592	82.719017604988	2.0456779140958
2	10613	82.954836318697	2.0433197269587
2	10656	83.219017604988	2.0235061304869
2	10677	83.391038379315	2.0217859227436
2	10720	83.719017604988	1.9971874808181
2	10741	83.887636909223	1.9955012877758
2	10764	84.219017604988	1.9706477355934
2	10805	84.504622662588	1.9677916850174
2	10848	84.719017604988	1.9517120643374
2	10869	85.169071456938	1.9472115258179
2	10892	85.219017604988	1.9434655647142
2	10933	85.696890172511	1.9386868390389
2	10956	85.719017604988	1.9370272816032
2	10977	86.062543419152	1.9335920234615
2	11020	86.219017604988	1.9218564595238
2	11061	86.557904437239	1.9184675912013
2	11104	86.719017604988	1.9063841036201
2	11125	87.132699971329	1.9022472799567
2	11148	87.219017604988	1.8957734574323
2	11189	87.519252789634	1.8927711055858
2	11212	87.719017604988	1.8777887444343
2	11233	87.839390295613	1.876585017528
2	11296	88.219017604988	1.8481129693249
2	11317	88.598881503157	1.8443143303432
2	11340	88.719017604988	1.8353041227059
2	11381	89.216200830377	1.830332290452
2	11403	89.219017604988	1.8301210323562
2	11425	89.426147285718	1.8280497355489
2	11468	89.719017604988	1.8060844616036
2	11509	90.090878519378	1.8023658524597
2	11532	90.219017604988	1.792755421039
2	11573	90.664954849108	1.7882960485978
2	11596	90.719017604988	1.7842413419068
2	11637	91.119579970892	1.7802357182477
2	11660	91.219017604988	1.7727778956905
2	11701	91.705038178395	1.7679176899565
2	11724	91.719017604988	1.766869232962
2	11765	92.040939246546	1.7636500165464
2	11788	92.219017604988	1.7502941396633
2	11829	92.404198472909	1.7484423309841
2	11872	92.719017604988	1.7248308960781
2	11893	92.908219561502	1.722938876513
2	11936	93.219017604988	1.6996290232515
2	11957	93.406742019261	1.6977517791088
2	11980	93.719017604988	1.6743311101793
2	12021	94.047071684859	1.6710505693806
2	12044	94.219017604988	1.6581546253709
2	12085	94.500085887368	1.6553439425471
2	12108	94.719017604988	1.6389240637256
2	12149	95.207336946073	1.6340408703148
2	12172	95.219017604988	1.6331648208961
2	12213	95.59146014979	1.6294403954481
2	12236	95.719017604988	1.6198735863083
2	12277	95.853360498938	1.6185301573688
2	12320	96.219017604988	1.591105874415
2	12341	96.341809605955	1.5898779544053
2	12384	96.719017604988	1.5615873544779
2	12405	97.014377354513	1.5586337569826
2	12428	97.219017604988	1.543285738197
2	12469	97.671644095573	1.5387594732911
2	12492	97.719017604988	1.535206460085
2	12533	98.209804028235	1.5302985958525
2	12555	98.219017604988	1.5296075775961
2	12597	98.566305439788	1.5261346992481
2	12620	98.719017604988	1.5146812868581
2	12661	99.036241782884	1.5115090450791
2	12704	99.219017604988	1.4978008584213
2	12725	99.661087705343	1.4933801574178
2	12748	99.719017604988	1.4890354149444
2	12789	100.116776089053	1.4850578301037
2	12812	100.219017604988	1.4773897164086
2	12853	100.510680802687	1.4744730844316
2	12876	100.719017604988	1.458847824259
2	12917	101.090074902642	1.4551372512825
2	12940	101.219017604988	1.4454665486066
2	12981	101.562060296497	1.4420361216915
2	13004	101.719017604988	1.4302643235546
2	13045	102.105121045242	1.4264032891521
2	13068	102.219017604988	1.4178610471712
2	13089	102.507041147127	1.4149808117498
2	13152	102.719017604988	1.3990825774102
2	13173	103.001648121475	1.3962562722453
2	13196	103.219017604988	1.3799535609818
2	13237	103.681809507645	1.3753256419553
2	13260	103.719017604988	1.3725350346545
2	13281	103.874130440465	1.3709839062998
2	13344	104.219017604988	1.3451173689606
2	13365	104.410930001325	1.3431982449972
2	13388	104.719017604988	1.3200916747225
2	13429	105.171876433733	1.315563086435
2	13452	105.219017604988	1.3120274985909
2	13493	105.681012263018	1.3074075520106
2	13516	105.719017604988	1.3045571513628
2	13557	106.077556111998	1.3009717662927
2	13580	106.219017604988	1.2903621543185
2	13621	106.449115461166	1.2880611757567
2	13644	106.719017604988	1.2678185149701
2	13685	107.027126749008	1.2647374235299
2	13708	107.219017604988	1.2503456093314
2	13729	107.319264412261	1.2493431412586
2	13772	107.719017604988	1.2193616518041
2	13813	107.943986360318	1.2171119642508
2	13856	108.219017604988	1.1964846209005
2	13877	108.48942288706	1.1937805680798
2	13900	108.719017604988	1.1765609642352
2	13941	109.173377337828	1.1720173669068
2	13964	109.219017604988	1.1685943468698
2	14005	109.591194054074	1.164872582379
2	14028	109.719017604988	1.1552858160604
2	14049	110.001694181058	1.1524590502997
2	14092	110.219017604988	1.136159793505
2	14133	110.512605719137	1.1332239123635
2	14176	110.719017604988	1.1177430209247
2	14197	111.134738040677	1.1135858165678
2	14220	111.219017604988	1.1072648492444
2	14241	111.411019003726	1.1053448352571
2	14284	111.719017604988	1.0822449401624
2	14325	112.171361313909	1.0777215030732
2	14348	112.219017604988	1.0741472812423
2	14389	112.444719231091	1.0718902649812
2	14432	112.719017604988	1.051317886939
2	14453	113.202222614511	1.0464858368437
2	14476	113.219017604988	1.045226212558
2	14497	113.507942902445	1.0423369595834
2	14560	113.719017604988	1.0265063568927
2	14581	114.103875800743	1.0226577749351
2	14604	114.219017604988	1.0140221396167
2	14645	114.380719993505	1.0124051157316
2	14688	114.719017604988	0.98703279487035
2	14709	115.111419144328	0.98310877947695
2	14732	115.219017604988	0.97503889492745
2	14773	115.577748046125	0.97145159051608
2	14796	115.719017604988	0.96085637360135
2	14837	115.905194566733	0.9589946039839
2	14880	116.219017604988	0.93545787611478
2	14901	116.393825559559	0.93370979656907
2	14924	116.719017604988	0.90932039316189
2	14965	117.142274378109	0.90508782543068
2	14988	117.219017604988	0.89933208341476
2	15029	117.618074060473	0.89534151885991
2	15052	117.719017604988	0.88777075302128
2	15093	118.089181210156	0.8840691169696
2	15116	118.219017604988	0.8743313873572
2	15157	118.42999977298	0.87222156567728
2	15200	118.719017604988	0.85054522827668
2	15221	118.889205821007	0.84884334611649
2	15244	119.219017604988	0.82410746231792
2	15285	119.601031976807	0.82028731859973
2	15308	119.719017604988	0.81143839648615
2	15349	120.004502350706	0.80858354902897
2	15372	120.219017604988	0.79249490495782
2	15413	120.65541368626	0.7881309441451
2	15436	120.719017604988	0.7833606502405
2	15477	120.901188576742	0.78153894052296
2	15520	121.219017604988	0.75770176340451
2	15541	121.38522582069	0.75603968124749
2	15584	121.719017604988	0.73100529742514
2	15605	121.869175496473	0.72950371851029
2	15648	122.219017604988	0.70326556037167
2	15669	122.608074536416	0.69937499105739
2	15692	122.719017604988	0.69105426091449
2	15713	122.831423458419	0.68993020238018
2	15756	123.219017604988	0.6608606413875
2	15797	123.618039967175	0.65687041776563
2	15820	123.719017604988	0.64929709492966
2	15841	123.856280735563	0.64792446362391
2	15884	124.219017604988	0.62071919841703
2	15925	124.40622246988	0.61884714976811
2	15968	124.719017604988	0.59538751463501
2	15989	125.118944038785	0.59138825029704
2	16012	125.219017604988	0.58388273283182
2	16053	125.611919775474	0.57995371112696
2	16071	125.719017604988	0.57192137391341
2	16091	126.053032701052	0.56858122295277
2	16109	126.219017604988	0.55613235515757
2	16129	126.33748812653	0.55494764994215
2	16147	126.719017604988	0.5263329390578
2	16167	127.204016825519	0.52148294685249
2	16185	127.219017604988	0.52035788839231
2	16199	127.719017604988	0.48285788839231
2	16213	128.219017604988	0.44535788839231
2	16227	128.719017604988	0.40785788839231
2	16241	129.219017604988	0.37035788839231
2	16255	129.719017604988	0.33285788839231
2	16269	130.219017604988	0.29535788839231
2	16283	130.719017604988	0.25785788839231
2	16297	131.219017604988	0.22035788839231
2	16311	131.719017604988	0.18285788839231
2	16325	132.219017604988	0.14535788839231
2	16339	132.719017604988	0.10785788839231
2	16353	133.219017604988	0.070357888392314
2	16367	133.719017604988	0.032857888392314
2	16381	134.219017604988	0
4	19	0.218793604988	1
4	63	0.718793604988	2
4	127	1.218793604988	3
4	211	1.718793604988	4
4	255	2.218793604988	5
4	319	2.718793604988	6
4	383	3.218793604988	7
4	447	3.718793604988	8
4	511	4.218793604988	9
4	595	4.718793604988	10
4	659	5.218793604988	11
4	703	5.718793604988	12
4	767	6.218793604988	13
4	831	6.718793604988	14
4	895	7.218793604988	15
4	959	7.718793604988	16
4	1023	8.218793604988	17
4	1087	8.718793604988	18
4	1151	9.218793604988	19
4	1215	9.718793604988	20
4	1298	10.218793604988	21
4	1343	10.718793604988	22
4	1408	11.218793604988	23
4	1492	11.718793604988	24
4	1555	12.218793604988	25
4	1600	12.718793604988	26
4	1664	13.218793604988	27
4	1728	13.718793604988	28
4	1812	14.218793604988	29
4	1856	14.718793604988	30
4	1920	15.218793604988	31
4	1984	15.718793604988	32
4	2048	16.218793604988	33
4	2112	16.718793604988	34
4	2176	17.218793604988	35
4	2240	17.718793604988	36
4	2304	18.218793604988	37
4	2388	18.718793604988	38
4	2432	19.218793604988	39
4	2496	19.718793604988	40
4	2580	20.218793604988	41
4	2644	20.718793604988	42
4	2688	21.218793604988	43
4	2752	21.718793604988	44
4	2816	22.218793604988	45
4	2900	22.718793604988	46
4	2944	23.218793604988	47
4	3008	23.718793604988	48
4	3072	24.218793604988	49
4	3136	24.718793604988	50
4	3199	25.218793604988	51
4	3264	25.718793604988	52
4	3328	26.218793604988	53
4	3412	26.718793604988	54
4	3456	27.218793604988	55
4	3540	27.718793604988	56
4	3584	28.218793604988	57
4	3668	28.718793604988	58
4	3712	29.218793604988	59
4	3776	29.718793604988	60
4	3840	30.218793604988	61
4	3924	30.718793604988	62
4	3968	31.218793604988	63
4	4032	31.718793604988	64
4	4096	32.218793604988	65
4	4160	32.718793604988	66
4	4224	33.218793604988	67
4	4308	33.718793604988	68
4	4352	34.218793604988	69
4	4436	34.718793604988	70
4	4499	35.218793604988	71
4	4543	35.718793604988	72
4	4628	36.218793604988	73
4	4692	36.718793604988	74
4	4736	37.218793604988	75
4	4800	37.718793604988	76
4	4864	38.218793604988	77
4	4928	38.718793604988	78
4	4992	39.218793604988	79
4	5056	39.718793604988	80
4	5120	40.218793604988	81
4	5184	40.718793604988	82
4	5248	41.218793604988	83
4	5312	41.718793604988	84
4	5396	42.218793604988	85
4	5460	42.718793604988	86
4	5504	43.218793604988	87
4	5568	43.718793604988	88
4	5632	44.218793604988	89
4	5716	44.718793604988	90
4	5760	45.218793604988	91
4	5844	45.718793604988	92
4	5888	46.218793604988	93
4	5972	46.718793604988	94
4	6016	47.218793604988	95
4	6080	47.718793604988	96
4	6144	48.218793604988	97
4	6208	48.718793604988	98
4	6292	49.218793604988	99
4	6336	49.718793604988	100
4	6400	50.218793604988	101
4	6464	50.718793604988	102
4	6528	51.218793604988	103
4	6592	51.718793604988	104
4	6656	52.218793604988	105
4	6720	52.718793604988	106
4	6783	53.218793604988	107
4	6868	53.718793604988	108
4	6912	54.218793604988	109
4	6976	54.718793604988	110
4	7040	55.218793604988	111
4	7104	55.718793604988	112
4	7168	56.218793604988	113
4	7232	56.718793604988	114
4	7296	57.218793604988	115
4	7360	57.718793604988	116
4	7424	58.218793604988	117
4	7488	58.718793604988	118
4	7552	59.218793604988	119
4	7616	59.718793604988	120
4	7700	60.218793604988	121
4	7744	60.718793604988	122
4	7808	61.218793604988	123
4	7892	61.718793604988	124
4	7936	62.218793604988	125
4	8000	62.718793604988	126
4	8064	63.218793604988	127
4	8148	63.718793604988	128
4	8212	64.218793604988	129
4	8256	64.718793604988	130
4	8320	65.218793604988	131
4	8404	65.718793604988	132
4	8448	66.218793604988	133
4	8512	66.718793604988	134
4	8576	67.218793604988	135
4	8660	67.718793604988	136
4	8724	68.218793604988	137
4	8767	68.718793604988	138
4	8832	69.218793604988	139
4	8896	69.718793604988	140
4	8980	70.218793604988	141
4	9024	70.718793604988	142
4	9088	71.218793604988	143
4	9152	71.718793604988	144
4	9216	72.218793604988	145
4	9280	72.718793604988	146
4	9364	73.218793604988	147
4	9408	73.718793604988	148
4	9492	74.218793604988	149
4	9536	74.718793604988	150
4	9600	75.218793604988	151
4	9664	75.718793604988	152
4	9748	76.218793604988	153
4	9812	76.718793604988	154
4	9855	77.218793604988	155
4	9920	77.718793604988	156
4	9984	78.218793604988	157
4	10048	78.718793604988	158
4	10112	79.218793604988	159
4	10176	79.718793604988	160
4	10260	80.218793604988	161
4	10304	80.718793604988	162
4	10368	81.218793604988	163
4	10432	81.718793604988	164
4	10496	82.218793604988	165
4	10580	82.718793604988	166
4	10644	83.218793604988	167
4	10708	83.718793604988	168
4	10752	84.218793604988	169
4	10836	84.718793604988	170
4	10880	85.218793604988	171
4	10944	85.718793604988	172
4	11008	86.218793604988	173
4	11092	86.718793604988	174
4	11136	87.218793604988	175
4	11200	87.718793604988	176
4	11284	88.218793604988	177
4	11328	88.718793604988	178
4	11391	89.218793604988	179
4	11456	89.718793604988	180
4	11520	90.218793604988	181
4	11584	90.718793604988	182
4	11648	91.218793604988	183
4	11712	91.718793604988	184
4	11776	92.218793604988	185
4	11860	92.718793604988	186
4	11924	93.218793604988	187
4	11968	93.718793604988	188
4	12032	94.218793604988	189
4	12096	94.718793604988	190
4	12160	95.218793604988	191
4	12224	95.718793604988	192
4	12308	96.218793604988	193
4	12372	96.718793604988	194
4	12416	97.218793604988	195
4	12480	97.718793604988	196
4	12543	98.218793604988	197
4	12608	98.718793604988	198
4	12692	99.218793604988	199
4	12736	99.718793604988	200
4	12800	100.218793604988	201
4	12864	100.718793604988	202
4	12928	101.218793604988	203
4	12992	101.718793604988	204
4	13056	102.218793604988	205
4	13140	102.718793604988	206
4	13184	103.218793604988	207
4	13248	103.718793604988	208
4	13332	104.218793604988	209
4	13376	104.718793604988	210
4	13440	105.218793604988	211
4	13504	105.718793604988	212
4	13568	106.218793604988	213
4	13632	106.718793604988	214
4	13696	107.218793604988	215
4	13760	107.718793604988	216
4	13844	108.218793604988	217
4	13888	108.718793604988	218
4	13952	109.218793604988	219
4	14016	109.718793604988	220
4	14080	110.218793604988	221
4	14164	110.718793604988	222
4	14208	111.218793604988	223
4	14272	111.718793604988	224
4	14336	112.218793604988	225
4	14420	112.718793604988	226
4	14464	113.218793604988	227
4	14548	113.718793604988	228
4	14592	114.218793604988	229
4	14676	114.718793604988	230
4	14720	115.218793604988	231
4	14784	115.718793604988	232
4	14868	116.218793604988	233
4	14912	116.718793604988	234
4	14976	117.218793604988	235
4	15040	117.718793604988	236
4	15104	118.218793604988	237
4	15188	118.718793604988	238
4	15232	119.218793604988	239
4	15296	119.718793604988	240
4	15360	120.218793604988	241
4	15424	120.718793604988	242
4	15508	121.218793604988	243
4	15572	121.718793604988	244
4	15636	122.218793604988	245
4	15680	122.718793604988	246
4	15744	123.218793604988	247
4	15808	123.718793604988	248
4	15872	124.218793604988	249
4	15956	124.718793604988	250
4	16000	125.218793604988	251
4	16059	125.718793604988	252
4	16097	126.218793604988	253
4	16135	126.718793604988	254
4	16173	127.218793604988	255
4	16187	127.718793604988	256
4	16201	128.218793604988	257
4	16215	128.718793604988	258
4	16229	129.218793604988	259
4	16243	129.718793604988	260
4	16257	130.218793604988	261
4	16271	130.718793604988	262
4	16285	131.218793604988	263
4	16299	131.718793604988	264
4	16313	132.218793604988	265
4	16327	132.718793604988	266
4	16341	133.218793604988	267
4	16355	133.718793604988	268
4	16369	134.218793604988	269
4	16383	134.718793604988	270
4	16393	135.218793604988	271
4	16401	135.718793604988	272
4	16409	136.218793604988	273
4	16417	136.718793604988	274
4	16425	137.218793604988	275
4	16433	137.718793604988	276
4	16441	138.218793604988	277
4	16449	138.718793604988	278
4	16457	139.218793604988	279
4	16465	139.718793604988	280
4	16473	140.218793604988	281
4	16481	140.718793604988	282
4	16489	141.218793604988	283
4	16497	141.718793604988	284
4	16505	142.218793604988	285
4	16513	142.718793604988	286
4	16521	143.218793604988	287
4	16529	143.718793604988	288
4	16537	144.218793604988	289
4	16545	144.718793604988	290
4	16553	145.218793604988	291
4	16561	145.718793604988	292
4	16569	146.218793604988	293
4	16577	146.718793604988	294
4	16585	147.218793604988	295
4	16593	147.718793604988	296
4	16601	148.218793604988	297
4	16609	148.718793604988	298
4	16617	149.218793604988	299
4	16625	149.718793604988	300
5	31	0.219017604988	4.9835736796259
5	52	0.438256114218	4.9813812945336
5	75	0.719017604988	4.9603241827259
5	96	0.841927462406	4.9590950841517
5	139	1.219017604988	4.930813323458
5	180	1.428304789922	4.9287204516087
5	223	1.719017604988	4.9069169904787
5	244	2.010308316778	4.9040040833608
5	267	2.219017604988	4.8883508867451
5	308	2.644109762701	4.884099965168
5	331	2.719017604988	4.8784818769964
5	372	3.011233140676	4.8755597216395
5	395	3.219017604988	4.8599758868161
5	436	3.476356189381	4.8574025009722
5	459	3.719017604988	4.8392028948017
5	500	4.153673779647	4.8348563330551
5	523	4.219017604988	4.8299555461545
5	564	4.454200736768	4.8276037148367
5	607	4.719017604988	4.8077424497202
5	628	5.078511022738	4.8041475155427
5	671	5.219017604988	4.793609521874
5	692	5.46653888706	4.7911343090533
5	715	5.719017604988	4.7721984052087
5	756	6.202104333843	4.7673675379201
5	779	6.219017604988	4.7660990425842
5	800	6.375382583085	4.7645353928033
5	843	6.719017604988	4.7387627661605
5	884	7.167277172542	4.734280170485
5	907	7.219017604988	4.7303996380515
5	928	7.508685488123	4.7275029592202
5	971	7.719017604988	4.7117280504553
5	1012	8.139606573115	4.707522160774
5	1035	8.219017604988	4.7015663333836
5	1076	8.527433264311	4.6984821767903
5	1099	8.719017604988	4.6841133512396
5	1140	9.09079408558	4.6803955864336
5	1163	9.219017604988	4.670778822478
5	1204	9.607495332751	4.6668940452004
5	1227	9.719017604988	4.6585298747826
5	1268	10.052050188611	4.6551995489464
5	1310	10.219017604988	4.6426769927181
5	1332	10.534191563408	4.6395252531339
5	1355	10.719017604988	4.6256633000154
5	1397	11.122688520289	4.6216265908624
5	1420	11.219017604988	4.61440190951
5	1441	11.361605314686	4.612976032413
5	1504	11.719017604988	4.5861701106404
5	1525	12.008682441208	4.5832734622782
5	1567	12.219017604988	4.5674983249947
5	1589	12.393775209933	4.5657507489452
5	1612	12.719017604988	4.5413575693161
5	1653	13.114009543284	4.5374076499331
5	1676	13.219017604988	4.5295320453053
5	1716	13.405862414799	4.5276635972072
5	1740	13.719017604988	4.5041769579431
5	1781	13.873329541422	4.5026338385787
5	1824	14.219017604988	4.4767072338113
5	1845	14.448898673765	4.4744084231235
5	1868	14.719017604988	4.4541495032818
5	1909	14.87911221763	4.4525485571553
5	1932	15.219017604988	4.4270556531035
5	1973	15.408170826323	4.4251641208901
5	1996	15.719017604988	4.4018506124903
5	2037	15.973837863337	4.3993024099068
5	2060	16.219017604988	4.380913929283
5	2101	16.680281660668	4.3763012887262
5	2124	16.719017604988	4.3733960929022
5	2145	16.99922226794	4.3705940462726
5	2188	17.219017604988	4.354109395994
5	2229	17.564467656854	4.3506548954754
5	2252	17.719017604988	4.3390636493653
5	2293	18.180181703399	4.3344520083812
5	2316	18.219017604988	4.331539315762
5	2337	18.358954412732	4.3301399476846
5	2400	18.719017604988	4.3031352082654
5	2421	19.207165899555	4.2982537253197
5	2444	19.219017604988	4.2973648474123
5	2484	19.580498284995	4.2937500406122
5	2508	19.719017604988	4.2833610916127
5	2529	19.887606106567	4.2816752065969
5	2592	20.219017604988	4.2568193442153
5	2613	20.462503140195	4.2543844888633
5	2656	20.719017604988	4.2351459040038
5	2677	21.119516727663	4.2311409127771
5	2700	21.219017604988	4.2236783469777
5	2741	21.562374538797	4.2202447776396
5	2764	21.719017604988	4.2084965476753
5	2805	21.949261163137	4.2061941120938
5	2828	22.219017604988	4.1859623789549
5	2869	22.334612442329	4.1848064305815
5	2912	22.719017604988	4.1559760433821
5	2933	23.072951893377	4.1524367004982
5	2956	23.219017604988	4.1414817721274
5	2997	23.70282197982	4.1366437283791
5	3020	23.719017604988	4.1354290564915
5	3061	24.080358399692	4.1318156485444
5	3084	24.219017604988	4.1214162081472
5	3125	24.573265822939	4.1178737259677
5	3148	24.719017604988	4.1069423423141
5	3189	25.217362098358	4.1019588973804
5	3211	25.219017604988	4.1018347343831
5	3233	25.551982404999	4.098505086383
5	3276	25.719017604988	4.0859774463838
5	3317	25.98498970732	4.0833177253605
5	3340	26.219017604988	4.0657656330354
5	3381	26.509121274165	4.0628645963436
5	3424	26.719017604988	4.0471223715319
5	3445	27.068646314516	4.0436260844366
5	3468	27.219017604988	4.0323482376512
5	3509	27.454445319119	4.0299939605099
5	3552	27.719017604988	4.0101510390697
5	3573	28.089143201019	4.0064497831094
5	3596	28.219017604988	3.9967092028118
5	3617	28.446122970022	3.9944381491614
5	3680	28.719017604988	3.973971051539
5	3701	29.130580464806	3.9698554229408
5	3724	29.219017604988	3.9632226374271
5	3765	29.699070692676	3.9584221065503
5	3788	29.719017604988	3.9569260881269
5	3829	30.084253019336	3.9532737339834
5	3852	30.219017604988	3.9431663900595
5	3873	30.324670928865	3.9421098568207
5	3936	30.719017604988	3.9125338561115
5	3957	31.06838070942	3.9090402250672
5	3980	31.219017604988	3.8977424578996
5	4021	31.588706124536	3.8940455727041
5	4044	31.719017604988	3.8842722116702
5	4085	32.208020271695	3.8793821850031
5	4108	32.219017604988	3.8785573850061
5	4129	32.670519659537	3.8740423644606
5	4172	32.719017604988	3.8704050185518
5	4213	33.023092020824	3.8673642743935
5	4236	33.219017604988	3.8526698555812
5	4257	33.341528149284	3.8514447501382
5	4320	33.719017604988	3.8231330409604
5	4341	33.999705957676	3.8203261574335
5	4364	34.219017604988	3.8038777838851
5	4385	34.327237341049	3.8027955865245
5	4448	34.719017604988	3.7734120667291
5	4469	34.995926640704	3.7706429763719
5	4511	35.219017604988	3.7539111540506
5	4533	35.711076964307	3.7489905604574
5	4555	35.719017604988	3.7483950124064
5	4597	35.963020059708	3.7459549878592
5	4640	36.219017604988	3.7267551719632
5	4661	36.511599686611	3.7238293511469
5	4704	36.719017604988	3.7082730072687
5	4725	37.094706746618	3.7045161158524
5	4748	37.219017604988	3.6951928014746
5	4789	37.671432629376	3.6906686512307
5	4812	37.719017604988	3.6870997780598
5	4853	38.186536461263	3.6824245894971
5	4876	38.219017604988	3.6799885037177
5	4917	38.405971125382	3.6781189685138
5	4940	38.719017604988	3.6546404825433
5	4981	39.045317818373	3.6513774804095
5	5004	39.219017604988	3.6383499964133
5	5045	39.665283297709	3.6338873394861
5	5068	39.719017604988	3.6298572664402
5	5109	40.022829856499	3.6268191439251
5	5132	40.219017604988	3.6121050627884
5	5173	40.685931454747	3.6074359242908
5	5196	40.719017604988	3.6049544630227
5	5237	41.187705316915	3.6002675859035
5	5260	41.219017604988	3.597919164298
5	5281	41.352487266771	3.5965844676802
5	5324	41.719017604988	3.5690946923139
5	5365	41.930329697727	3.5669815713865
5	5408	42.219017604988	3.5453299783419
5	5429	42.322984952814	3.5442903048637
5	5472	42.719017604988	3.5145878559506
5	5493	43.156179103776	3.5102162409627
5	5516	43.219017604988	3.5055033533718
5	5557	43.578111927546	3.5019124101463
5	5580	43.719017604988	3.4913444843381
5	5621	44.155796720981	3.4869766931782
5	5644	44.219017604988	3.4822351268777
5	5685	44.425134337842	3.4801739595491
5	5728	44.719017604988	3.4581327145132
5	5749	44.978370572775	3.4555391848353
5	5772	45.219017604988	3.4374906574193
5	5813	45.54037086578	3.4342771248114
5	5856	45.719017604988	3.4208786193708
5	5877	45.88521845635	3.4192166108572
5	5900	46.219017604988	3.3941816747093
5	5941	46.467165510412	3.3917001956551
5	5984	46.719017604988	3.3728112885619
5	6005	46.877818977422	3.3712232748376
5	6028	47.219017604988	3.3456333777701
5	6069	47.547089633866	3.3423526574813
5	6092	47.719017604988	3.3294580596472
5	6133	48.100737184434	3.3256408638527
5	6156	48.219017604988	3.3167698323112
5	6177	48.434632845092	3.3146136799101
5	6220	48.719017604988	3.2932848229179
5	6261	48.992557497657	3.2905494239912
5	6304	49.219017604988	3.2735649159414
5	6325	49.621684948689	3.2695382425044
5	6348	49.719017604988	3.262238293282
5	6389	49.977681583408	3.2596516534978
5	6412	50.219017604988	3.2415514518793
5	6453	50.677657627835	3.2369650516508
5	6476	50.719017604988	3.2338630533643
5	6517	51.074810704178	3.2303051223724
5	6540	51.219017604988	3.2194896048117
5	6581	51.675864044446	3.2149211404171
5	6604	51.719017604988	3.2116846233764
5	6625	52.091264501269	3.2079621544136
5	6668	52.219017604988	3.1983806716347
5	6709	52.49892136488	3.1955816340358
5	6732	52.719017604988	3.1790744160277
5	6773	53.210670641679	3.1741578856608
5	6795	53.219017604988	3.1735318634126
5	6817	53.365723036098	3.1720648091015
5	6880	53.719017604988	3.1455677164348
5	6901	54.126051753163	3.141497374953
5	6924	54.219017604988	3.1345249360661
5	6945	54.483970328848	3.1318754088275
5	6988	54.719017604988	3.114246863117
5	7029	55.089417902994	3.110542860137
5	7052	55.219017604988	3.1008228824874
5	7073	55.419160782135	3.098821450716
5	7116	55.719017604988	3.076332189002
5	7157	55.944529604967	3.0740770690022
5	7180	56.219017604988	3.0534904690006
5	7221	56.705408759563	3.0486265574549
5	7244	56.719017604988	3.047605894048
5	7265	57.054628305472	3.0442497870431
5	7308	57.219017604988	3.0319205895795
5	7349	57.583109637778	3.0282796692516
5	7372	57.719017604988	3.0180865717108
5	7413	58.032524772789	3.0149515000328
5	7436	58.219017604988	3.0009645376179
5	7457	58.411455481368	2.9990401588541
5	7500	58.719017604988	2.9759729995826
5	7541	58.977189988977	2.9733912757427
5	7564	59.219017604988	2.9552542045418
5	7605	59.566765696517	2.9517767236266
5	7628	59.719017604988	2.9403578304912
5	7669	60.009189280736	2.9374561137338
5	7712	60.219017604988	2.9217189894149
5	7733	60.507295147478	2.91883621399
5	7756	60.719017604988	2.9029570296767
5	7797	61.105672085527	2.8990904848713
5	7820	61.219017604988	2.8905895709117
5	7841	61.434438673648	2.8884353602251
5	7904	61.719017604988	2.8670919403746
5	7925	61.972627162523	2.8645558447993
5	7948	62.219017604988	2.8460765616144
5	7989	62.618910206537	2.8420776355989
5	8012	62.719017604988	2.8345695807151
5	8053	63.170623148567	2.8300535252793
5	8076	63.219017604988	2.8264239410477
5	8117	63.360387616101	2.8250102409366
5	8160	63.719017604988	2.7981129917701
5	8181	63.85619182676	2.7967412495524
5	8224	64.219017604988	2.7695293161853
5	8245	64.460860937889	2.7671108828563
5	8268	64.719017604988	2.7477491328238
5	8309	65.03996877415	2.7445396211322
5	8332	65.219017604988	2.7311109588194
5	8353	65.332692309617	2.7299742117731
5	8416	65.719017604988	2.7009998146202
5	8437	66.206826978511	2.696121720885
5	8460	66.219017604988	2.6952074238992
5	8481	66.447641169614	2.692921188253
5	8524	66.719017604988	2.6725679555999
5	8565	66.907747345193	2.6706806581979
5	8588	67.219017604988	2.6473353887133
5	8628	67.37574783327	2.6457680864304
5	8672	67.719017604988	2.6200228535516
5	8693	67.858146242759	2.6186315671739
5	8736	68.219017604988	2.5915662150067
5	8757	68.712859166282	2.5866277993938
5	8779	68.719017604988	2.5861659164908
5	8801	68.923378643542	2.5841223061053
5	8844	69.219017604988	2.5619493839968
5	8885	69.534051279034	2.5587990472564
5	8908	69.719017604988	2.5449265728098
5	8949	69.99841274159	2.5421326214438
5	8992	70.219017604988	2.5255872566889
5	9013	70.359069906044	2.5241867336784
5	9036	70.719017604988	2.4971906562576
5	9077	70.96016693633	2.4947791629442
5	9100	71.219017604988	2.4753653627948
5	9141	71.506941940784	2.4724861194368
5	9164	71.719017604988	2.4565804446215
5	9205	72.15569832405	2.4522136374309
5	9228	72.219017604988	2.4474646913606
5	9269	72.68110136982	2.4428438537123
5	9292	72.719017604988	2.4400001360747
5	9313	72.834266025908	2.4388476518655
5	9376	73.219017604988	2.4099912834345
5	9397	73.522568452227	2.4069557749621
5	9420	73.719017604988	2.392222088505
5	9461	73.885981279294	2.3905524517619
5	9504	74.219017604988	2.3655747273349
5	9525	74.630862679388	2.3614562765909
5	9548	74.719017604988	2.3548446571709
5	9589	75.165215589254	2.3503826773282
5	9612	75.219017604988	2.3463475261482
5	9633	75.483800961877	2.3436996925793
5	9676	75.719017604988	2.326058444346
5	9717	75.875231305379	2.324496307342
5	9760	76.219017604988	2.2987123348714
5	9781	76.332531226668	2.2975771986546
5	9824	76.719017604988	2.2685907202806
5	9845	77.212272254805	2.2636581737824
5	9867	77.219017604988	2.2631522725187
5	9889	77.468558573219	2.2606568628364
5	9932	77.719017604988	2.2418724354537
5	9973	77.987272419184	2.2391898873117
5	9996	78.219017604988	2.2218089983764
5	10017	78.339477517232	2.220604399254
5	10060	78.719017604988	2.1921388926723
5	10101	78.965440711993	2.1896746616022
5	10124	79.219017604988	2.1706563946276
5	10145	79.325893459897	2.1695876360785
5	10188	79.719017604988	2.1401033251967
5	10229	79.911539208758	2.138178109159
5	10272	80.219017604988	2.1151172294417
5	10293	80.625206951293	2.1110553359787
5	10316	80.719017604988	2.1040195369516
5	10357	81.196891680415	2.0992407961973
5	10380	81.219017604988	2.0975813518543
5	10421	81.619241971205	2.0935791081922
5	10444	81.719017604988	2.0860959356584
5	10485	81.955003798529	2.083736073723
5	10508	82.219017604988	2.0639350382386
5	10549	82.515061848945	2.060974595799
5	10592	82.719017604988	2.0456779140958
5	10613	82.954836318697	2.0433197269587
5	10656	83.219017604988	2.0235061304869
5	10677	83.391038379315	2.0217859227436
5	10720	83.719017604988	1.9971874808181
5	10741	83.887636909223	1.9955012877758
5	10764	84.219017604988	1.9706477355934
5	10805	84.504622662588	1.9677916850174
5	10848	84.719017604988	1.9517120643374
5	10869	85.169071456938	1.9472115258179
5	10892	85.219017604988	1.9434655647142
5	10933	85.696890172511	1.9386868390389
5	10956	85.719017604988	1.9370272816032
5	10977	86.062543419152	1.9335920234615
5	11020	86.219017604988	1.9218564595238
5	11061	86.557904437239	1.9184675912013
5	11104	86.719017604988	1.9063841036201
5	11125	87.132699971329	1.9022472799567
5	11148	87.219017604988	1.8957734574323
5	11189	87.519252789634	1.8927711055858
5	11212	87.719017604988	1.8777887444343
5	11233	87.839390295613	1.876585017528
5	11296	88.219017604988	1.8481129693249
5	11317	88.598881503157	1.8443143303432
5	11340	88.719017604988	1.8353041227059
5	11381	89.216200830377	1.830332290452
5	11403	89.219017604988	1.8301210323562
5	11425	89.426147285718	1.8280497355489
5	11468	89.719017604988	1.8060844616036
5	11509	90.090878519378	1.8023658524597
5	11532	90.219017604988	1.792755421039
5	11573	90.664954849108	1.7882960485978
5	11596	90.719017604988	1.7842413419068
5	11637	91.119579970892	1.7802357182477
5	11660	91.219017604988	1.7727778956905
5	11701	91.705038178395	1.7679176899565
5	11724	91.719017604988	1.766869232962
5	11765	92.040939246546	1.7636500165464
5	11788	92.219017604988	1.7502941396633
5	11829	92.404198472909	1.7484423309841
5	11872	92.719017604988	1.7248308960781
5	11893	92.908219561502	1.722938876513
5	11936	93.219017604988	1.6996290232515
5	11957	93.406742019261	1.6977517791088
5	11980	93.719017604988	1.6743311101793
5	12021	94.047071684859	1.6710505693806
5	12044	94.219017604988	1.6581546253709
5	12085	94.500085887368	1.6553439425471
5	12108	94.719017604988	1.6389240637256
5	12149	95.207336946073	1.6340408703148
5	12172	95.219017604988	1.6331648208961
5	12213	95.59146014979	1.6294403954481
5	12236	95.719017604988	1.6198735863083
5	12277	95.853360498938	1.6185301573688
5	12320	96.219017604988	1.591105874415
5	12341	96.341809605955	1.5898779544053
5	12384	96.719017604988	1.5615873544779
5	12405	97.014377354513	1.5586337569826
5	12428	97.219017604988	1.543285738197
5	12469	97.671644095573	1.5387594732911
5	12492	97.719017604988	1.535206460085
5	12533	98.209804028235	1.5302985958525
5	12555	98.219017604988	1.5296075775961
5	12597	98.566305439788	1.5261346992481
5	12620	98.719017604988	1.5146812868581
5	12661	99.036241782884	1.5115090450791
5	12704	99.219017604988	1.4978008584213
5	12725	99.661087705343	1.4933801574178
5	12748	99.719017604988	1.4890354149444
5	12789	100.116776089053	1.4850578301037
5	12812	100.219017604988	1.4773897164086
5	12853	100.510680802687	1.4744730844316
5	12876	100.719017604988	1.458847824259
5	12917	101.090074902642	1.4551372512825
5	12940	101.219017604988	1.4454665486066
5	12981	101.562060296497	1.4420361216915
5	13004	101.719017604988	1.4302643235546
5	13045	102.105121045242	1.4264032891521
5	13068	102.219017604988	1.4178610471712
5	13089	102.507041147127	1.4149808117498
5	13152	102.719017604988	1.3990825774102
5	13173	103.001648121475	1.3962562722453
5	13196	103.219017604988	1.3799535609818
5	13237	103.681809507645	1.3753256419553
5	13260	103.719017604988	1.3725350346545
5	13281	103.874130440465	1.3709839062998
5	13344	104.219017604988	1.3451173689606
5	13365	104.410930001325	1.3431982449972
5	13388	104.719017604988	1.3200916747225
5	13429	105.171876433733	1.315563086435
5	13452	105.219017604988	1.3120274985909
5	13493	105.681012263018	1.3074075520106
5	13516	105.719017604988	1.3045571513628
5	13557	106.077556111998	1.3009717662927
5	13580	106.219017604988	1.2903621543185
5	13621	106.449115461166	1.2880611757567
5	13644	106.719017604988	1.2678185149701
5	13685	107.027126749008	1.2647374235299
5	13708	107.219017604988	1.2503456093314
5	13729	107.319264412261	1.2493431412586
5	13772	107.719017604988	1.2193616518041
5	13813	107.943986360318	1.2171119642508
5	13856	108.219017604988	1.1964846209005
5	13877	108.48942288706	1.1937805680798
5	13900	108.719017604988	1.1765609642352
5	13941	109.173377337828	1.1720173669068
5	13964	109.219017604988	1.1685943468698
5	14005	109.591194054074	1.164872582379
5	14028	109.719017604988	1.1552858160604
5	14049	110.001694181058	1.1524590502997
5	14092	110.219017604988	1.136159793505
5	14133	110.512605719137	1.1332239123635
5	14176	110.719017604988	1.1177430209247
5	14197	111.134738040677	1.1135858165678
5	14220	111.219017604988	1.1072648492444
5	14241	111.411019003726	1.1053448352571
5	14284	111.719017604988	1.0822449401624
5	14325	112.171361313909	1.0777215030732
5	14348	112.219017604988	1.0741472812423
5	14389	112.444719231091	1.0718902649812
5	14432	112.719017604988	1.051317886939
5	14453	113.202222614511	1.0464858368437
5	14476	113.219017604988	1.045226212558
5	14497	113.507942902445	1.0423369595834
5	14560	113.719017604988	1.0265063568927
5	14581	114.103875800743	1.0226577749351
5	14604	114.219017604988	1.0140221396167
5	14645	114.380719993505	1.0124051157316
5	14688	114.719017604988	0.98703279487035
5	14709	115.111419144328	0.98310877947695
5	14732	115.219017604988	0.97503889492745
5	14773	115.577748046125	0.97145159051608
5	14796	115.719017604988	0.96085637360135
5	14837	115.905194566733	0.9589946039839
5	14880	116.219017604988	0.93545787611478
5	14901	116.393825559559	0.93370979656907
5	14924	116.719017604988	0.90932039316189
5	14965	117.142274378109	0.90508782543068
5	14988	117.219017604988	0.89933208341476
5	15029	117.618074060473	0.89534151885991
5	15052	117.719017604988	0.88777075302128
5	15093	118.089181210156	0.8840691169696
5	15116	118.219017604988	0.8743313873572
5	15157	118.42999977298	0.87222156567728
5	15200	118.719017604988	0.85054522827668
5	15221	118.889205821007	0.84884334611649
5	15244	119.219017604988	0.82410746231792
5	15285	119.601031976807	0.82028731859973
5	15308	119.719017604988	0.81143839648615
5	15349	120.004502350706	0.80858354902897
5	15372	120.219017604988	0.79249490495782
5	15413	120.65541368626	0.7881309441451
5	15436	120.719017604988	0.7833606502405
5	15477	120.901188576742	0.78153894052296
5	15520	121.219017604988	0.75770176340451
5	15541	121.38522582069	0.75603968124749
5	15584	121.719017604988	0.73100529742514
5	15605	121.869175496473	0.72950371851029
5	15648	122.219017604988	0.70326556037167
5	15669	122.608074536416	0.69937499105739
5	15692	122.719017604988	0.69105426091449
5	15713	122.831423458419	0.68993020238018
5	15756	123.219017604988	0.6608606413875
5	15797	123.618039967175	0.65687041776563
5	15820	123.719017604988	0.64929709492966
5	15841	123.856280735563	0.64792446362391
5	15884	124.219017604988	0.62071919841703
5	15925	124.40622246988	0.61884714976811
5	15968	124.719017604988	0.59538751463501
5	15989	125.118944038785	0.59138825029704
5	16012	125.219017604988	0.58388273283182
5	16053	125.611919775474	0.57995371112696
5	16071	125.719017604988	0.57192137391341
5	16091	126.053032701052	0.56858122295277
5	16109	126.219017604988	0.55613235515757
5	16129	126.33748812653	0.55494764994215
5	16147	126.719017604988	0.5263329390578
5	16167	127.204016825519	0.52148294685249
5	16185	127.219017604988	0.52035788839231
5	16199	127.719017604988	0.48285788839231
5	16213	128.219017604988	0.44535788839231
5	16227	128.719017604988	0.40785788839231
5	16241	129.219017604988	0.37035788839231
5	16255	129.719017604988	0.33285788839231
5	16269	130.219017604988	0.29535788839231
5	16283	130.719017604988	0.25785788839231
5	16297	131.219017604988	0.22035788839231
5	16311	131.719017604988	0.18285788839231
5	16325	132.219017604988	0.14535788839231
5	16339	132.719017604988	0.10785788839231
5	16353	133.219017604988	0.070357888392314
5	16367	133.719017604988	0.032857888392314
5	16381	134.219017604988	0
6	19	0.218793604988	1
6	28	0.218793604988	1
6	60	0.438256114218	1
6	63	0.718793604988	2
6	72	0.718793604988	2
6	104	0.841927462406	2
6	127	1.218793604988	3
6	136	1.218793604988	3
6	188	1.428304789922	3
6	211	1.718793604988	4
6	220	1.718793604988	4
6	252	2.010308316778	4
6	255	2.218793604988	5
6	264	2.218793604988	5
6	316	2.644109762701	5
6	319	2.718793604988	6
6	328	2.718793604988	6
6	380	3.011233140676	6
6	383	3.218793604988	7
6	392	3.218793604988	7
6	444	3.476356189381	7
6	447	3.718793604988	8
6	456	3.718793604988	8
6	508	4.153673779647	8
6	511	4.218793604988	9
6	520	4.218793604988	9
6	572	4.454200736768	9
6	595	4.718793604988	10
6	604	4.718793604988	10
6	636	5.078511022738	10
6	659	5.218793604988	11
6	668	5.218793604988	11
6	700	5.46653888706	11
6	703	5.718793604988	12
6	712	5.718793604988	12
6	764	6.202104333843	12
6	767	6.218793604988	13
6	776	6.218793604988	13
6	808	6.375382583085	13
6	831	6.718793604988	14
6	840	6.718793604988	14
6	892	7.167277172542	14
6	895	7.218793604988	15
6	904	7.218793604988	15
6	936	7.508685488123	15
6	959	7.718793604988	16
6	968	7.718793604988	16
6	1020	8.139606573115	16
6	1023	8.218793604988	17
6	1032	8.218793604988	17
6	1084	8.527433264311	17
6	1087	8.718793604988	18
6	1096	8.718793604988	18
6	1148	9.09079408558	18
6	1151	9.218793604988	19
6	1160	9.218793604988	19
6	1212	9.607495332751	19
6	1215	9.718793604988	20
6	1224	9.718793604988	20
6	1276	10.052050188611	20
6	1298	10.218793604988	21
6	1307	10.218793604988	21
6	1340	10.534191563408	21
6	1343	10.718793604988	22
6	1352	10.718793604988	22
6	1405	11.122688520289	22
6	1408	11.218793604988	23
6	1417	11.218793604988	23
6	1449	11.361605314686	23
6	1492	11.718793604988	24
6	1501	11.718793604988	24
6	1533	12.008682441208	24
6	1555	12.218793604988	25
6	1564	12.218793604988	25
6	1597	12.393775209933	25
6	1600	12.718793604988	26
6	1609	12.718793604988	26
6	1661	13.114009543284	26
6	1664	13.218793604988	27
6	1673	13.218793604988	27
6	1724	13.405862414799	27
6	1728	13.718793604988	28
6	1737	13.718793604988	28
6	1789	13.873329541422	28
6	1812	14.218793604988	29
6	1821	14.218793604988	29
6	1853	14.448898673765	29
6	1856	14.718793604988	30
6	1865	14.718793604988	30
6	1917	14.87911221763	30
6	1920	15.218793604988	31
6	1929	15.218793604988	31
6	1981	15.408170826323	31
6	1984	15.718793604988	32
6	1993	15.718793604988	32
6	2045	15.973837863337	32
6	2048	16.218793604988	33
6	2057	16.218793604988	33
6	2109	16.680281660668	33
6	2112	16.718793604988	34
6	2121	16.718793604988	34
6	2153	16.99922226794	34
6	2176	17.218793604988	35
6	2185	17.218793604988	35
6	2237	17.564467656854	35
6	2240	17.718793604988	36
6	2249	17.718793604988	36
6	2301	18.180181703399	36
6	2304	18.218793604988	37
6	2313	18.218793604988	37
6	2345	18.358954412732	37
6	2388	18.718793604988	38
6	2397	18.718793604988	38
6	2429	19.207165899555	38
6	2432	19.218793604988	39
6	2441	19.218793604988	39
6	2492	19.580498284995	39
6	2496	19.718793604988	40
6	2505	19.718793604988	40
6	2537	19.887606106567	40
6	2580	20.218793604988	41
6	2589	20.218793604988	41
6	2621	20.462503140195	41
6	2644	20.718793604988	42
6	2653	20.718793604988	42
6	2685	21.119516727663	42
6	2688	21.218793604988	43
6	2697	21.218793604988	43
6	2749	21.562374538797	43
6	2752	21.718793604988	44
6	2761	21.718793604988	44
6	2813	21.949261163137	44
6	2816	22.218793604988	45
6	2825	22.218793604988	45
6	2877	22.334612442329	45
6	2900	22.718793604988	46
6	2909	22.718793604988	46
6	2941	23.072951893377	46
6	2944	23.218793604988	47
6	2953	23.218793604988	47
6	3005	23.70282197982	47
6	3008	23.718793604988	48
6	3017	23.718793604988	48
6	3069	24.080358399692	48
6	3072	24.218793604988	49
6	3081	24.218793604988	49
6	3133	24.573265822939	49
6	3136	24.718793604988	50
6	3145	24.718793604988	50
6	3197	25.217362098358	50
6	3199	25.218793604988	51
6	3208	25.218793604988	51
6	3241	25.551982404999	51
6	3264	25.718793604988	52
6	3273	25.718793604988	52
6	3325	25.98498970732	52
6	3328	26.218793604988	53
6	3337	26.218793604988	53
6	3389	26.509121274165	53
6	3412	26.718793604988	54
6	3421	26.718793604988	54
6	3453	27.068646314516	54
6	3456	27.218793604988	55
6	3465	27.218793604988	55
6	3517	27.454445319119	55
6	3540	27.718793604988	56
6	3549	27.718793604988	56
6	3581	28.089143201019	56
6	3584	28.218793604988	57
6	3593	28.218793604988	57
6	3625	28.446122970022	57
6	3668	28.718793604988	58
6	3677	28.718793604988	58
6	3709	29.130580464806	58
6	3712	29.218793604988	59
6	3721	29.218793604988	59
6	3773	29.699070692676	59
6	3776	29.718793604988	60
6	3785	29.718793604988	60
6	3837	30.084253019336	60
6	3840	30.218793604988	61
6	3849	30.218793604988	61
6	3881	30.324670928865	61
6	3924	30.718793604988	62
6	3933	30.718793604988	62
6	3965	31.06838070942	62
6	3968	31.218793604988	63
6	3977	31.218793604988	63
6	4029	31.588706124536	63
6	4032	31.718793604988	64
6	4041	31.718793604988	64
6	4093	32.208020271695	64
6	4096	32.218793604988	65
6	4105	32.218793604988	65
6	4137	32.670519659537	65
6	4160	32.718793604988	66
6	4169	32.718793604988	66
6	4221	33.023092020824	66
6	4224	33.218793604988	67
6	4233	33.218793604988	67
6	4265	33.341528149284	67
6	4308	33.718793604988	68
6	4317	33.718793604988	68
6	4349	33.999705957676	68
6	4352	34.218793604988	69
6	4361	34.218793604988	69
6	4393	34.327237341049	69
6	4436	34.718793604988	70
6	4445	34.718793604988	70
6	4477	34.995926640704	70
6	4499	35.218793604988	71
6	4508	35.218793604988	71
6	4541	35.711076964307	71
6	4543	35.718793604988	72
6	4552	35.718793604988	72
6	4605	35.963020059708	72
6	4628	36.218793604988	73
6	4637	36.218793604988	73
6	4669	36.511599686611	73
6	4692	36.718793604988	74
6	4701	36.718793604988	74
6	4733	37.094706746618	74
6	4736	37.218793604988	75
6	4745	37.218793604988	75
6	4797	37.671432629376	75
6	4800	37.718793604988	76
6	4809	37.718793604988	76
6	4861	38.186536461263	76
6	4864	38.218793604988	77
6	4873	38.218793604988	77
6	4925	38.405971125382	77
6	4928	38.718793604988	78
6	4937	38.718793604988	78
6	4989	39.045317818373	78
6	4992	39.218793604988	79
6	5001	39.218793604988	79
6	5053	39.665283297709	79
6	5056	39.718793604988	80
6	5065	39.718793604988	80
6	5117	40.022829856499	80
6	5120	40.218793604988	81
6	5129	40.218793604988	81
6	5181	40.685931454747	81
6	5184	40.718793604988	82
6	5193	40.718793604988	82
6	5245	41.187705316915	82
6	5248	41.218793604988	83
6	5257	41.218793604988	83
6	5289	41.352487266771	83
6	5312	41.718793604988	84
6	5321	41.718793604988	84
6	5373	41.930329697727	84
6	5396	42.218793604988	85
6	5405	42.218793604988	85
6	5437	42.322984952814	85
6	5460	42.718793604988	86
6	5469	42.718793604988	86
6	5501	43.156179103776	86
6	5504	43.218793604988	87
6	5513	43.218793604988	87
6	5565	43.578111927546	87
6	5568	43.718793604988	88
6	5577	43.718793604988	88
6	5629	44.155796720981	88
6	5632	44.218793604988	89
6	5641	44.218793604988	89
6	5693	44.425134337842	89
6	5716	44.718793604988	90
6	5725	44.718793604988	90
6	5757	44.978370572775	90
6	5760	45.218793604988	91
6	5769	45.218793604988	91
6	5821	45.54037086578	91
6	5844	45.718793604988	92
6	5853	45.718793604988	92
6	5885	45.88521845635	92
6	5888	46.218793604988	93
6	5897	46.218793604988	93
6	5949	46.467165510412	93
6	5972	46.718793604988	94
6	5981	46.718793604988	94
6	6013	46.877818977422	94
6	6016	47.218793604988	95
6	6025	47.218793604988	95
6	6077	47.547089633866	95
6	6080	47.718793604988	96
6	6089	47.718793604988	96
6	6141	48.100737184434	96
6	6144	48.218793604988	97
6	6153	48.218793604988	97
6	6185	48.434632845092	97
6	6208	48.718793604988	98
6	6217	48.718793604988	98
6	6269	48.992557497657	98
6	6292	49.218793604988	99
6	6301	49.218793604988	99
6	6333	49.621684948689	99
6	6336	49.718793604988	100
6	6345	49.718793604988	100
6	6397	49.977681583408	100
6	6400	50.218793604988	101
6	6409	50.218793604988	101
6	6461	50.677657627835	101
6	6464	50.718793604988	102
6	6473	50.718793604988	102
6	6525	51.074810704178	102
6	6528	51.218793604988	103
6	6537	51.218793604988	103
6	6589	51.675864044446	103
6	6592	51.718793604988	104
6	6601	51.718793604988	104
6	6633	52.091264501269	104
6	6656	52.218793604988	105
6	6665	52.218793604988	105
6	6717	52.49892136488	105
6	6720	52.718793604988	106
6	6729	52.718793604988	106
6	6781	53.210670641679	106
6	6783	53.218793604988	107
6	6792	53.218793604988	107
6	6825	53.365723036098	107
6	6868	53.718793604988	108
6	6877	53.718793604988	108
6	6909	54.126051753163	108
6	6912	54.218793604988	109
6	6921	54.218793604988	109
6	6953	54.483970328848	109
6	6976	54.718793604988	110
6	6985	54.718793604988	110
6	7037	55.089417902994	110
6	7040	55.218793604988	111
6	7049	55.218793604988	111
6	7081	55.419160782135	111
6	7104	55.718793604988	112
6	7113	55.718793604988	112
6	7165	55.944529604967	112
6	7168	56.218793604988	113
6	7177	56.218793604988	113
6	7229	56.705408759563	113
6	7232	56.718793604988	114
6	7241	56.718793604988	114
6	7273	57.054628305472	114
6	7296	57.218793604988	115
6	7305	57.218793604988	115
6	7357	57.583109637778	115
6	7360	57.718793604988	116
6	7369	57.718793604988	116
6	7421	58.032524772789	116
6	7424	58.218793604988	117
6	7433	58.218793604988	117
6	7465	58.411455481368	117
6	7488	58.718793604988	118
6	7497	58.718793604988	118
6	7549	58.977189988977	118
6	7552	59.218793604988	119
6	7561	59.218793604988	119
6	7613	59.566765696517	119
6	7616	59.718793604988	120
6	7625	59.718793604988	120
6	7677	60.009189280736	120
6	7700	60.218793604988	121
6	7709	60.218793604988	121
6	7741	60.507295147478	121
6	7744	60.718793604988	122
6	7753	60.718793604988	122
6	7805	61.105672085527	122
6	7808	61.218793604988	123
6	7817	61.218793604988	123
6	7849	61.434438673648	123
6	7892	61.718793604988	124
6	7901	61.718793604988	124
6	7933	61.972627162523	124
6	7936	62.218793604988	125
6	7945	62.218793604988	125
6	7997	62.618910206537	125
6	8000	62.718793604988	126
6	8009	62.718793604988	126
6	8061	63.170623148567	126
6	8064	63.218793604988	127
6	8073	63.218793604988	127
6	8125	63.360387616101	127
6	8148	63.718793604988	128
6	8157	63.718793604988	128
6	8189	63.85619182676	128
6	8212	64.218793604988	129
6	8221	64.218793604988	129
6	8253	64.460860937889	129
6	8256	64.718793604988	130
6	8265	64.718793604988	130
6	8317	65.03996877415	130
6	8320	65.218793604988	131
6	8329	65.218793604988	131
6	8361	65.332692309617	131
6	8404	65.718793604988	132
6	8413	65.718793604988	132
6	8445	66.206826978511	132
6	8448	66.218793604988	133
6	8457	66.218793604988	133
6	8489	66.447641169614	133
6	8512	66.718793604988	134
6	8521	66.718793604988	134
6	8573	66.907747345193	134
6	8576	67.218793604988	135
6	8585	67.218793604988	135
6	8636	67.37574783327	135
6	8660	67.718793604988	136
6	8669	67.718793604988	136
6	8701	67.858146242759	136
6	8724	68.218793604988	137
6	8733	68.218793604988	137
6	8765	68.712859166282	137
6	8767	68.718793604988	138
6	8776	68.718793604988	138
6	8809	68.923378643542	138
6	8832	69.218793604988	139
6	8841	69.218793604988	139
6	8893	69.534051279034	139
6	8896	69.718793604988	140
6	8905	69.718793604988	140
6	8957	69.99841274159	140
6	8980	70.218793604988	141
6	8989	70.218793604988	141
6	9021	70.359069906044	141
6	9024	70.718793604988	142
6	9033	70.718793604988	142
6	9085	70.96016693633	142
6	9088	71.218793604988	143
6	9097	71.218793604988	143
6	9149	71.506941940784	143
6	9152	71.718793604988	144
6	9161	71.718793604988	144
6	9213	72.15569832405	144
6	9216	72.218793604988	145
6	9225	72.218793604988	145
6	9277	72.68110136982	145
6	9280	72.718793604988	146
6	9289	72.718793604988	146
6	9321	72.834266025908	146
6	9364	73.218793604988	147
6	9373	73.218793604988	147
6	9405	73.522568452227	147
6	9408	73.718793604988	148
6	9417	73.718793604988	148
6	9469	73.885981279294	148
6	9492	74.218793604988	149
6	9501	74.218793604988	149
6	9533	74.630862679388	149
6	9536	74.718793604988	150
6	9545	74.718793604988	150
6	9597	75.165215589254	150
6	9600	75.218793604988	151
6	9609	75.218793604988	151
6	9641	75.483800961877	151
6	9664	75.718793604988	152
6	9673	75.718793604988	152
6	9725	75.875231305379	152
6	9748	76.218793604988	153
6	9757	76.218793604988	153
6	9789	76.332531226668	153
6	9812	76.718793604988	154
6	9821	76.718793604988	154
6	9853	77.212272254805	154
6	9855	77.218793604988	155
6	9864	77.218793604988	155
6	9897	77.468558573219	155
6	9920	77.718793604988	156
6	9929	77.718793604988	156
6	9981	77.987272419184	156
6	9984	78.218793604988	157
6	9993	78.218793604988	157
6	10025	78.339477517232	157
6	10048	78.718793604988	158
6	10057	78.718793604988	158
6	10109	78.965440711993	158
6	10112	79.218793604988	159
6	10121	79.218793604988	159
6	10153	79.325893459897	159
6	10176	79.718793604988	160
6	10185	79.718793604988	160
6	10237	79.911539208758	160
6	10260	80.218793604988	161
6	10269	80.218793604988	161
6	10301	80.625206951293	161
6	10304	80.718793604988	162
6	10313	80.718793604988	162
6	10365	81.196891680415	162
6	10368	81.218793604988	163
6	10377	81.218793604988	163
6	10429	81.619241971205	163
6	10432	81.718793604988	164
6	10441	81.718793604988	164
6	10493	81.955003798529	164
6	10496	82.218793604988	165
6	10505	82.218793604988	165
6	10557	82.515061848945	165
6	10580	82.718793604988	166
6	10589	82.718793604988	166
6	10621	82.954836318697	166
6	10644	83.218793604988	167
6	10653	83.218793604988	167
6	10685	83.391038379315	167
6	10708	83.718793604988	168
6	10717	83.718793604988	168
6	10749	83.887636909223	168
6	10752	84.218793604988	169
6	10761	84.218793604988	169
6	10813	84.504622662588	169
6	10836	84.718793604988	170
6	10845	84.718793604988	170
6	10877	85.169071456938	170
6	10880	85.218793604988	171
6	10889	85.218793604988	171
6	10941	85.696890172511	171
6	10944	85.718793604988	172
6	10953	85.718793604988	172
6	10985	86.062543419152	172
6	11008	86.218793604988	173
6	11017	86.218793604988	173
6	11069	86.557904437239	173
6	11092	86.718793604988	174
6	11101	86.718793604988	174
6	11133	87.132699971329	174
6	11136	87.218793604988	175
6	11145	87.218793604988	175
6	11197	87.519252789634	175
6	11200	87.718793604988	176
6	11209	87.718793604988	176
6	11241	87.839390295613	176
6	11284	88.218793604988	177
6	11293	88.218793604988	177
6	11325	88.598881503157	177
6	11328	88.718793604988	178
6	11337	88.718793604988	178
6	11389	89.216200830377	178
6	11391	89.218793604988	179
6	11400	89.218793604988	179
6	11433	89.426147285718	179
6	11456	89.718793604988	180
6	11465	89.718793604988	180
6	11517	90.090878519378	180
6	11520	90.218793604988	181
6	11529	90.218793604988	181
6	11581	90.664954849108	181
6	11584	90.718793604988	182
6	11593	90.718793604988	182
6	11645	91.119579970892	182
6	11648	91.218793604988	183
6	11657	91.218793604988	183
6	11709	91.705038178395	183
6	11712	91.718793604988	184
6	11721	91.718793604988	184
6	11773	92.040939246546	184
6	11776	92.218793604988	185
6	11785	92.218793604988	185
6	11837	92.404198472909	185
6	11860	92.718793604988	186
6	11869	92.718793604988	186
6	11901	92.908219561502	186
6	11924	93.218793604988	187
6	11933	93.218793604988	187
6	11965	93.406742019261	187
6	11968	93.718793604988	188
6	11977	93.718793604988	188
6	12029	94.047071684859	188
6	12032	94.218793604988	189
6	12041	94.218793604988	189
6	12093	94.500085887368	189
6	12096	94.718793604988	190
6	12105	94.718793604988	190
6	12157	95.207336946073	190
6	12160	95.218793604988	191
6	12169	95.218793604988	191
6	12221	95.59146014979	191
6	12224	95.718793604988	192
6	12233	95.718793604988	192
6	12285	95.853360498938	192
6	12308	96.218793604988	193
6	12317	96.218793604988	193
6	12349	96.341809605955	193
6	12372	96.718793604988	194
6	12381	96.718793604988	194
6	12413	97.014377354513	194
6	12416	97.218793604988	195
6	12425	97.218793604988	195
6	12477	97.671644095573	195
6	12480	97.718793604988	196
6	12489	97.718793604988	196
6	12541	98.209804028235	196
6	12543	98.218793604988	197
6	12552	98.218793604988	197
6	12605	98.566305439788	197
6	12608	98.718793604988	198
6	12617	98.718793604988	198
6	12669	99.036241782884	198
6	12692	99.218793604988	199
6	12701	99.218793604988	199
6	12733	99.661087705343	199
6	12736	99.718793604988	200
6	12745	99.718793604988	200
6	12797	100.116776089053	200
6	12800	100.218793604988	201
6	12809	100.218793604988	201
6	12861	100.510680802687	201
6	12864	100.718793604988	202
6	12873	100.718793604988	202
6	12925	101.090074902642	202
6	12928	101.218793604988	203
6	12937	101.218793604988	203
6	12989	101.562060296497	203
6	12992	101.718793604988	204
6	13001	101.718793604988	204
6	13053	102.105121045242	204
6	13056	102.218793604988	205
6	13065	102.218793604988	205
6	13097	102.507041147127	205
6	13140	102.718793604988	206
6	13149	102.718793604988	206
6	13181	103.001648121475	206
6	13184	103.218793604988	207
6	13193	103.218793604988	207
6	13245	103.681809507645	207
6	13248	103.718793604988	208
6	13257	103.718793604988	208
6	13289	103.874130440465	208
6	13332	104.218793604988	209
6	13341	104.218793604988	209
6	13373	104.410930001325	209
6	13376	104.718793604988	210
6	13385	104.718793604988	210
6	13437	105.171876433733	210
6	13440	105.218793604988	211
6	13449	105.218793604988	211
6	13501	105.681012263018	211
6	13504	105.718793604988	212
6	13513	105.718793604988	212
6	13565	106.077556111998	212
6	13568	106.218793604988	213
6	13577	106.218793604988	213
6	13629	106.449115461166	213
6	13632	106.718793604988	214
6	13641	106.718793604988	214
6	13693	107.027126749008	214
6	13696	107.218793604988	215
6	13705	107.218793604988	215
6	13737	107.319264412261	215
6	13760	107.718793604988	216
6	13769	107.718793604988	216
6	13821	107.943986360318	216
6	13844	108.218793604988	217
6	13853	108.218793604988	217
6	13885	108.48942288706	217
6	13888	108.718793604988	218
6	13897	108.718793604988	218
6	13949	109.173377337828	218
6	13952	109.218793604988	219
6	13961	109.218793604988	219
6	14013	109.591194054074	219
6	14016	109.718793604988	220
6	14025	109.718793604988	220
6	14057	110.001694181058	220
6	14080	110.218793604988	221
6	14089	110.218793604988	221
6	14141	110.512605719137	221
6	14164	110.718793604988	222
6	14173	110.718793604988	222
6	14205	111.134738040677	222
6	14208	111.218793604988	223
6	14217	111.218793604988	223
6	14249	111.411019003726	223
6	14272	111.718793604988	224
6	14281	111.718793604988	224
6	14333	112.171361313909	224
6	14336	112.218793604988	225
6	14345	112.218793604988	225
6	14397	112.444719231091	225
6	14420	112.718793604988	226
6	14429	112.718793604988	226
6	14461	113.202222614511	226
6	14464	113.218793604988	227
6	14473	113.218793604988	227
6	14505	113.507942902445	227
6	14548	113.718793604988	228
6	14557	113.718793604988	228
6	14589	114.103875800743	228
6	14592	114.218793604988	229
6	14601	114.218793604988	229
6	14653	114.380719993505	229
6	14676	114.718793604988	230
6	14685	114.718793604988	230
6	14717	115.111419144328	230
6	14720	115.218793604988	231
6	14729	115.218793604988	231
6	14781	115.577748046125	231
6	14784	115.718793604988	232
6	14793	115.718793604988	232
6	14845	115.905194566733	232
6	14868	116.218793604988	233
6	14877	116.218793604988	233
6	14909	116.393825559559	233
6	14912	116.718793604988	234
6	14921	116.718793604988	234
6	14973	117.142274378109	234
6	14976	117.218793604988	235
6	14985	117.218793604988	235
6	15037	117.618074060473	235
6	15040	117.718793604988	236
6	15049	117.718793604988	236
6	15101	118.089181210156	236
6	15104	118.218793604988	237
6	15113	118.218793604988	237
6	15165	118.42999977298	237
6	15188	118.718793604988	238
6	15197	118.718793604988	238
6	15229	118.889205821007	238
6	15232	119.218793604988	239
6	15241	119.218793604988	239
6	15293	119.601031976807	239
6	15296	119.718793604988	240
6	15305	119.718793604988	240
6	15357	120.004502350706	240
6	15360	120.218793604988	241
6	15369	120.218793604988	241
6	15421	120.65541368626	241
6	15424	120.718793604988	242
6	15433	120.718793604988	242
6	15485	120.901188576742	242
6	15508	121.218793604988	243
6	15517	121.218793604988	243
6	15549	121.38522582069	243
6	15572	121.718793604988	244
6	15581	121.718793604988	244
6	15613	121.869175496473	244
6	15636	122.218793604988	245
6	15645	122.218793604988	245
6	15677	122.608074536416	245
6	15680	122.718793604988	246
6	15689	122.718793604988	246
6	15721	122.831423458419	246
6	15744	123.218793604988	247
6	15753	123.218793604988	247
6	15805	123.618039967175	247
6	15808	123.718793604988	248
6	15817	123.718793604988	248
6	15849	123.856280735563	248
6	15872	124.218793604988	249
6	15881	124.218793604988	249
6	15933	124.40622246988	249
6	15956	124.718793604988	250
6	15965	124.718793604988	250
6	15997	125.118944038785	250
6	16000	125.218793604988	251
6	16009	125.218793604988	251
6	16057	125.611919775474	251
6	16059	125.718793604988	252
6	16068	125.718793604988	252
6	16095	126.053032701052	252
6	16097	126.218793604988	253
6	16106	126.218793604988	253
6	16133	126.33748812653	253
6	16135	126.718793604988	254
6	16144	126.718793604988	254
6	16171	127.204016825519	254
6	16173	127.218793604988	255
6	16182	127.218793604988	255
6	16187	127.718793604988	256
6	16196	127.718793604988	256
6	16201	128.218793604988	257
6	16210	128.218793604988	257
6	16215	128.718793604988	258
6	16224	128.718793604988	258
6	16229	129.218793604988	259
6	16238	129.218793604988	259
6	16243	129.718793604988	260
6	16252	129.718793604988	260
6	16257	130.218793604988	261
6	16266	130.218793604988	261
6	16271	130.718793604988	262
6	16280	130.718793604988	262
6	16285	131.218793604988	263
6	16294	131.218793604988	263
6	16299	131.718793604988	264
6	16308	131.718793604988	264
6	16313	132.218793604988	265
6	16322	132.218793604988	265
6	16327	132.718793604988	266
6	16336	132.718793604988	266
6	16341	133.218793604988	267
6	16350	133.218793604988	267
6	16355	133.718793604988	268
6	16364	133.718793604988	268
6	16369	134.218793604988	269
6	16378	134.218793604988	269
6	16383	134.718793604988	270
6	16392	134.718793604988	270
6	16393	135.218793604988	271
6	16400	135.218793604988	271
6	16401	135.718793604988	272
6	16408	135.718793604988	272
6	16409	136.218793604988	273
6	16416	136.218793604988	273
6	16417	136.718793604988	274
6	16424	136.718793604988	274
6	16425	137.218793604988	275
6	16432	137.218793604988	275
6	16433	137.718793604988	276
6	16440	137.718793604988	276
6	16441	138.218793604988	277
6	16448	138.218793604988	277
6	16449	138.718793604988	278
6	16456	138.718793604988	278
6	16457	139.218793604988	279
6	16464	139.218793604988	279
6	16465	139.718793604988	280
6	16472	139.718793604988	280
6	16473	140.218793604988	281
6	16480	140.218793604988	281
6	16481	140.718793604988	282
6	16488	140.718793604988	282
6	16489	141.218793604988	283
6	16496	141.218793604988	283
6	16497	141.718793604988	284
6	16504	141.718793604988	284
6	16505	142.218793604988	285
6	16512	142.218793604988	285
6	16513	142.718793604988	286
6	16520	142.718793604988	286
6	16521	143.218793604988	287
6	16528	143.218793604988	287
6	16529	143.718793604988	288
6	16536	143.718793604988	288
6	16537	144.218793604988	289
6	16544	144.218793604988	289
6	16545	144.718793604988	290
6	16552	144.718793604988	290
6	16553	145.218793604988	291
6	16560	145.218793604988	291
6	16561	145.718793604988	292
6	16568	145.718793604988	292
6	16569	146.218793604988	293
6	16576	146.218793604988	293
6	16577	146.718793604988	294
6	16584	146.718793604988	294
6	16585	147.218793604988	295
6	16592	147.218793604988	295
6	16593	147.718793604988	296
6	16600	147.718793604988	296
6	16601	148.218793604988	297
6	16608	148.218793604988	297
6	16609	148.718793604988	298
6	16616	148.718793604988	298
6	16617	149.218793604988	299
6	16624	149.218793604988	299
6	16625	149.718793604988	300
6	16632	149.718793604988	300
7	20	0.218793604988	8
7	64	0.718793604988	8
7	128	1.218793604988	8
7	212	1.718793604988	8
7	256	2.218793604988	8
7	320	2.718793604988	8
7	384	3.218793604988	8
7	448	3.718793604988	8
7	512	4.218793604988	8
7	596	4.718793604988	8
7	660	5.218793604988	8
7	704	5.718793604988	8
7	768	6.218793604988	8
7	832	6.718793604988	8
7	896	7.218793604988	8
7	960	7.718793604988	8
7	1024	8.218793604988	8
7	1088	8.718793604988	8
7	1152	9.218793604988	8
7	1216	9.718793604988	8
7	1299	10.218793604988	8
7	1344	10.718793604988	8
7	1409	11.218793604988	8
7	1493	11.718793604988	8
7	1556	12.218793604988	8
7	1601	12.718793604988	8
7	1665	13.218793604988	8
7	1729	13.718793604988	8
7	1813	14.218793604988	8
7	1857	14.718793604988	8
7	1921	15.218793604988	8
7	1985	15.718793604988	8
7	2049	16.218793604988	8
7	2113	16.718793604988	8
7	2177	17.218793604988	8
7	2241	17.718793604988	8
7	2305	18.218793604988	8
7	2389	18.718793604988	8
7	2433	19.218793604988	8
7	2497	19.718793604988	8
7	2581	20.218793604988	8
7	2645	20.718793604988	8
7	2689	21.218793604988	8
7	2753	21.718793604988	8
7	2817	22.218793604988	8
7	2901	22.718793604988	8
7	2945	23.218793604988	8
7	3009	23.718793604988	8
7	3073	24.218793604988	8
7	3137	24.718793604988	8
7	3200	25.218793604988	8
7	3265	25.718793604988	8
7	3329	26.218793604988	8
7	3413	26.718793604988	8
7	3457	27.218793604988	8
7	3541	27.718793604988	8
7	3585	28.218793604988	8
7	3669	28.718793604988	8
7	3713	29.218793604988	8
7	3777	29.718793604988	8
7	3841	30.218793604988	8
7	3925	30.718793604988	8
7	3969	31.218793604988	8
7	4033	31.718793604988	8
7	4097	32.218793604988	8
7	4161	32.718793604988	8
7	4225	33.218793604988	8
7	4309	33.718793604988	8
7	4353	34.218793604988	8
7	4437	34.718793604988	8
7	4500	35.218793604988	8
7	4544	35.718793604988	8
7	4629	36.218793604988	8
7	4693	36.718793604988	8
7	4737	37.218793604988	8
7	4801	37.718793604988	8
7	4865	38.218793604988	8
7	4929	38.718793604988	8
7	4993	39.218793604988	8
7	5057	39.718793604988	8
7	5121	40.218793604988	8
7	5185	40.718793604988	8
7	5249	41.218793604988	8
7	5313	41.718793604988	8
7	5397	42.218793604988	8
7	5461	42.718793604988	8
7	5505	43.218793604988	8
7	5569	43.718793604988	8
7	5633	44.218793604988	8
7	5717	44.718793604988	8
7	5761	45.218793604988	8
7	5845	45.718793604988	8
7	5889	46.218793604988	8
7	5973	46.718793604988	8
7	6017	47.218793604988	8
7	6081	47.718793604988	8
7	6145	48.218793604988	8
7	6209	48.718793604988	8
7	6293	49.218793604988	8
7	6337	49.718793604988	8
7	6401	50.218793604988	8
7	6465	50.718793604988	8
7	6529	51.218793604988	8
7	6593	51.718793604988	8
7	6657	52.218793604988	8
7	6721	52.718793604988	8
7	6784	53.218793604988	8
7	6869	53.718793604988	8
7	6913	54.218793604988	8
7	6977	54.718793604988	8
7	7041	55.218793604988	8
7	7105	55.718793604988	8
7	7169	56.218793604988	8
7	7233	56.718793604988	8
7	7297	57.218793604988	8
7	7361	57.718793604988	8
7	7425	58.218793604988	8
7	7489	58.718793604988	8
7	7553	59.218793604988	8
7	7617	59.718793604988	8
7	7701	60.218793604988	8
7	7745	60.718793604988	8
7	7809	61.218793604988	8
7	7893	61.718793604988	8
7	7937	62.218793604988	8
7	8001	62.718793604988	8
7	8065	63.218793604988	8
7	8149	63.718793604988	8
7	8213	64.218793604988	8
7	8257	64.718793604988	8
7	8321	65.218793604988	8
7	8405	65.718793604988	8
7	8449	66.218793604988	8
7	8513	66.718793604988	8
7	8577	67.218793604988	8
7	8661	67.718793604988	8
7	8725	68.218793604988	8
7	8768	68.718793604988	8
7	8833	69.218793604988	8
7	8897	69.718793604988	8
7	8981	70.218793604988	8
7	9025	70.718793604988	8
7	9089	71.218793604988	8
7	9153	71.718793604988	8
7	9217	72.218793604988	8
7	9281	72.718793604988	8
7	9365	73.218793604988	8
7	9409	73.718793604988	8
7	9493	74.218793604988	8
7	9537	74.718793604988	8
7	9601	75.218793604988	8
7	9665	75.718793604988	8
7	9749	76.218793604988	8
7	9813	76.718793604988	8
7	9856	77.218793604988	8
7	9921	77.718793604988	8
7	9985	78.218793604988	8
7	10049	78.718793604988	8
7	10113	79.218793604988	8
7	10177	79.718793604988	8
7	10261	80.218793604988	8
7	10305	80.718793604988	8
7	10369	81.218793604988	8
7	10433	81.718793604988	8
7	10497	82.218793604988	8
7	10581	82.718793604988	8
7	10645	83.218793604988	8
7	10709	83.718793604988	8
7	10753	84.218793604988	8
7	10837	84.718793604988	8
7	10881	85.218793604988	8
7	10945	85.718793604988	8
7	11009	86.218793604988	8
7	11093	86.718793604988	8
7	11137	87.218793604988	8
7	11201	87.718793604988	8
7	11285	88.218793604988	8
7	11329	88.718793604988	8
7	11392	89.218793604988	8
7	11457	89.718793604988	8
7	11521	90.218793604988	8
7	11585	90.718793604988	8
7	11649	91.218793604988	8
7	11713	91.718793604988	8
7	11777	92.218793604988	8
7	11861	92.718793604988	8
7	11925	93.218793604988	8
7	11969	93.718793604988	8
7	12033	94.218793604988	8
7	12097	94.718793604988	8
7	12161	95.218793604988	8
7	12225	95.718793604988	8
7	12309	96.218793604988	8
7	12373	96.718793604988	8
7	12417	97.218793604988	8
7	12481	97.718793604988	8
7	12544	98.218793604988	8
7	12609	98.718793604988	8
7	12693	99.218793604988	8
7	12737	99.718793604988	8
7	12801	100.218793604988	8
7	12865	100.718793604988	8
7	12929	101.218793604988	8
7	12993	101.718793604988	8
7	13057	102.218793604988	8
7	13141	102.718793604988	8
7	13185	103.218793604988	8
7	13249	103.718793604988	8
7	13333	104.218793604988	8
7	13377	104.718793604988	8
7	13441	105.218793604988	8
7	13505	105.718793604988	8
7	13569	106.218793604988	8
7	13633	106.718793604988	8
7	13697	107.218793604988	8
7	13761	107.718793604988	8
7	13845	108.218793604988	8
7	13889	108.718793604988	8
7	13953	109.218793604988	8
7	14017	109.718793604988	8
7	14081	110.218793604988	8
7	14165	110.718793604988	8
7	14209	111.218793604988	8
7	14273	111.718793604988	8
7	14337	112.218793604988	8
7	14421	112.718793604988	8
7	14465	113.218793604988	8
7	14549	113.718793604988	8
7	14593	114.218793604988	8
7	14677	114.718793604988	8
7	14721	115.218793604988	8
7	14785	115.718793604988	8
7	14869	116.218793604988	8
7	14913	116.718793604988	8
7	14977	117.218793604988	8
7	15041	117.718793604988	8
7	15105	118.218793604988	8
7	15189	118.718793604988	8
7	15233	119.218793604988	8
7	15297	119.718793604988	8
7	15361	120.218793604988	8
7	15425	120.718793604988	8
7	15509	121.218793604988	8
7	15573	121.718793604988	8
7	15637	122.218793604988	8
7	15681	122.718793604988	8
7	15745	123.218793604988	8
7	15809	123.718793604988	8
7	15873	124.218793604988	8
7	15957	124.718793604988	8
7	16001	125.218793604988	8
7	16060	125.718793604988	8
7	16098	126.218793604988	8
7	16136	126.718793604988	8
7	16174	127.218793604988	8
7	16188	127.718793604988	8
7	16202	128.218793604988	8
7	16216	128.718793604988	8
7	16230	129.218793604988	8
7	16244	129.718793604988	8
7	16258	130.218793604988	8
7	16272	130.718793604988	8
7	16286	131.218793604988	8
7	16300	131.718793604988	8
7	16314	132.218793604988	8
7	16328	132.718793604988	8
7	16342	133.218793604988	8
7	16356	133.718793604988	8
7	16370	134.218793604988	8
7	16384	134.718793604988	8
7	16394	135.218793604988	8
7	16402	135.718793604988	8
7	16410	136.218793604988	8
7	16418	136.718793604988	8
7	16426	137.218793604988	8
7	16434	137.718793604988	8
7	16442	138.218793604988	8
7	16450	138.718793604988	8
7	16458	139.218793604988	8
7	16466	139.718793604988	8
7	16474	140.218793604988	8
7	16482	140.718793604988	8
7	16490	141.218793604988	8
7	16498	141.718793604988	8
7	16506	142.218793604988	8
7	16514	142.718793604988	8
7	16522	143.218793604988	8
7	16530	143.718793604988	8
7	16538	144.218793604988	8
7	16546	144.718793604988	8
7	16554	145.218793604988	8
7	16562	145.718793604988	8
7	16570	146.218793604988	8
7	16578	146.718793604988	8
7	16586	147.218793604988	8
7	16594	147.718793604988	8
7	16602	148.218793604988	8
7	16610	148.718793604988	8
7	16618	149.218793604988	8
7	16626	149.718793604988	8
8	26	0.218793604988	8
8	58	0.438256114218	8
8	70	0.718793604988	8
8	102	0.841927462406	8
8	134	1.218793604988	8
8	186	1.428304789922	8
8	218	1.718793604988	8
8	250	2.010308316778	8
8	262	2.218793604988	8
8	314	2.644109762701	8
8	326	2.718793604988	8
8	378	3.011233140676	8
8	390	3.218793604988	8
8	442	3.476356189381	8
8	454	3.718793604988	8
8	506	4.153673779647	8
8	518	4.218793604988	8
8	570	4.454200736768	8
8	602	4.718793604988	8
8	634	5.078511022738	8
8	666	5.218793604988	8
8	698	5.46653888706	8
8	710	5.718793604988	8
8	762	6.202104333843	8
8	774	6.218793604988	8
8	806	6.375382583085	8
8	838	6.718793604988	8
8	890	7.167277172542	8
8	902	7.218793604988	8
8	934	7.508685488123	8
8	966	7.718793604988	8
8	1018	8.139606573115	8
8	1030	8.218793604988	8
8	1082	8.527433264311	8
8	1094	8.718793604988	8
8	1146	9.09079408558	8
8	1158	9.218793604988	8
8	1210	9.607495332751	8
8	1222	9.718793604988	8
8	1274	10.052050188611	8
8	1305	10.218793604988	8
8	1338	10.534191563408	8
8	1350	10.718793604988	8
8	1403	11.122688520289	8
8	1415	11.218793604988	8
8	1447	11.361605314686	8
8	1499	11.718793604988	8
8	1531	12.008682441208	8
8	1562	12.218793604988	8
8	1595	12.393775209933	8
8	1607	12.718793604988	8
8	1659	13.114009543284	8
8	1671	13.218793604988	8
8	1722	13.405862414799	8
8	1735	13.718793604988	8
8	1787	13.873329541422	8
8	1819	14.218793604988	8
8	1851	14.448898673765	8
8	1863	14.718793604988	8
8	1915	14.87911221763	8
8	1927	15.218793604988	8
8	1979	15.408170826323	8
8	1991	15.718793604988	8
8	2043	15.973837863337	8
8	2055	16.218793604988	8
8	2107	16.680281660668	8
8	2119	16.718793604988	8
8	2151	16.99922226794	8
8	2183	17.218793604988	8
8	2235	17.564467656854	8
8	2247	17.718793604988	8
8	2299	18.180181703399	8
8	2311	18.218793604988	8
8	2343	18.358954412732	8
8	2395	18.718793604988	8
8	2427	19.207165899555	8
8	2439	19.218793604988	8
8	2490	19.580498284995	8
8	2503	19.718793604988	8
8	2535	19.887606106567	8
8	2587	20.218793604988	8
8	2619	20.462503140195	8
8	2651	20.718793604988	8
8	2683	21.119516727663	8
8	2695	21.218793604988	8
8	2747	21.562374538797	8
8	2759	21.718793604988	8
8	2811	21.949261163137	8
8	2823	22.218793604988	8
8	2875	22.334612442329	8
8	2907	22.718793604988	8
8	2939	23.072951893377	8
8	2951	23.218793604988	8
8	3003	23.70282197982	8
8	3015	23.718793604988	8
8	3067	24.080358399692	8
8	3079	24.218793604988	8
8	3131	24.573265822939	8
8	3143	24.718793604988	8
8	3195	25.217362098358	8
8	3206	25.218793604988	8
8	3239	25.551982404999	8
8	3271	25.718793604988	8
8	3323	25.98498970732	8
8	3335	26.218793604988	8
8	3387	26.509121274165	8
8	3419	26.718793604988	8
8	3451	27.068646314516	8
8	3463	27.218793604988	8
8	3515	27.454445319119	8
8	3547	27.718793604988	8
8	3579	28.089143201019	8
8	3591	28.218793604988	8
8	3623	28.446122970022	8
8	3675	28.718793604988	8
8	3707	29.130580464806	8
8	3719	29.218793604988	8
8	3771	29.699070692676	8
8	3783	29.718793604988	8
8	3835	30.084253019336	8
8	3847	30.218793604988	8
8	3879	30.324670928865	8
8	3931	30.718793604988	8
8	3963	31.06838070942	8
8	3975	31.218793604988	8
8	4027	31.588706124536	8
8	4039	31.718793604988	8
8	4091	32.208020271695	8
8	4103	32.218793604988	8
8	4135	32.670519659537	8
8	4167	32.718793604988	8
8	4219	33.023092020824	8
8	4231	33.218793604988	8
8	4263	33.341528149284	8
8	4315	33.718793604988	8
8	4347	33.999705957676	8
8	4359	34.218793604988	8
8	4391	34.327237341049	8
8	4443	34.718793604988	8
8	4475	34.995926640704	8
8	4506	35.218793604988	8
8	4539	35.711076964307	8
8	4550	35.718793604988	8
8	4603	35.963020059708	8
8	4635	36.218793604988	8
8	4667	36.511599686611	8
8	4699	36.718793604988	8
8	4731	37.094706746618	8
8	4743	37.218793604988	8
8	4795	37.671432629376	8
8	4807	37.718793604988	8
8	4859	38.186536461263	8
8	4871	38.218793604988	8
8	4923	38.405971125382	8
8	4935	38.718793604988	8
8	4987	39.045317818373	8
8	4999	39.218793604988	8
8	5051	39.665283297709	8
8	5063	39.718793604988	8
8	5115	40.022829856499	8
8	5127	40.218793604988	8
8	5179	40.685931454747	8
8	5191	40.718793604988	8
8	5243	41.187705316915	8
8	5255	41.218793604988	8
8	5287	41.352487266771	8
8	5319	41.718793604988	8
8	5371	41.930329697727	8
8	5403	42.218793604988	8
8	5435	42.322984952814	8
8	5467	42.718793604988	8
8	5499	43.156179103776	8
8	5511	43.218793604988	8
8	5563	43.578111927546	8
8	5575	43.718793604988	8
8	5627	44.155796720981	8
8	5639	44.218793604988	8
8	5691	44.425134337842	8
8	5723	44.718793604988	8
8	5755	44.978370572775	8
8	5767	45.218793604988	8
8	5819	45.54037086578	8
8	5851	45.718793604988	8
8	5883	45.88521845635	8
8	5895	46.218793604988	8
8	5947	46.467165510412	8
8	5979	46.718793604988	8
8	6011	46.877818977422	8
8	6023	47.218793604988	8
8	6075	47.547089633866	8
8	6087	47.718793604988	8
8	6139	48.100737184434	8
8	6151	48.218793604988	8
8	6183	48.434632845092	8
8	6215	48.718793604988	8
8	6267	48.992557497657	8
8	6299	49.218793604988	8
8	6331	49.621684948689	8
8	6343	49.718793604988	8
8	6395	49.977681583408	8
8	6407	50.218793604988	8
8	6459	50.677657627835	8
8	6471	50.718793604988	8
8	6523	51.074810704178	8
8	6535	51.218793604988	8
8	6587	51.675864044446	8
8	6599	51.718793604988	8
8	6631	52.091264501269	8
8	6663	52.218793604988	8
8	6715	52.49892136488	8
8	6727	52.718793604988	8
8	6779	53.210670641679	8
8	6790	53.218793604988	8
8	6823	53.365723036098	8
8	6875	53.718793604988	8
8	6907	54.126051753163	8
8	6919	54.218793604988	8
8	6951	54.483970328848	8
8	6983	54.718793604988	8
8	7035	55.089417902994	8
8	7047	55.218793604988	8
8	7079	55.419160782135	8
8	7111	55.718793604988	8
8	7163	55.944529604967	8
8	7175	56.218793604988	8
8	7227	56.705408759563	8
8	7239	56.718793604988	8
8	7271	57.054628305472	8
8	7303	57.218793604988	8
8	7355	57.583109637778	8
8	7367	57.718793604988	8
8	7419	58.032524772789	8
8	7431	58.218793604988	8
8	7463	58.411455481368	8
8	7495	58.718793604988	8
8	7547	58.977189988977	8
8	7559	59.218793604988	8
8	7611	59.566765696517	8
8	7623	59.718793604988	8
8	7675	60.009189280736	8
8	7707	60.218793604988	8
8	7739	60.507295147478	8
8	7751	60.718793604988	8
8	7803	61.105672085527	8
8	7815	61.218793604988	8
8	7847	61.434438673648	8
8	7899	61.718793604988	8
8	7931	61.972627162523	8
8	7943	62.218793604988	8
8	7995	62.618910206537	8
8	8007	62.718793604988	8
8	8059	63.170623148567	8
8	8071	63.218793604988	8
8	8123	63.360387616101	8
8	8155	63.718793604988	8
8	8187	63.85619182676	8
8	8219	64.218793604988	8
8	8251	64.460860937889	8
8	8263	64.718793604988	8
8	8315	65.03996877415	8
8	8327	65.218793604988	8
8	8359	65.332692309617	8
8	8411	65.718793604988	8
8	8443	66.206826978511	8
8	8455	66.218793604988	8
8	8487	66.447641169614	8
8	8519	66.718793604988	8
8	8571	66.907747345193	8
8	8583	67.218793604988	8
8	8634	67.37574783327	8
8	8667	67.718793604988	8
8	8699	67.858146242759	8
8	8731	68.218793604988	8
8	8763	68.712859166282	8
8	8774	68.718793604988	8
8	8807	68.923378643542	8
8	8839	69.218793604988	8
8	8891	69.534051279034	8
8	8903	69.718793604988	8
8	8955	69.99841274159	8
8	8987	70.218793604988	8
8	9019	70.359069906044	8
8	9031	70.718793604988	8
8	9083	70.96016693633	8
8	9095	71.218793604988	8
8	9147	71.506941940784	8
8	9159	71.718793604988	8
8	9211	72.15569832405	8
8	9223	72.218793604988	8
8	9275	72.68110136982	8
8	9287	72.718793604988	8
8	9319	72.834266025908	8
8	9371	73.218793604988	8
8	9403	73.522568452227	8
8	9415	73.718793604988	8
8	9467	73.885981279294	8
8	9499	74.218793604988	8
8	9531	74.630862679388	8
8	9543	74.718793604988	8
8	9595	75.165215589254	8
8	9607	75.218793604988	8
8	9639	75.483800961877	8
8	9671	75.718793604988	8
8	9723	75.875231305379	8
8	9755	76.218793604988	8
8	9787	76.332531226668	8
8	9819	76.718793604988	8
8	9851	77.212272254805	8
8	9862	77.218793604988	8
8	9895	77.468558573219	8
8	9927	77.718793604988	8
8	9979	77.987272419184	8
8	9991	78.218793604988	8
8	10023	78.339477517232	8
8	10055	78.718793604988	8
8	10107	78.965440711993	8
8	10119	79.218793604988	8
8	10151	79.325893459897	8
8	10183	79.718793604988	8
8	10235	79.911539208758	8
8	10267	80.218793604988	8
8	10299	80.625206951293	8
8	10311	80.718793604988	8
8	10363	81.196891680415	8
8	10375	81.218793604988	8
8	10427	81.619241971205	8
8	10439	81.718793604988	8
8	10491	81.955003798529	8
8	10503	82.218793604988	8
8	10555	82.515061848945	8
8	10587	82.718793604988	8
8	10619	82.954836318697	8
8	10651	83.218793604988	8
8	10683	83.391038379315	8
8	10715	83.718793604988	8
8	10747	83.887636909223	8
8	10759	84.218793604988	8
8	10811	84.504622662588	8
8	10843	84.718793604988	8
8	10875	85.169071456938	8
8	10887	85.218793604988	8
8	10939	85.696890172511	8
8	10951	85.718793604988	8
8	10983	86.062543419152	8
8	11015	86.218793604988	8
8	11067	86.557904437239	8
8	11099	86.718793604988	8
8	11131	87.132699971329	8
8	11143	87.218793604988	8
8	11195	87.519252789634	8
8	11207	87.718793604988	8
8	11239	87.839390295613	8
8	11291	88.218793604988	8
8	11323	88.598881503157	8
8	11335	88.718793604988	8
8	11387	89.216200830377	8
8	11398	89.218793604988	8
8	11431	89.426147285718	8
8	11463	89.718793604988	8
8	11515	90.090878519378	8
8	11527	90.218793604988	8
8	11579	90.664954849108	8
8	11591	90.718793604988	8
8	11643	91.119579970892	8
8	11655	91.218793604988	8
8	11707	91.705038178395	8
8	11719	91.718793604988	8
8	11771	92.040939246546	8
8	11783	92.218793604988	8
8	11835	92.404198472909	8
8	11867	92.718793604988	8
8	11899	92.908219561502	8
8	11931	93.218793604988	8
8	11963	93.406742019261	8
8	11975	93.718793604988	8
8	12027	94.047071684859	8
8	12039	94.218793604988	8
8	12091	94.500085887368	8
8	12103	94.718793604988	8
8	12155	95.207336946073	8
8	12167	95.218793604988	8
8	12219	95.59146014979	8
8	12231	95.718793604988	8
8	12283	95.853360498938	8
8	12315	96.218793604988	8
8	12347	96.341809605955	8
8	12379	96.718793604988	8
8	12411	97.014377354513	8
8	12423	97.218793604988	8
8	12475	97.671644095573	8
8	12487	97.718793604988	8
8	12539	98.209804028235	8
8	12550	98.218793604988	8
8	12603	98.566305439788	8
8	12615	98.718793604988	8
8	12667	99.036241782884	8
8	12699	99.218793604988	8
8	12731	99.661087705343	8
8	12743	99.718793604988	8
8	12795	100.116776089053	8
8	12807	100.218793604988	8
8	12859	100.510680802687	8
8	12871	100.718793604988	8
8	12923	101.090074902642	8
8	12935	101.218793604988	8
8	12987	101.562060296497	8
8	12999	101.718793604988	8
8	13051	102.105121045242	8
8	13063	102.218793604988	8
8	13095	102.507041147127	8
8	13147	102.718793604988	8
8	13179	103.001648121475	8
8	13191	103.218793604988	8
8	13243	103.681809507645	8
8	13255	103.718793604988	8
8	13287	103.874130440465	8
8	13339	104.218793604988	8
8	13371	104.410930001325	8
8	13383	104.718793604988	8
8	13435	105.171876433733	8
8	13447	105.218793604988	8
8	13499	105.681012263018	8
8	13511	105.718793604988	8
8	13563	106.077556111998	8
8	13575	106.218793604988	8
8	13627	106.449115461166	8
8	13639	106.718793604988	8
8	13691	107.027126749008	8
8	13703	107.218793604988	8
8	13735	107.319264412261	8
8	13767	107.718793604988	8
8	13819	107.943986360318	8
8	13851	108.218793604988	8
8	13883	108.48942288706	8
8	13895	108.718793604988	8
8	13947	109.173377337828	8
8	13959	109.218793604988	8
8	14011	109.591194054074	8
8	14023	109.718793604988	8
8	14055	110.001694181058	8
8	14087	110.218793604988	8
8	14139	110.512605719137	8
8	14171	110.718793604988	8
8	14203	111.134738040677	8
8	14215	111.218793604988	8
8	14247	111.411019003726	8
8	14279	111.718793604988	8
8	14331	112.171361313909	8
8	14343	112.218793604988	8
8	14395	112.444719231091	8
8	14427	112.718793604988	8
8	14459	113.202222614511	8
8	14471	113.218793604988	8
8	14503	113.507942902445	8
8	14555	113.718793604988	8
8	14587	114.103875800743	8
8	14599	114.218793604988	8
8	14651	114.380719993505	8
8	14683	114.718793604988	8
8	14715	115.111419144328	8
8	14727	115.218793604988	8
8	14779	115.577748046125	8
8	14791	115.718793604988	8
8	14843	115.905194566733	8
8	14875	116.218793604988	8
8	14907	116.393825559559	8
8	14919	116.718793604988	8
8	14971	117.142274378109	8
8	14983	117.218793604988	8
8	15035	117.618074060473	8
8	15047	117.718793604988	8
8	15099	118.089181210156	8
8	15111	118.218793604988	8
8	15163	118.42999977298	8
8	15195	118.718793604988	8
8	15227	118.889205821007	8
8	15239	119.218793604988	8
8	15291	119.601031976807	8
8	15303	119.718793604988	8
8	15355	120.004502350706	8
8	15367	120.218793604988	8
8	15419	120.65541368626	8
8	15431	120.718793604988	8
8	15483	120.901188576742	8
8	15515	121.218793604988	8
8	15547	121.38522582069	8
8	15579	121.718793604988	8
8	15611	121.869175496473	8
8	15643	122.218793604988	8
8	15675	122.608074536416	8
8	15687	122.718793604988	8
8	15719	122.831423458419	8
8	15751	123.218793604988	8
8	15803	123.618039967175	8
8	15815	123.718793604988	8
8	15847	123.856280735563	8
8	15879	124.218793604988	8
8	15931	124.40622246988	8
8	15963	124.718793604988	8
8	15995	125.118944038785	8
8	16007	125.218793604988	8
8	16056	125.611919775474	8
8	16066	125.718793604988	8
8	16094	126.053032701052	8
8	16104	126.218793604988	8
8	16132	126.33748812653	8
8	16142	126.718793604988	8
8	16170	127.204016825519	8
8	16180	127.218793604988	8
8	16194	127.718793604988	8
8	16208	128.218793604988	8
8	16222	128.718793604988	8
8	16236	129.218793604988	8
8	16250	129.718793604988	8
8	16264	130.218793604988	8
8	16278	130.718793604988	8
8	16292	131.218793604988	8
8	16306	131.718793604988	8
8	16320	132.218793604988	8
8	16334	132.718793604988	8
8	16348	133.218793604988	8
8	16362	133.718793604988	8
8	16376	134.218793604988	8
8	16390	134.718793604988	8
8	16399	135.218793604988	8
8	16407	135.718793604988	8
8	16415	136.218793604988	8
8	16423	136.718793604988	8
8	16431	137.218793604988	8
8	16439	137.718793604988	8
8	16447	138.218793604988	8
8	16455	138.718793604988	8
8	16463	139.218793604988	8
8	16471	139.718793604988	8
8	16479	140.218793604988	8
8	16487	140.718793604988	8
8	16495	141.218793604988	8
8	16503	141.718793604988	8
8	16511	142.218793604988	8
8	16519	142.718793604988	8
8	16527	143.218793604988	8
8	16535	143.718793604988	8
8	16543	144.218793604988	8
8	16551	144.718793604988	8
8	16559	145.218793604988	8
8	16567	145.718793604988	8
8	16575	146.218793604988	8
8	16583	146.718793604988	8
8	16591	147.218793604988	8
8	16599	147.718793604988	8
8	16607	148.218793604988	8
8	16615	148.718793604988	8
8	16623	149.218793604988	8
8	16631	149.718793604988	8
9	26	0.218793604988	1
9	58	0.438256114218	2
9	70	0.718793604988	3
9	102	0.841927462406	4
9	134	1.218793604988	5
9	186	1.428304789922	6
9	218	1.718793604988	7
9	250	2.010308316778	8
9	262	2.218793604988	9
9	314	2.644109762701	10
9	326	2.718793604988	11
9	378	3.011233140676	12
9	390	3.218793604988	13
9	442	3.476356189381	14
9	454	3.718793604988	15
9	506	4.153673779647	16
9	518	4.218793604988	17
9	570	4.454200736768	18
9	602	4.718793604988	19
9	634	5.078511022738	20
9	666	5.218793604988	21
9	698	5.46653888706	22
9	710	5.718793604988	23
9	762	6.202104333843	24
9	774	6.218793604988	25
9	806	6.375382583085	26
9	838	6.718793604988	27
9	890	7.167277172542	28
9	902	7.218793604988	29
9	934	7.508685488123	30
9	966	7.718793604988	31
9	1018	8.139606573115	32
9	1030	8.218793604988	33
9	1082	8.527433264311	34
9	1094	8.718793604988	35
9	1146	9.09079408558	36
9	1158	9.218793604988	37
9	1210	9.607495332751	38
9	1222	9.718793604988	39
9	1274	10.052050188611	40
9	1305	10.218793604988	41
9	1338	10.534191563408	42
9	1350	10.718793604988	43
9	1403	11.122688520289	44
9	1415	11.218793604988	45
9	1447	11.361605314686	46
9	1499	11.718793604988	47
9	1531	12.008682441208	48
9	1562	12.218793604988	49
9	1595	12.393775209933	50
9	1607	12.718793604988	51
9	1659	13.114009543284	52
9	1671	13.218793604988	53
9	1722	13.405862414799	54
9	1735	13.718793604988	55
9	1787	13.873329541422	56
9	1819	14.218793604988	57
9	1851	14.448898673765	58
9	1863	14.718793604988	59
9	1915	14.87911221763	60
9	1927	15.218793604988	61
9	1979	15.408170826323	62
9	1991	15.718793604988	63
9	2043	15.973837863337	64
9	2055	16.218793604988	65
9	2107	16.680281660668	66
9	2119	16.718793604988	67
9	2151	16.99922226794	68
9	2183	17.218793604988	69
9	2235	17.564467656854	70
9	2247	17.718793604988	71
9	2299	18.180181703399	72
9	2311	18.218793604988	73
9	2343	18.358954412732	74
9	2395	18.718793604988	75
9	2427	19.207165899555	76
9	2439	19.218793604988	77
9	2490	19.580498284995	78
9	2503	19.718793604988	79
9	2535	19.887606106567	80
9	2587	20.218793604988	81
9	2619	20.462503140195	82
9	2651	20.718793604988	83
9	2683	21.119516727663	84
9	2695	21.218793604988	85
9	2747	21.562374538797	86
9	2759	21.718793604988	87
9	2811	21.949261163137	88
9	2823	22.218793604988	89
9	2875	22.334612442329	90
9	2907	22.718793604988	91
9	2939	23.072951893377	92
9	2951	23.218793604988	93
9	3003	23.70282197982	94
9	3015	23.718793604988	95
9	3067	24.080358399692	96
9	3079	24.218793604988	97
9	3131	24.573265822939	98
9	3143	24.718793604988	99
9	3195	25.217362098358	100
9	3206	25.218793604988	101
9	3239	25.551982404999	102
9	3271	25.718793604988	103
9	3323	25.98498970732	104
9	3335	26.218793604988	105
9	3387	26.509121274165	106
9	3419	26.718793604988	107
9	3451	27.068646314516	108
9	3463	27.218793604988	109
9	3515	27.454445319119	110
9	3547	27.718793604988	111
9	3579	28.089143201019	112
9	3591	28.218793604988	113
9	3623	28.446122970022	114
9	3675	28.718793604988	115
9	3707	29.130580464806	116
9	3719	29.218793604988	117
9	3771	29.699070692676	118
9	3783	29.718793604988	119
9	3835	30.084253019336	120
9	3847	30.218793604988	121
9	3879	30.324670928865	122
9	3931	30.718793604988	123
9	3963	31.06838070942	124
9	3975	31.218793604988	125
9	4027	31.588706124536	126
9	4039	31.718793604988	127
9	4091	32.208020271695	128
9	4103	32.218793604988	129
9	4135	32.670519659537	130
9	4167	32.718793604988	131
9	4219	33.023092020824	132
9	4231	33.218793604988	133
9	4263	33.341528149284	134
9	4315	33.718793604988	135
9	4347	33.999705957676	136
9	4359	34.218793604988	137
9	4391	34.327237341049	138
9	4443	34.718793604988	139
9	4475	34.995926640704	140
9	4506	35.218793604988	141
9	4539	35.711076964307	142
9	4550	35.718793604988	143
9	4603	35.963020059708	144
9	4635	36.218793604988	145
9	4667	36.511599686611	146
9	4699	36.718793604988	147
9	4731	37.094706746618	148
9	4743	37.218793604988	149
9	4795	37.671432629376	150
9	4807	37.718793604988	151
9	4859	38.186536461263	152
9	4871	38.218793604988	153
9	4923	38.405971125382	154
9	4935	38.718793604988	155
9	4987	39.045317818373	156
9	4999	39.218793604988	157
9	5051	39.665283297709	158
9	5063	39.718793604988	159
9	5115	40.022829856499	160
9	5127	40.218793604988	161
9	5179	40.685931454747	162
9	5191	40.718793604988	163
9	5243	41.187705316915	164
9	5255	41.218793604988	165
9	5287	41.352487266771	166
9	5319	41.718793604988	167
9	5371	41.930329697727	168
9	5403	42.218793604988	169
9	5435	42.322984952814	170
9	5467	42.718793604988	171
9	5499	43.156179103776	172
9	5511	43.218793604988	173
9	5563	43.578111927546	174
9	5575	43.718793604988	175
9	5627	44.155796720981	176
9	5639	44.218793604988	177
9	5691	44.425134337842	178
9	5723	44.718793604988	179
9	5755	44.978370572775	180
9	5767	45.218793604988	181
9	5819	45.54037086578	182
9	5851	45.718793604988	183
9	5883	45.88521845635	184
9	5895	46.218793604988	185
9	5947	46.467165510412	186
9	5979	46.718793604988	187
9	6011	46.877818977422	188
9	6023	47.218793604988	189
9	6075	47.547089633866	190
9	6087	47.718793604988	191
9	6139	48.100737184434	192
9	6151	48.218793604988	193
9	6183	48.434632845092	194
9	6215	48.718793604988	195
9	6267	48.992557497657	196
9	6299	49.218793604988	197
9	6331	49.621684948689	198
9	6343	49.718793604988	199
9	6395	49.977681583408	200
9	6407	50.218793604988	201
9	6459	50.677657627835	202
9	6471	50.718793604988	203
9	6523	51.074810704178	204
9	6535	51.218793604988	205
9	6587	51.675864044446	206
9	6599	51.718793604988	207
9	6631	52.091264501269	208
9	6663	52.218793604988	209
9	6715	52.49892136488	210
9	6727	52.718793604988	211
9	6779	53.210670641679	212
9	6790	53.218793604988	213
9	6823	53.365723036098	214
9	6875	53.718793604988	215
9	6907	54.126051753163	216
9	6919	54.218793604988	217
9	6951	54.483970328848	218
9	6983	54.718793604988	219
9	7035	55.089417902994	220
9	7047	55.218793604988	221
9	7079	55.419160782135	222
9	7111	55.718793604988	223
9	7163	55.944529604967	224
9	7175	56.218793604988	225
9	7227	56.705408759563	226
9	7239	56.718793604988	227
9	7271	57.054628305472	228
9	7303	57.218793604988	229
9	7355	57.583109637778	230
9	7367	57.718793604988	231
9	7419	58.032524772789	232
9	7431	58.218793604988	233
9	7463	58.411455481368	234
9	7495	58.718793604988	235
9	7547	58.977189988977	236
9	7559	59.218793604988	237
9	7611	59.566765696517	238
9	7623	59.718793604988	239
9	7675	60.009189280736	240
9	7707	60.218793604988	241
9	7739	60.507295147478	242
9	7751	60.718793604988	243
9	7803	61.105672085527	244
9	7815	61.218793604988	245
9	7847	61.434438673648	246
9	7899	61.718793604988	247
9	7931	61.972627162523	248
9	7943	62.218793604988	249
9	7995	62.618910206537	250
9	8007	62.718793604988	251
9	8059	63.170623148567	252
9	8071	63.218793604988	253
9	8123	63.360387616101	254
9	8155	63.718793604988	255
9	8187	63.85619182676	256
9	8219	64.218793604988	257
9	8251	64.460860937889	258
9	8263	64.718793604988	259
9	8315	65.03996877415	260
9	8327	65.218793604988	261
9	8359	65.332692309617	262
9	8411	65.718793604988	263
9	8443	66.206826978511	264
9	8455	66.218793604988	265
9	8487	66.447641169614	266
9	8519	66.718793604988	267
9	8571	66.907747345193	268
9	8583	67.218793604988	269
9	8634	67.37574783327	270
9	8667	67.718793604988	271
9	8699	67.858146242759	272
9	8731	68.218793604988	273
9	8763	68.712859166282	274
9	8774	68.718793604988	275
9	8807	68.923378643542	276
9	8839	69.218793604988	277
9	8891	69.534051279034	278
9	8903	69.718793604988	279
9	8955	69.99841274159	280
9	8987	70.218793604988	281
9	9019	70.359069906044	282
9	9031	70.718793604988	283
9	9083	70.96016693633	284
9	9095	71.218793604988	285
9	9147	71.506941940784	286
9	9159	71.718793604988	287
9	9211	72.15569832405	288
9	9223	72.218793604988	289
9	9275	72.68110136982	290
9	9287	72.718793604988	291
9	9319	72.834266025908	292
9	9371	73.218793604988	293
9	9403	73.522568452227	294
9	9415	73.718793604988	295
9	9467	73.885981279294	296
9	9499	74.218793604988	297
9	9531	74.630862679388	298
9	9543	74.718793604988	299
9	9595	75.165215589254	300
9	9607	75.218793604988	301
9	9639	75.483800961877	302
9	9671	75.718793604988	303
9	9723	75.875231305379	304
9	9755	76.218793604988	305
9	9787	76.332531226668	306
9	9819	76.718793604988	307
9	9851	77.212272254805	308
9	9862	77.218793604988	309
9	9895	77.468558573219	310
9	9927	77.718793604988	311
9	9979	77.987272419184	312
9	9991	78.218793604988	313
9	10023	78.339477517232	314
9	10055	78.718793604988	315
9	10107	78.965440711993	316
9	10119	79.218793604988	317
9	10151	79.325893459897	318
9	10183	79.718793604988	319
9	10235	79.911539208758	320
9	10267	80.218793604988	321
9	10299	80.625206951293	322
9	10311	80.718793604988	323
9	10363	81.196891680415	324
9	10375	81.218793604988	325
9	10427	81.619241971205	326
9	10439	81.718793604988	327
9	10491	81.955003798529	328
9	10503	82.218793604988	329
9	10555	82.515061848945	330
9	10587	82.718793604988	331
9	10619	82.954836318697	332
9	10651	83.218793604988	333
9	10683	83.391038379315	334
9	10715	83.718793604988	335
9	10747	83.887636909223	336
9	10759	84.218793604988	337
9	10811	84.504622662588	338
9	10843	84.718793604988	339
9	10875	85.169071456938	340
9	10887	85.218793604988	341
9	10939	85.696890172511	342
9	10951	85.718793604988	343
9	10983	86.062543419152	344
9	11015	86.218793604988	345
9	11067	86.557904437239	346
9	11099	86.718793604988	347
9	11131	87.132699971329	348
9	11143	87.218793604988	349
9	11195	87.519252789634	350
9	11207	87.718793604988	351
9	11239	87.839390295613	352
9	11291	88.218793604988	353
9	11323	88.598881503157	354
9	11335	88.718793604988	355
9	11387	89.216200830377	356
9	11398	89.218793604988	357
9	11431	89.426147285718	358
9	11463	89.718793604988	359
9	11515	90.090878519378	360
9	11527	90.218793604988	361
9	11579	90.664954849108	362
9	11591	90.718793604988	363
9	11643	91.119579970892	364
9	11655	91.218793604988	365
9	11707	91.705038178395	366
9	11719	91.718793604988	367
9	11771	92.040939246546	368
9	11783	92.218793604988	369
9	11835	92.404198472909	370
9	11867	92.718793604988	371
9	11899	92.908219561502	372
9	11931	93.218793604988	373
9	11963	93.406742019261	374
9	11975	93.718793604988	375
9	12027	94.047071684859	376
9	12039	94.218793604988	377
9	12091	94.500085887368	378
9	12103	94.718793604988	379
9	12155	95.207336946073	380
9	12167	95.218793604988	381
9	12219	95.59146014979	382
9	12231	95.718793604988	383
9	12283	95.853360498938	384
9	12315	96.218793604988	385
9	12347	96.341809605955	386
9	12379	96.718793604988	387
9	12411	97.014377354513	388
9	12423	97.218793604988	389
9	12475	97.671644095573	390
9	12487	97.718793604988	391
9	12539	98.209804028235	392
9	12550	98.218793604988	393
9	12603	98.566305439788	394
9	12615	98.718793604988	395
9	12667	99.036241782884	396
9	12699	99.218793604988	397
9	12731	99.661087705343	398
9	12743	99.718793604988	399
9	12795	100.116776089053	400
9	12807	100.218793604988	401
9	12859	100.510680802687	402
9	12871	100.718793604988	403
9	12923	101.090074902642	404
9	12935	101.218793604988	405
9	12987	101.562060296497	406
9	12999	101.718793604988	407
9	13051	102.105121045242	408
9	13063	102.218793604988	409
9	13095	102.507041147127	410
9	13147	102.718793604988	411
9	13179	103.001648121475	412
9	13191	103.218793604988	413
9	13243	103.681809507645	414
9	13255	103.718793604988	415
9	13287	103.874130440465	416
9	13339	104.218793604988	417
9	13371	104.410930001325	418
9	13383	104.718793604988	419
9	13435	105.171876433733	420
9	13447	105.218793604988	421
9	13499	105.681012263018	422
9	13511	105.718793604988	423
9	13563	106.077556111998	424
9	13575	106.218793604988	425
9	13627	106.449115461166	426
9	13639	106.718793604988	427
9	13691	107.027126749008	428
9	13703	107.218793604988	429
9	13735	107.319264412261	430
9	13767	107.718793604988	431
9	13819	107.943986360318	432
9	13851	108.218793604988	433
9	13883	108.48942288706	434
9	13895	108.718793604988	435
9	13947	109.173377337828	436
9	13959	109.218793604988	437
9	14011	109.591194054074	438
9	14023	109.718793604988	439
9	14055	110.001694181058	440
9	14087	110.218793604988	441
9	14139	110.512605719137	442
9	14171	110.718793604988	443
9	14203	111.134738040677	444
9	14215	111.218793604988	445
9	14247	111.411019003726	446
9	14279	111.718793604988	447
9	14331	112.171361313909	448
9	14343	112.218793604988	449
9	14395	112.444719231091	450
9	14427	112.718793604988	451
9	14459	113.202222614511	452
9	14471	113.218793604988	453
9	14503	113.507942902445	454
9	14555	113.718793604988	455
9	14587	114.103875800743	456
9	14599	114.218793604988	457
9	14651	114.380719993505	458
9	14683	114.718793604988	459
9	14715	115.111419144328	460
9	14727	115.218793604988	461
9	14779	115.577748046125	462
9	14791	115.718793604988	463
9	14843	115.905194566733	464
9	14875	116.218793604988	465
9	14907	116.393825559559	466
9	14919	116.718793604988	467
9	14971	117.142274378109	468
9	14983	117.218793604988	469
9	15035	117.618074060473	470
9	15047	117.718793604988	471
9	15099	118.089181210156	472
9	15111	118.218793604988	473
9	15163	118.42999977298	474
9	15195	118.718793604988	475
9	15227	118.889205821007	476
9	15239	119.218793604988	477
9	15291	119.601031976807	478
9	15303	119.718793604988	479
9	15355	120.004502350706	480
9	15367	120.218793604988	481
9	15419	120.65541368626	482
9	15431	120.718793604988	483
9	15483	120.901188576742	484
9	15515	121.218793604988	485
9	15547	121.38522582069	486
9	15579	121.718793604988	487
9	15611	121.869175496473	488
9	15643	122.218793604988	489
9	15675	122.608074536416	490
9	15687	122.718793604988	491
9	15719	122.831423458419	492
9	15751	123.218793604988	493
9	15803	123.618039967175	494
9	15815	123.718793604988	495
9	15847	123.856280735563	496
9	15879	124.218793604988	497
9	15931	124.40622246988	498
9	15963	124.718793604988	499
9	15995	125.118944038785	500
9	16007	125.218793604988	501
9	16056	125.611919775474	502
9	16066	125.718793604988	503
9	16094	126.053032701052	504
9	16104	126.218793604988	505
9	16132	126.33748812653	506
9	16142	126.718793604988	507
9	16170	127.204016825519	508
9	16180	127.218793604988	509
9	16194	127.718793604988	510
9	16208	128.218793604988	511
9	16222	128.718793604988	512
9	16236	129.218793604988	513
9	16250	129.718793604988	514
9	16264	130.218793604988	515
9	16278	130.718793604988	516
9	16292	131.218793604988	517
9	16306	131.718793604988	518
9	16320	132.218793604988	519
9	16334	132.718793604988	520
9	16348	133.218793604988	521
9	16362	133.718793604988	522
9	16376	134.218793604988	523
9	16390	134.718793604988	524
9	16399	135.218793604988	525
9	16407	135.718793604988	526
9	16415	136.218793604988	527
9	16423	136.718793604988	528
9	16431	137.218793604988	529
9	16439	137.718793604988	530
9	16447	138.218793604988	531
9	16455	138.718793604988	532
9	16463	139.218793604988	533
9	16471	139.718793604988	534
9	16479	140.218793604988	535
9	16487	140.718793604988	536
9	16495	141.218793604988	537
9	16503	141.718793604988	538
9	16511	142.218793604988	539
9	16519	142.718793604988	540
9	16527	143.218793604988	541
9	16535	143.718793604988	542
9	16543	144.218793604988	543
9	16551	144.718793604988	544
9	16559	145.218793604988	545
9	16567	145.718793604988	546
9	16575	146.218793604988	547
9	16583	146.718793604988	548
9	16591	147.218793604988	549
9	16599	147.718793604988	550
9	16607	148.218793604988	551
9	16615	148.718793604988	552
9	16623	149.218793604988	553
9	16631	149.718793604988	554
13	22	0.218793604988	28
13	66	0.718793604988	28
13	130	1.218793604988	28
13	214	1.718793604988	28
13	258	2.218793604988	28
13	322	2.718793604988	28
13	386	3.218793604988	28
13	450	3.718793604988	28
13	514	4.218793604988	28
13	598	4.718793604988	28
13	662	5.218793604988	28
13	706	5.718793604988	28
13	770	6.218793604988	28
13	834	6.718793604988	28
13	898	7.218793604988	28
13	962	7.718793604988	28
13	1026	8.218793604988	28
13	1090	8.718793604988	28
13	1154	9.218793604988	28
13	1218	9.718793604988	28
13	1301	10.218793604988	28
13	1346	10.718793604988	28
13	1411	11.218793604988	28
13	1495	11.718793604988	28
13	1558	12.218793604988	28
13	1603	12.718793604988	28
13	1667	13.218793604988	28
13	1731	13.718793604988	28
13	1815	14.218793604988	28
13	1859	14.718793604988	28
13	1923	15.218793604988	28
13	1987	15.718793604988	28
13	2051	16.218793604988	28
13	2115	16.718793604988	28
13	2179	17.218793604988	28
13	2243	17.718793604988	28
13	2307	18.218793604988	28
13	2391	18.718793604988	28
13	2435	19.218793604988	28
13	2499	19.718793604988	28
13	2583	20.218793604988	28
13	2647	20.718793604988	28
13	2691	21.218793604988	28
13	2755	21.718793604988	28
13	2819	22.218793604988	28
13	2903	22.718793604988	28
13	2947	23.218793604988	28
13	3011	23.718793604988	28
13	3075	24.218793604988	28
13	3139	24.718793604988	28
13	3202	25.218793604988	28
13	3267	25.718793604988	28
13	3331	26.218793604988	28
13	3415	26.718793604988	28
13	3459	27.218793604988	28
13	3543	27.718793604988	28
13	3587	28.218793604988	28
13	3671	28.718793604988	28
13	3715	29.218793604988	28
13	3779	29.718793604988	28
13	3843	30.218793604988	28
13	3927	30.718793604988	28
13	3971	31.218793604988	28
13	4035	31.718793604988	28
13	4099	32.218793604988	28
13	4163	32.718793604988	28
13	4227	33.218793604988	28
13	4311	33.718793604988	28
13	4355	34.218793604988	28
13	4439	34.718793604988	28
13	4502	35.218793604988	28
13	4546	35.718793604988	28
13	4631	36.218793604988	28
13	4695	36.718793604988	28
13	4739	37.218793604988	28
13	4803	37.718793604988	28
13	4867	38.218793604988	28
13	4931	38.718793604988	28
13	4995	39.218793604988	28
13	5059	39.718793604988	28
13	5123	40.218793604988	28
13	5187	40.718793604988	28
13	5251	41.218793604988	28
13	5315	41.718793604988	28
13	5399	42.218793604988	28
13	5463	42.718793604988	28
13	5507	43.218793604988	28
13	5571	43.718793604988	28
13	5635	44.218793604988	28
13	5719	44.718793604988	28
13	5763	45.218793604988	28
13	5847	45.718793604988	28
13	5891	46.218793604988	28
13	5975	46.718793604988	28
13	6019	47.218793604988	28
13	6083	47.718793604988	28
13	6147	48.218793604988	28
13	6211	48.718793604988	28
13	6295	49.218793604988	28
13	6339	49.718793604988	28
13	6403	50.218793604988	28
13	6467	50.718793604988	28
13	6531	51.218793604988	28
13	6595	51.718793604988	28
13	6659	52.218793604988	28
13	6723	52.718793604988	28
13	6786	53.218793604988	28
13	6871	53.718793604988	28
13	6915	54.218793604988	28
13	6979	54.718793604988	28
13	7043	55.218793604988	28
13	7107	55.718793604988	28
13	7171	56.218793604988	28
13	7235	56.718793604988	28
13	7299	57.218793604988	28
13	7363	57.718793604988	28
13	7427	58.218793604988	28
13	7491	58.718793604988	28
13	7555	59.218793604988	28
13	7619	59.718793604988	28
13	7703	60.218793604988	28
13	7747	60.718793604988	28
13	7811	61.218793604988	28
13	7895	61.718793604988	28
13	7939	62.218793604988	28
13	8003	62.718793604988	28
13	8067	63.218793604988	28
13	8151	63.718793604988	28
13	8215	64.218793604988	28
13	8259	64.718793604988	28
13	8323	65.218793604988	28
13	8407	65.718793604988	28
13	8451	66.218793604988	28
13	8515	66.718793604988	28
13	8579	67.218793604988	28
13	8663	67.718793604988	28
13	8727	68.218793604988	28
13	8770	68.718793604988	28
13	8835	69.218793604988	28
13	8899	69.718793604988	28
13	8983	70.218793604988	28
13	9027	70.718793604988	28
13	9091	71.218793604988	28
13	9155	71.718793604988	28
13	9219	72.218793604988	28
13	9283	72.718793604988	28
13	9367	73.218793604988	28
13	9411	73.718793604988	28
13	9495	74.218793604988	28
13	9539	74.718793604988	28
13	9603	75.218793604988	28
13	9667	75.718793604988	28
13	9751	76.218793604988	28
13	9815	76.718793604988	28
13	9858	77.218793604988	28
13	9923	77.718793604988	28
13	9987	78.218793604988	28
13	10051	78.718793604988	28
13	10115	79.218793604988	28
13	10179	79.718793604988	28
13	10263	80.218793604988	28
13	10307	80.718793604988	28
13	10371	81.218793604988	28
13	10435	81.718793604988	28
13	10499	82.218793604988	28
13	10583	82.718793604988	28
13	10647	83.218793604988	28
13	10711	83.718793604988	28
13	10755	84.218793604988	28
13	10839	84.718793604988	28
13	10883	85.218793604988	28
13	10947	85.718793604988	28
13	11011	86.218793604988	28
13	11095	86.718793604988	28
13	11139	87.218793604988	28
13	11203	87.718793604988	28
13	11287	88.218793604988	28
13	11331	88.718793604988	28
13	11394	89.218793604988	28
13	11459	89.718793604988	28
13	11523	90.218793604988	28
13	11587	90.718793604988	28
13	11651	91.218793604988	28
13	11715	91.718793604988	28
13	11779	92.218793604988	28
13	11863	92.718793604988	28
13	11927	93.218793604988	28
13	11971	93.718793604988	28
13	12035	94.218793604988	28
13	12099	94.718793604988	28
13	12163	95.218793604988	28
13	12227	95.718793604988	28
13	12311	96.218793604988	28
13	12375	96.718793604988	28
13	12419	97.218793604988	28
13	12483	97.718793604988	28
13	12546	98.218793604988	28
13	12611	98.718793604988	28
13	12695	99.218793604988	28
13	12739	99.718793604988	28
13	12803	100.218793604988	28
13	12867	100.718793604988	28
13	12931	101.218793604988	28
13	12995	101.718793604988	28
13	13059	102.218793604988	28
13	13143	102.718793604988	28
13	13187	103.218793604988	28
13	13251	103.718793604988	28
13	13335	104.218793604988	28
13	13379	104.718793604988	28
13	13443	105.218793604988	28
13	13507	105.718793604988	28
13	13571	106.218793604988	28
13	13635	106.718793604988	28
13	13699	107.218793604988	28
13	13763	107.718793604988	28
13	13847	108.218793604988	28
13	13891	108.718793604988	28
13	13955	109.218793604988	28
13	14019	109.718793604988	28
13	14083	110.218793604988	28
13	14167	110.718793604988	28
13	14211	111.218793604988	28
13	14275	111.718793604988	28
13	14339	112.218793604988	28
13	14423	112.718793604988	28
13	14467	113.218793604988	28
13	14551	113.718793604988	28
13	14595	114.218793604988	28
13	14679	114.718793604988	28
13	14723	115.218793604988	28
13	14787	115.718793604988	28
13	14871	116.218793604988	28
13	14915	116.718793604988	28
13	14979	117.218793604988	28
13	15043	117.718793604988	28
13	15107	118.218793604988	28
13	15191	118.718793604988	28
13	15235	119.218793604988	28
13	15299	119.718793604988	28
13	15363	120.218793604988	28
13	15427	120.718793604988	28
13	15511	121.218793604988	28
13	15575	121.718793604988	28
13	15639	122.218793604988	28
13	15683	122.718793604988	28
13	15747	123.218793604988	28
13	15811	123.718793604988	28
13	15875	124.218793604988	28
13	15959	124.718793604988	28
13	16003	125.218793604988	28
13	16062	125.718793604988	28
13	16100	126.218793604988	28
13	16138	126.718793604988	28
13	16176	127.218793604988	28
13	16190	127.718793604988	28
13	16204	128.218793604988	28
13	16218	128.718793604988	28
13	16232	129.218793604988	28
13	16246	129.718793604988	28
13	16260	130.218793604988	28
13	16274	130.718793604988	28
13	16288	131.218793604988	28
13	16302	131.718793604988	28
13	16316	132.218793604988	28
13	16330	132.718793604988	28
13	16344	133.218793604988	28
13	16358	133.718793604988	28
13	16372	134.218793604988	28
13	16386	134.718793604988	28
13	16396	135.218793604988	28
13	16404	135.718793604988	28
13	16412	136.218793604988	28
13	16420	136.718793604988	28
13	16428	137.218793604988	28
13	16436	137.718793604988	28
13	16444	138.218793604988	28
13	16452	138.718793604988	28
13	16460	139.218793604988	28
13	16468	139.718793604988	28
13	16476	140.218793604988	28
13	16484	140.718793604988	28
13	16492	141.218793604988	28
13	16500	141.718793604988	28
13	16508	142.218793604988	28
13	16516	142.718793604988	28
13	16524	143.218793604988	28
13	16532	143.718793604988	28
13	16540	144.218793604988	28
13	16548	144.718793604988	28
13	16556	145.218793604988	28
13	16564	145.718793604988	28
13	16572	146.218793604988	28
13	16580	146.718793604988	28
13	16588	147.218793604988	28
13	16596	147.718793604988	28
13	16604	148.218793604988	28
13	16612	148.718793604988	28
13	16620	149.218793604988	28
13	16628	149.718793604988	28
14	22	0.218793604988	28
14	66	0.718793604988	28
14	130	1.218793604988	28
14	214	1.718793604988	28
14	258	2.218793604988	28
14	322	2.718793604988	28
14	386	3.218793604988	28
14	450	3.718793604988	28
14	514	4.218793604988	28
14	598	4.718793604988	28
14	662	5.218793604988	28
14	706	5.718793604988	28
14	770	6.218793604988	28
14	834	6.718793604988	28
14	898	7.218793604988	28
14	962	7.718793604988	28
14	1026	8.218793604988	28
14	1090	8.718793604988	28
14	1154	9.218793604988	28
14	1218	9.718793604988	28
14	1301	10.218793604988	28
14	1346	10.718793604988	28
14	1411	11.218793604988	28
14	1495	11.718793604988	28
14	1558	12.218793604988	28
14	1603	12.718793604988	28
14	1667	13.218793604988	28
14	1731	13.718793604988	28
14	1815	14.218793604988	28
14	1859	14.718793604988	28
14	1923	15.218793604988	28
14	1987	15.718793604988	28
14	2051	16.218793604988	28
14	2115	16.718793604988	28
14	2179	17.218793604988	28
14	2243	17.718793604988	28
14	2307	18.218793604988	28
14	2391	18.718793604988	28
14	2435	19.218793604988	28
14	2499	19.718793604988	28
14	2583	20.218793604988	28
14	2647	20.718793604988	28
14	2691	21.218793604988	28
14	2755	21.718793604988	28
14	2819	22.218793604988	28
14	2903	22.718793604988	28
14	2947	23.218793604988	28
14	3011	23.718793604988	28
14	3075	24.218793604988	28
14	3139	24.718793604988	28
14	3202	25.218793604988	28
14	3267	25.718793604988	28
14	3331	26.218793604988	28
14	3415	26.718793604988	28
14	3459	27.218793604988	28
14	3543	27.718793604988	28
14	3587	28.218793604988	28
14	3671	28.718793604988	28
14	3715	29.218793604988	28
14	3779	29.718793604988	28
14	3843	30.218793604988	28
14	3927	30.718793604988	28
14	3971	31.218793604988	28
14	4035	31.718793604988	28
14	4099	32.218793604988	28
14	4163	32.718793604988	28
14	4227	33.218793604988	28
14	4311	33.718793604988	28
14	4355	34.218793604988	28
14	4439	34.718793604988	28
14	4502	35.218793604988	28
14	4546	35.718793604988	28
14	4631	36.218793604988	28
14	4695	36.718793604988	28
14	4739	37.218793604988	28
14	4803	37.718793604988	28
14	4867	38.218793604988	28
14	4931	38.718793604988	28
14	4995	39.218793604988	28
14	5059	39.718793604988	28
14	5123	40.218793604988	28
14	5187	40.718793604988	28
14	5251	41.218793604988	28
14	5315	41.718793604988	28
14	5399	42.218793604988	28
14	5463	42.718793604988	28
14	5507	43.218793604988	28
14	5571	43.718793604988	28
14	5635	44.218793604988	28
14	5719	44.718793604988	28
14	5763	45.218793604988	28
14	5847	45.718793604988	28
14	5891	46.218793604988	28
14	5975	46.718793604988	28
14	6019	47.218793604988	28
14	6083	47.718793604988	28
14	6147	48.218793604988	28
14	6211	48.718793604988	28
14	6295	49.218793604988	28
14	6339	49.718793604988	28
14	6403	50.218793604988	28
14	6467	50.718793604988	28
14	6531	51.218793604988	28
14	6595	51.718793604988	28
14	6659	52.218793604988	28
14	6723	52.718793604988	28
14	6786	53.218793604988	28
14	6871	53.718793604988	28
14	6915	54.218793604988	28
14	6979	54.718793604988	28
14	7043	55.218793604988	28
14	7107	55.718793604988	28
14	7171	56.218793604988	28
14	7235	56.718793604988	28
14	7299	57.218793604988	28
14	7363	57.718793604988	28
14	7427	58.218793604988	28
14	7491	58.718793604988	28
14	7555	59.218793604988	28
14	7619	59.718793604988	28
14	7703	60.218793604988	28
14	7747	60.718793604988	28
14	7811	61.218793604988	28
14	7895	61.718793604988	28
14	7939	62.218793604988	28
14	8003	62.718793604988	28
14	8067	63.218793604988	28
14	8151	63.718793604988	28
14	8215	64.218793604988	28
14	8259	64.718793604988	28
14	8323	65.218793604988	28
14	8407	65.718793604988	28
14	8451	66.218793604988	28
14	8515	66.718793604988	28
14	8579	67.218793604988	28
14	8663	67.718793604988	28
14	8727	68.218793604988	28
14	8770	68.718793604988	28
14	8835	69.218793604988	28
14	8899	69.718793604988	28
14	8983	70.218793604988	28
14	9027	70.718793604988	28
14	9091	71.218793604988	28
14	9155	71.718793604988	28
14	9219	72.218793604988	28
14	9283	72.718793604988	28
14	9367	73.218793604988	28
14	9411	73.718793604988	28
14	9495	74.218793604988	28
14	9539	74.718793604988	28
14	9603	75.218793604988	28
14	9667	75.718793604988	28
14	9751	76.218793604988	28
14	9815	76.718793604988	28
14	9858	77.218793604988	28
14	9923	77.718793604988	28
14	9987	78.218793604988	28
14	10051	78.718793604988	28
14	10115	79.218793604988	28
14	10179	79.718793604988	28
14	10263	80.218793604988	28
14	10307	80.718793604988	28
14	10371	81.218793604988	28
14	10435	81.718793604988	28
14	10499	82.218793604988	28
14	10583	82.718793604988	28
14	10647	83.218793604988	28
14	10711	83.718793604988	28
14	10755	84.218793604988	28
14	10839	84.718793604988	28
14	10883	85.218793604988	28
14	10947	85.718793604988	28
14	11011	86.218793604988	28
14	11095	86.718793604988	28
14	11139	87.218793604988	28
14	11203	87.718793604988	28
14	11287	88.218793604988	28
14	11331	88.718793604988	28
14	11394	89.218793604988	28
14	11459	89.718793604988	28
14	11523	90.218793604988	28
14	11587	90.718793604988	28
14	11651	91.218793604988	28
14	11715	91.718793604988	28
14	11779	92.218793604988	28
14	11863	92.718793604988	28
14	11927	93.218793604988	28
14	11971	93.718793604988	28
14	12035	94.218793604988	28
14	12099	94.718793604988	28
14	12163	95.218793604988	28
14	12227	95.718793604988	28
14	12311	96.218793604988	28
14	12375	96.718793604988	28
14	12419	97.218793604988	28
14	12483	97.718793604988	28
14	12546	98.218793604988	28
14	12611	98.718793604988	28
14	12695	99.218793604988	28
14	12739	99.718793604988	28
14	12803	100.218793604988	28
14	12867	100.718793604988	28
14	12931	101.218793604988	28
14	12995	101.718793604988	28
14	13059	102.218793604988	28
14	13143	102.718793604988	28
14	13187	103.218793604988	28
14	13251	103.718793604988	28
14	13335	104.218793604988	28
14	13379	104.718793604988	28
14	13443	105.218793604988	28
14	13507	105.718793604988	28
14	13571	106.218793604988	28
14	13635	106.718793604988	28
14	13699	107.218793604988	28
14	13763	107.718793604988	28
14	13847	108.218793604988	28
14	13891	108.718793604988	28
14	13955	109.218793604988	28
14	14019	109.718793604988	28
14	14083	110.218793604988	28
14	14167	110.718793604988	28
14	14211	111.218793604988	28
14	14275	111.718793604988	28
14	14339	112.218793604988	28
14	14423	112.718793604988	28
14	14467	113.218793604988	28
14	14551	113.718793604988	28
14	14595	114.218793604988	28
14	14679	114.718793604988	28
14	14723	115.218793604988	28
14	14787	115.718793604988	28
14	14871	116.218793604988	28
14	14915	116.718793604988	28
14	14979	117.218793604988	28
14	15043	117.718793604988	28
14	15107	118.218793604988	28
14	15191	118.718793604988	28
14	15235	119.218793604988	28
14	15299	119.718793604988	28
14	15363	120.218793604988	28
14	15427	120.718793604988	28
14	15511	121.218793604988	28
14	15575	121.718793604988	28
14	15639	122.218793604988	28
14	15683	122.718793604988	28
14	15747	123.218793604988	28
14	15811	123.718793604988	28
14	15875	124.218793604988	28
14	15959	124.718793604988	28
14	16003	125.218793604988	28
14	16062	125.718793604988	28
14	16100	126.218793604988	28
14	16138	126.718793604988	28
14	16176	127.218793604988	28
14	16190	127.718793604988	28
14	16204	128.218793604988	28
14	16218	128.718793604988	28
14	16232	129.218793604988	28
14	16246	129.718793604988	28
14	16260	130.218793604988	28
14	16274	130.718793604988	28
14	16288	131.218793604988	28
14	16302	131.718793604988	28
14	16316	132.218793604988	28
14	16330	132.718793604988	28
14	16344	133.218793604988	28
14	16358	133.718793604988	28
14	16372	134.218793604988	28
14	16386	134.718793604988	28
14	16396	135.218793604988	28
14	16404	135.718793604988	28
14	16412	136.218793604988	28
14	16420	136.718793604988	28
14	16428	137.218793604988	28
14	16436	137.718793604988	28
14	16444	138.218793604988	28
14	16452	138.718793604988	28
14	16460	139.218793604988	28
14	16468	139.718793604988	28
14	16476	140.218793604988	28
14	16484	140.718793604988	28
14	16492	141.218793604988	28
14	16500	141.718793604988	28
14	16508	142.218793604988	28
14	16516	142.718793604988	28
14	16524	143.218793604988	28
14	16532	143.718793604988	28
14	16540	144.218793604988	28
14	16548	144.718793604988	28
14	16556	145.218793604988	28
14	16564	145.718793604988	28
14	16572	146.218793604988	28
14	16580	146.718793604988	28
14	16588	147.218793604988	28
14	16596	147.718793604988	28
14	16604	148.218793604988	28
14	16612	148.718793604988	28
14	16620	149.218793604988	28
14	16628	149.718793604988	28
15	23	0.218793604988	28
15	67	0.718793604988	28
15	131	1.218793604988	28
15	215	1.718793604988	28
15	259	2.218793604988	28
15	323	2.718793604988	28
15	387	3.218793604988	28
15	451	3.718793604988	28
15	515	4.218793604988	28
15	599	4.718793604988	28
15	663	5.218793604988	28
15	707	5.718793604988	28
15	771	6.218793604988	28
15	835	6.718793604988	28
15	899	7.218793604988	28
15	963	7.718793604988	28
15	1027	8.218793604988	28
15	1091	8.718793604988	28
15	1155	9.218793604988	28
15	1219	9.718793604988	28
15	1302	10.218793604988	28
15	1347	10.718793604988	28
15	1412	11.218793604988	28
15	1496	11.718793604988	28
15	1559	12.218793604988	28
15	1604	12.718793604988	28
15	1668	13.218793604988	28
15	1732	13.718793604988	28
15	1816	14.218793604988	28
15	1860	14.718793604988	28
15	1924	15.218793604988	28
15	1988	15.718793604988	28
15	2052	16.218793604988	28
15	2116	16.718793604988	28
15	2180	17.218793604988	28
15	2244	17.718793604988	28
15	2308	18.218793604988	28
15	2392	18.718793604988	28
15	2436	19.218793604988	28
15	2500	19.718793604988	28
15	2584	20.218793604988	28
15	2648	20.718793604988	28
15	2692	21.218793604988	28
15	2756	21.718793604988	28
15	2820	22.218793604988	28
15	2904	22.718793604988	28
15	2948	23.218793604988	28
15	3012	23.718793604988	28
15	3076	24.218793604988	28
15	3140	24.718793604988	28
15	3203	25.218793604988	28
15	3268	25.718793604988	28
15	3332	26.218793604988	28
15	3416	26.718793604988	28
15	3460	27.218793604988	28
15	3544	27.718793604988	28
15	3588	28.218793604988	28
15	3672	28.718793604988	28
15	3716	29.218793604988	28
15	3780	29.718793604988	28
15	3844	30.218793604988	28
15	3928	30.718793604988	28
15	3972	31.218793604988	28
15	4036	31.718793604988	28
15	4100	32.218793604988	28
15	4164	32.718793604988	28
15	4228	33.218793604988	28
15	4312	33.718793604988	28
15	4356	34.218793604988	28
15	4440	34.718793604988	28
15	4503	35.218793604988	28
15	4547	35.718793604988	28
15	4632	36.218793604988	28
15	4696	36.718793604988	28
15	4740	37.218793604988	28
15	4804	37.718793604988	28
15	4868	38.218793604988	28
15	4932	38.718793604988	28
15	4996	39.218793604988	28
15	5060	39.718793604988	28
15	5124	40.218793604988	28
15	5188	40.718793604988	28
15	5252	41.218793604988	28
15	5316	41.718793604988	28
15	5400	42.218793604988	28
15	5464	42.718793604988	28
15	5508	43.218793604988	28
15	5572	43.718793604988	28
15	5636	44.218793604988	28
15	5720	44.718793604988	28
15	5764	45.218793604988	28
15	5848	45.718793604988	28
15	5892	46.218793604988	28
15	5976	46.718793604988	28
15	6020	47.218793604988	28
15	6084	47.718793604988	28
15	6148	48.218793604988	28
15	6212	48.718793604988	28
15	6296	49.218793604988	28
15	6340	49.718793604988	28
15	6404	50.218793604988	28
15	6468	50.718793604988	28
15	6532	51.218793604988	28
15	6596	51.718793604988	28
15	6660	52.218793604988	28
15	6724	52.718793604988	28
15	6787	53.218793604988	28
15	6872	53.718793604988	28
15	6916	54.218793604988	28
15	6980	54.718793604988	28
15	7044	55.218793604988	28
15	7108	55.718793604988	28
15	7172	56.218793604988	28
15	7236	56.718793604988	28
15	7300	57.218793604988	28
15	7364	57.718793604988	28
15	7428	58.218793604988	28
15	7492	58.718793604988	28
15	7556	59.218793604988	28
15	7620	59.718793604988	28
15	7704	60.218793604988	28
15	7748	60.718793604988	28
15	7812	61.218793604988	28
15	7896	61.718793604988	28
15	7940	62.218793604988	28
15	8004	62.718793604988	28
15	8068	63.218793604988	28
15	8152	63.718793604988	28
15	8216	64.218793604988	28
15	8260	64.718793604988	28
15	8324	65.218793604988	28
15	8408	65.718793604988	28
15	8452	66.218793604988	28
15	8516	66.718793604988	28
15	8580	67.218793604988	28
15	8664	67.718793604988	28
15	8728	68.218793604988	28
15	8771	68.718793604988	28
15	8836	69.218793604988	28
15	8900	69.718793604988	28
15	8984	70.218793604988	28
15	9028	70.718793604988	28
15	9092	71.218793604988	28
15	9156	71.718793604988	28
15	9220	72.218793604988	28
15	9284	72.718793604988	28
15	9368	73.218793604988	28
15	9412	73.718793604988	28
15	9496	74.218793604988	28
15	9540	74.718793604988	28
15	9604	75.218793604988	28
15	9668	75.718793604988	28
15	9752	76.218793604988	28
15	9816	76.718793604988	28
15	9859	77.218793604988	28
15	9924	77.718793604988	28
15	9988	78.218793604988	28
15	10052	78.718793604988	28
15	10116	79.218793604988	28
15	10180	79.718793604988	28
15	10264	80.218793604988	28
15	10308	80.718793604988	28
15	10372	81.218793604988	28
15	10436	81.718793604988	28
15	10500	82.218793604988	28
15	10584	82.718793604988	28
15	10648	83.218793604988	28
15	10712	83.718793604988	28
15	10756	84.218793604988	28
15	10840	84.718793604988	28
15	10884	85.218793604988	28
15	10948	85.718793604988	28
15	11012	86.218793604988	28
15	11096	86.718793604988	28
15	11140	87.218793604988	28
15	11204	87.718793604988	28
15	11288	88.218793604988	28
15	11332	88.718793604988	28
15	11395	89.218793604988	28
15	11460	89.718793604988	28
15	11524	90.218793604988	28
15	11588	90.718793604988	28
15	11652	91.218793604988	28
15	11716	91.718793604988	28
15	11780	92.218793604988	28
15	11864	92.718793604988	28
15	11928	93.218793604988	28
15	11972	93.718793604988	28
15	12036	94.218793604988	28
15	12100	94.718793604988	28
15	12164	95.218793604988	28
15	12228	95.718793604988	28
15	12312	96.218793604988	28
15	12376	96.718793604988	28
15	12420	97.218793604988	28
15	12484	97.718793604988	28
15	12547	98.218793604988	28
15	12612	98.718793604988	28
15	12696	99.218793604988	28
15	12740	99.718793604988	28
15	12804	100.218793604988	28
15	12868	100.718793604988	28
15	12932	101.218793604988	28
15	12996	101.718793604988	28
15	13060	102.218793604988	28
15	13144	102.718793604988	28
15	13188	103.218793604988	28
15	13252	103.718793604988	28
15	13336	104.218793604988	28
15	13380	104.718793604988	28
15	13444	105.218793604988	28
15	13508	105.718793604988	28
15	13572	106.218793604988	28
15	13636	106.718793604988	28
15	13700	107.218793604988	28
15	13764	107.718793604988	28
15	13848	108.218793604988	28
15	13892	108.718793604988	28
15	13956	109.218793604988	28
15	14020	109.718793604988	28
15	14084	110.218793604988	28
15	14168	110.718793604988	28
15	14212	111.218793604988	28
15	14276	111.718793604988	28
15	14340	112.218793604988	28
15	14424	112.718793604988	28
15	14468	113.218793604988	28
15	14552	113.718793604988	28
15	14596	114.218793604988	28
15	14680	114.718793604988	28
15	14724	115.218793604988	28
15	14788	115.718793604988	28
15	14872	116.218793604988	28
15	14916	116.718793604988	28
15	14980	117.218793604988	28
15	15044	117.718793604988	28
15	15108	118.218793604988	28
15	15192	118.718793604988	28
15	15236	119.218793604988	28
15	15300	119.718793604988	28
15	15364	120.218793604988	28
15	15428	120.718793604988	28
15	15512	121.218793604988	28
15	15576	121.718793604988	28
15	15640	122.218793604988	28
15	15684	122.718793604988	28
15	15748	123.218793604988	28
15	15812	123.718793604988	28
15	15876	124.218793604988	28
15	15960	124.718793604988	28
15	16004	125.218793604988	28
15	16063	125.718793604988	28
15	16101	126.218793604988	28
15	16139	126.718793604988	28
15	16177	127.218793604988	28
15	16191	127.718793604988	28
15	16205	128.218793604988	28
15	16219	128.718793604988	28
15	16233	129.218793604988	28
15	16247	129.718793604988	28
15	16261	130.218793604988	28
15	16275	130.718793604988	28
15	16289	131.218793604988	28
15	16303	131.718793604988	28
15	16317	132.218793604988	28
15	16331	132.718793604988	28
15	16345	133.218793604988	28
15	16359	133.718793604988	28
15	16373	134.218793604988	28
15	16387	134.718793604988	28
15	16397	135.218793604988	28
15	16405	135.718793604988	28
15	16413	136.218793604988	28
15	16421	136.718793604988	28
15	16429	137.218793604988	28
15	16437	137.718793604988	28
15	16445	138.218793604988	28
15	16453	138.718793604988	28
15	16461	139.218793604988	28
15	16469	139.718793604988	28
15	16477	140.218793604988	28
15	16485	140.718793604988	28
15	16493	141.218793604988	28
15	16501	141.718793604988	28
15	16509	142.218793604988	28
15	16517	142.718793604988	28
15	16525	143.218793604988	28
15	16533	143.718793604988	28
15	16541	144.218793604988	28
15	16549	144.718793604988	28
15	16557	145.218793604988	28
15	16565	145.718793604988	28
15	16573	146.218793604988	28
15	16581	146.718793604988	28
15	16589	147.218793604988	28
15	16597	147.718793604988	28
15	16605	148.218793604988	28
15	16613	148.718793604988	28
15	16621	149.218793604988	28
15	16629	149.718793604988	28
17	23	0.218793604988	0
17	67	0.718793604988	0
17	131	1.218793604988	0
17	215	1.718793604988	0
17	259	2.218793604988	0
17	323	2.718793604988	0
17	387	3.218793604988	0
17	451	3.718793604988	0
17	515	4.218793604988	0
17	599	4.718793604988	0
17	663	5.218793604988	0
17	707	5.718793604988	0
17	771	6.218793604988	0
17	835	6.718793604988	0
17	899	7.218793604988	0
17	963	7.718793604988	0
17	1027	8.218793604988	0
17	1091	8.718793604988	0
17	1155	9.218793604988	0
17	1219	9.718793604988	0
17	1302	10.218793604988	0
17	1347	10.718793604988	0
17	1412	11.218793604988	0
17	1496	11.718793604988	0
17	1559	12.218793604988	0
17	1604	12.718793604988	0
17	1668	13.218793604988	0
17	1732	13.718793604988	0
17	1816	14.218793604988	0
17	1860	14.718793604988	0
17	1924	15.218793604988	0
17	1988	15.718793604988	0
17	2052	16.218793604988	0
17	2116	16.718793604988	0
17	2180	17.218793604988	0
17	2244	17.718793604988	0
17	2308	18.218793604988	0
17	2392	18.718793604988	0
17	2436	19.218793604988	0
17	2500	19.718793604988	0
17	2584	20.218793604988	0
17	2648	20.718793604988	0
17	2692	21.218793604988	0
17	2756	21.718793604988	0
17	2820	22.218793604988	0
17	2904	22.718793604988	0
17	2948	23.218793604988	0
17	3012	23.718793604988	0
17	3076	24.218793604988	0
17	3140	24.718793604988	0
17	3203	25.218793604988	0
17	3268	25.718793604988	0
17	3332	26.218793604988	0
17	3416	26.718793604988	0
17	3460	27.218793604988	0
17	3544	27.718793604988	0
17	3588	28.218793604988	0
17	3672	28.718793604988	0
17	3716	29.218793604988	0
17	3780	29.718793604988	0
17	3844	30.218793604988	0
17	3928	30.718793604988	0
17	3972	31.218793604988	0
17	4036	31.718793604988	0
17	4100	32.218793604988	0
17	4164	32.718793604988	0
17	4228	33.218793604988	0
17	4312	33.718793604988	0
17	4356	34.218793604988	0
17	4440	34.718793604988	0
17	4503	35.218793604988	0
17	4547	35.718793604988	0
17	4632	36.218793604988	0
17	4696	36.718793604988	0
17	4740	37.218793604988	0
17	4804	37.718793604988	0
17	4868	38.218793604988	0
17	4932	38.718793604988	0
17	4996	39.218793604988	0
17	5060	39.718793604988	0
17	5124	40.218793604988	0
17	5188	40.718793604988	0
17	5252	41.218793604988	0
17	5316	41.718793604988	0
17	5400	42.218793604988	0
17	5464	42.718793604988	0
17	5508	43.218793604988	0
17	5572	43.718793604988	0
17	5636	44.218793604988	0
17	5720	44.718793604988	0
17	5764	45.218793604988	0
17	5848	45.718793604988	0
17	5892	46.218793604988	0
17	5976	46.718793604988	0
17	6020	47.218793604988	0
17	6084	47.718793604988	0
17	6148	48.218793604988	0
17	6212	48.718793604988	0
17	6296	49.218793604988	0
17	6340	49.718793604988	0
17	6404	50.218793604988	0
17	6468	50.718793604988	0
17	6532	51.218793604988	0
17	6596	51.718793604988	0
17	6660	52.218793604988	0
17	6724	52.718793604988	0
17	6787	53.218793604988	0
17	6872	53.718793604988	0
17	6916	54.218793604988	0
17	6980	54.718793604988	0
17	7044	55.218793604988	0
17	7108	55.718793604988	0
17	7172	56.218793604988	0
17	7236	56.718793604988	0
17	7300	57.218793604988	0
17	7364	57.718793604988	0
17	7428	58.218793604988	0
17	7492	58.718793604988	0
17	7556	59.218793604988	0
17	7620	59.718793604988	0
17	7704	60.218793604988	0
17	7748	60.718793604988	0
17	7812	61.218793604988	0
17	7896	61.718793604988	0
17	7940	62.218793604988	0
17	8004	62.718793604988	0
17	8068	63.218793604988	0
17	8152	63.718793604988	0
17	8216	64.218793604988	0
17	8260	64.718793604988	0
17	8324	65.218793604988	0
17	8408	65.718793604988	0
17	8452	66.218793604988	0
17	8516	66.718793604988	0
17	8580	67.218793604988	0
17	8664	67.718793604988	0
17	8728	68.218793604988	0
17	8771	68.718793604988	0
17	8836	69.218793604988	0
17	8900	69.718793604988	0
17	8984	70.218793604988	0
17	9028	70.718793604988	0
17	9092	71.218793604988	0
17	9156	71.718793604988	0
17	9220	72.218793604988	0
17	9284	72.718793604988	0
17	9368	73.218793604988	0
17	9412	73.718793604988	0
17	9496	74.218793604988	0
17	9540	74.718793604988	0
17	9604	75.218793604988	0
17	9668	75.718793604988	0
17	9752	76.218793604988	0
17	9816	76.718793604988	0
17	9859	77.218793604988	0
17	9924	77.718793604988	0
17	9988	78.218793604988	0
17	10052	78.718793604988	0
17	10116	79.218793604988	0
17	10180	79.718793604988	0
17	10264	80.218793604988	0
17	10308	80.718793604988	0
17	10372	81.218793604988	0
17	10436	81.718793604988	0
17	10500	82.218793604988	0
17	10584	82.718793604988	0
17	10648	83.218793604988	0
17	10712	83.718793604988	0
17	10756	84.218793604988	0
17	10840	84.718793604988	0
17	10884	85.218793604988	0
17	10948	85.718793604988	0
17	11012	86.218793604988	0
17	11096	86.718793604988	0
17	11140	87.218793604988	0
17	11204	87.718793604988	0
17	11288	88.218793604988	0
17	11332	88.718793604988	0
17	11395	89.218793604988	0
17	11460	89.718793604988	0
17	11524	90.218793604988	0
17	11588	90.718793604988	0
17	11652	91.218793604988	0
17	11716	91.718793604988	0
17	11780	92.218793604988	0
17	11864	92.718793604988	0
17	11928	93.218793604988	0
17	11972	93.718793604988	0
17	12036	94.218793604988	0
17	12100	94.718793604988	0
17	12164	95.218793604988	0
17	12228	95.718793604988	0
17	12312	96.218793604988	0
17	12376	96.718793604988	0
17	12420	97.218793604988	0
17	12484	97.718793604988	0
17	12547	98.218793604988	0
17	12612	98.718793604988	0
17	12696	99.218793604988	0
17	12740	99.718793604988	0
17	12804	100.218793604988	0
17	12868	100.718793604988	0
17	12932	101.218793604988	0
17	12996	101.718793604988	0
17	13060	102.218793604988	0
17	13144	102.718793604988	0
17	13188	103.218793604988	0
17	13252	103.718793604988	0
17	13336	104.218793604988	0
17	13380	104.718793604988	0
17	13444	105.218793604988	0
17	13508	105.718793604988	0
17	13572	106.218793604988	0
17	13636	106.718793604988	0
17	13700	107.218793604988	0
17	13764	107.718793604988	0
17	13848	108.218793604988	0
17	13892	108.718793604988	0
17	13956	109.218793604988	0
17	14020	109.718793604988	0
17	14084	110.218793604988	0
17	14168	110.718793604988	0
17	14212	111.218793604988	0
17	14276	111.718793604988	0
17	14340	112.218793604988	0
17	14424	112.718793604988	0
17	14468	113.218793604988	0
17	14552	113.718793604988	0
17	14596	114.218793604988	0
17	14680	114.718793604988	0
17	14724	115.218793604988	0
17	14788	115.718793604988	0
17	14872	116.218793604988	0
17	14916	116.718793604988	0
17	14980	117.218793604988	0
17	15044	117.718793604988	0
17	15108	118.218793604988	0
17	15192	118.718793604988	0
17	15236	119.218793604988	0
17	15300	119.718793604988	0
17	15364	120.218793604988	0
17	15428	120.718793604988	0
17	15512	121.218793604988	0
17	15576	121.718793604988	0
17	15640	122.218793604988	0
17	15684	122.718793604988	0
17	15748	123.218793604988	0
17	15812	123.718793604988	0
17	15876	124.218793604988	0
17	15960	124.718793604988	0
17	16004	125.218793604988	0
17	16063	125.718793604988	0
17	16101	126.218793604988	0
17	16139	126.718793604988	0
17	16177	127.218793604988	0
17	16191	127.718793604988	0
17	16205	128.218793604988	0
17	16219	128.718793604988	0
17	16233	129.218793604988	0
17	16247	129.718793604988	0
17	16261	130.218793604988	0
17	16275	130.718793604988	0
17	16289	131.218793604988	0
17	16303	131.718793604988	0
17	16317	132.218793604988	0
17	16331	132.718793604988	0
17	16345	133.218793604988	0
17	16359	133.718793604988	0
17	16373	134.218793604988	0
17	16387	134.718793604988	0
18	0	0	0
18	16397	135.218793604988	1
18	16405	135.718793604988	2
18	16413	136.218793604988	3
18	16421	136.718793604988	4
18	16429	137.218793604988	5
18	16437	137.718793604988	6
18	16445	138.218793604988	7
18	16453	138.718793604988	8
18	16461	139.218793604988	9
18	16469	139.718793604988	10
18	16477	140.218793604988	11
18	16485	140.718793604988	12
18	16493	141.218793604988	13
18	16501	141.718793604988	14
18	16509	142.218793604988	15
18	16517	142.718793604988	16
18	16525	143.218793604988	17
18	16533	143.718793604988	18
18	16541	144.218793604988	19
18	16549	144.718793604988	20
18	16557	145.218793604988	21
18	16565	145.718793604988	22
18	16573	146.218793604988	23
18	16581	146.718793604988	24
18	16589	147.218793604988	25
18	16597	147.718793604988	26
18	16605	148.218793604988	27
18	16613	148.718793604988	28
18	16621	149.218793604988	29
18	16629	149.718793604988	30
19	54	0.438256114218	28
19	98	0.841927462406	28
19	182	1.428304789922	28
19	246	2.010308316778	28
19	310	2.644109762701	28
19	374	3.011233140676	28
19	438	3.476356189381	28
19	502	4.153673779647	28
19	566	4.454200736768	28
19	630	5.078511022738	28
19	694	5.46653888706	28
19	758	6.202104333843	28
19	802	6.375382583085	28
19	886	7.167277172542	28
19	930	7.508685488123	28
19	1014	8.139606573115	28
19	1078	8.527433264311	28
19	1142	9.09079408558	28
19	1206	9.607495332751	28
19	1270	10.052050188611	28
19	1334	10.534191563408	28
19	1399	11.122688520289	28
19	1443	11.361605314686	28
19	1527	12.008682441208	28
19	1591	12.393775209933	28
19	1655	13.114009543284	28
19	1718	13.405862414799	28
19	1783	13.873329541422	28
19	1847	14.448898673765	28
19	1911	14.87911221763	28
19	1975	15.408170826323	28
19	2039	15.973837863337	28
19	2103	16.680281660668	28
19	2147	16.99922226794	28
19	2231	17.564467656854	28
19	2295	18.180181703399	28
19	2339	18.358954412732	28
19	2423	19.207165899555	28
19	2486	19.580498284995	28
19	2531	19.887606106567	28
19	2615	20.462503140195	28
19	2679	21.119516727663	28
19	2743	21.562374538797	28
19	2807	21.949261163137	28
19	2871	22.334612442329	28
19	2935	23.072951893377	28
19	2999	23.70282197982	28
19	3063	24.080358399692	28
19	3127	24.573265822939	28
19	3191	25.217362098358	28
19	3235	25.551982404999	28
19	3319	25.98498970732	28
19	3383	26.509121274165	28
19	3447	27.068646314516	28
19	3511	27.454445319119	28
19	3575	28.089143201019	28
19	3619	28.446122970022	28
19	3703	29.130580464806	28
19	3767	29.699070692676	28
19	3831	30.084253019336	28
19	3875	30.324670928865	28
19	3959	31.06838070942	28
19	4023	31.588706124536	28
19	4087	32.208020271695	28
19	4131	32.670519659537	28
19	4215	33.023092020824	28
19	4259	33.341528149284	28
19	4343	33.999705957676	28
19	4387	34.327237341049	28
19	4471	34.995926640704	28
19	4535	35.711076964307	28
19	4599	35.963020059708	28
19	4663	36.511599686611	28
19	4727	37.094706746618	28
19	4791	37.671432629376	28
19	4855	38.186536461263	28
19	4919	38.405971125382	28
19	4983	39.045317818373	28
19	5047	39.665283297709	28
19	5111	40.022829856499	28
19	5175	40.685931454747	28
19	5239	41.187705316915	28
19	5283	41.352487266771	28
19	5367	41.930329697727	28
19	5431	42.322984952814	28
19	5495	43.156179103776	28
19	5559	43.578111927546	28
19	5623	44.155796720981	28
19	5687	44.425134337842	28
19	5751	44.978370572775	28
19	5815	45.54037086578	28
19	5879	45.88521845635	28
19	5943	46.467165510412	28
19	6007	46.877818977422	28
19	6071	47.547089633866	28
19	6135	48.100737184434	28
19	6179	48.434632845092	28
19	6263	48.992557497657	28
19	6327	49.621684948689	28
19	6391	49.977681583408	28
19	6455	50.677657627835	28
19	6519	51.074810704178	28
19	6583	51.675864044446	28
19	6627	52.091264501269	28
19	6711	52.49892136488	28
19	6775	53.210670641679	28
19	6819	53.365723036098	28
19	6903	54.126051753163	28
19	6947	54.483970328848	28
19	7031	55.089417902994	28
19	7075	55.419160782135	28
19	7159	55.944529604967	28
19	7223	56.705408759563	28
19	7267	57.054628305472	28
19	7351	57.583109637778	28
19	7415	58.032524772789	28
19	7459	58.411455481368	28
19	7543	58.977189988977	28
19	7607	59.566765696517	28
19	7671	60.009189280736	28
19	7735	60.507295147478	28
19	7799	61.105672085527	28
19	7843	61.434438673648	28
19	7927	61.972627162523	28
19	7991	62.618910206537	28
19	8055	63.170623148567	28
19	8119	63.360387616101	28
19	8183	63.85619182676	28
19	8247	64.460860937889	28
19	8311	65.03996877415	28
19	8355	65.332692309617	28
19	8439	66.206826978511	28
19	8483	66.447641169614	28
19	8567	66.907747345193	28
19	8630	67.37574783327	28
19	8695	67.858146242759	28
19	8759	68.712859166282	28
19	8803	68.923378643542	28
19	8887	69.534051279034	28
19	8951	69.99841274159	28
19	9015	70.359069906044	28
19	9079	70.96016693633	28
19	9143	71.506941940784	28
19	9207	72.15569832405	28
19	9271	72.68110136982	28
19	9315	72.834266025908	28
19	9399	73.522568452227	28
19	9463	73.885981279294	28
19	9527	74.630862679388	28
19	9591	75.165215589254	28
19	9635	75.483800961877	28
19	9719	75.875231305379	28
19	9783	76.332531226668	28
19	9847	77.212272254805	28
19	9891	77.468558573219	28
19	9975	77.987272419184	28
19	10019	78.339477517232	28
19	10103	78.965440711993	28
19	10147	79.325893459897	28
19	10231	79.911539208758	28
19	10295	80.625206951293	28
19	10359	81.196891680415	28
19	10423	81.619241971205	28
19	10487	81.955003798529	28
19	10551	82.515061848945	28
19	10615	82.954836318697	28
19	10679	83.391038379315	28
19	10743	83.887636909223	28
19	10807	84.504622662588	28
19	10871	85.169071456938	28
19	10935	85.696890172511	28
19	10979	86.062543419152	28
19	11063	86.557904437239	28
19	11127	87.132699971329	28
19	11191	87.519252789634	28
19	11235	87.839390295613	28
19	11319	88.598881503157	28
19	11383	89.216200830377	28
19	11427	89.426147285718	28
19	11511	90.090878519378	28
19	11575	90.664954849108	28
19	11639	91.119579970892	28
19	11703	91.705038178395	28
19	11767	92.040939246546	28
19	11831	92.404198472909	28
19	11895	92.908219561502	28
19	11959	93.406742019261	28
19	12023	94.047071684859	28
19	12087	94.500085887368	28
19	12151	95.207336946073	28
19	12215	95.59146014979	28
19	12279	95.853360498938	28
19	12343	96.341809605955	28
19	12407	97.014377354513	28
19	12471	97.671644095573	28
19	12535	98.209804028235	28
19	12599	98.566305439788	28
19	12663	99.036241782884	28
19	12727	99.661087705343	28
19	12791	100.116776089053	28
19	12855	100.510680802687	28
19	12919	101.090074902642	28
19	12983	101.562060296497	28
19	13047	102.105121045242	28
19	13091	102.507041147127	28
19	13175	103.001648121475	28
19	13239	103.681809507645	28
19	13283	103.874130440465	28
19	13367	104.410930001325	28
19	13431	105.171876433733	28
19	13495	105.681012263018	28
19	13559	106.077556111998	28
19	13623	106.449115461166	28
19	13687	107.027126749008	28
19	13731	107.319264412261	28
19	13815	107.943986360318	28
19	13879	108.48942288706	28
19	13943	109.173377337828	28
19	14007	109.591194054074	28
19	14051	110.001694181058	28
19	14135	110.512605719137	28
19	14199	111.134738040677	28
19	14243	111.411019003726	28
19	14327	112.171361313909	28
19	14391	112.444719231091	28
19	14455	113.202222614511	28
19	14499	113.507942902445	28
19	14583	114.103875800743	28
19	14647	114.380719993505	28
19	14711	115.111419144328	28
19	14775	115.577748046125	28
19	14839	115.905194566733	28
19	14903	116.393825559559	28
19	14967	117.142274378109	28
19	15031	117.618074060473	28
19	15095	118.089181210156	28
19	15159	118.42999977298	28
19	15223	118.889205821007	28
19	15287	119.601031976807	28
19	15351	120.004502350706	28
19	15415	120.65541368626	28
19	15479	120.901188576742	28
19	15543	121.38522582069	28
19	15607	121.869175496473	28
19	15671	122.608074536416	28
19	15715	122.831423458419	28
19	15799	123.618039967175	28
19	15843	123.856280735563	28
19	15927	124.40622246988	28
19	15991	125.118944038785	28
19	16054	125.611919775474	28
19	16092	126.053032701052	28
19	16130	126.33748812653	28
19	16168	127.204016825519	28
20	25	0.218793604988	28
20	69	0.718793604988	28
20	133	1.218793604988	28
20	217	1.718793604988	28
20	261	2.218793604988	28
20	325	2.718793604988	28
20	389	3.218793604988	28
20	453	3.718793604988	28
20	517	4.218793604988	28
20	601	4.718793604988	28
20	665	5.218793604988	28
20	709	5.718793604988	28
20	773	6.218793604988	28
20	837	6.718793604988	28
20	901	7.218793604988	28
20	965	7.718793604988	28
20	1029	8.218793604988	28
20	1093	8.718793604988	28
20	1157	9.218793604988	28
20	1221	9.718793604988	28
20	1304	10.218793604988	28
20	1349	10.718793604988	28
20	1414	11.218793604988	28
20	1498	11.718793604988	28
20	1561	12.218793604988	28
20	1606	12.718793604988	28
20	1670	13.218793604988	28
20	1734	13.718793604988	28
20	1818	14.218793604988	28
20	1862	14.718793604988	28
20	1926	15.218793604988	28
20	1990	15.718793604988	28
20	2054	16.218793604988	28
20	2118	16.718793604988	28
20	2182	17.218793604988	28
20	2246	17.718793604988	28
20	2310	18.218793604988	28
20	2394	18.718793604988	28
20	2438	19.218793604988	28
20	2502	19.718793604988	28
20	2586	20.218793604988	28
20	2650	20.718793604988	28
20	2694	21.218793604988	28
20	2758	21.718793604988	28
20	2822	22.218793604988	28
20	2906	22.718793604988	28
20	2950	23.218793604988	28
20	3014	23.718793604988	28
20	3078	24.218793604988	28
20	3142	24.718793604988	28
20	3205	25.218793604988	28
20	3270	25.718793604988	28
20	3334	26.218793604988	28
20	3418	26.718793604988	28
20	3462	27.218793604988	28
20	3546	27.718793604988	28
20	3590	28.218793604988	28
20	3674	28.718793604988	28
20	3718	29.218793604988	28
20	3782	29.718793604988	28
20	3846	30.218793604988	28
20	3930	30.718793604988	28
20	3974	31.218793604988	28
20	4038	31.718793604988	28
20	4102	32.218793604988	28
20	4166	32.718793604988	28
20	4230	33.218793604988	28
20	4314	33.718793604988	28
20	4358	34.218793604988	28
20	4442	34.718793604988	28
20	4505	35.218793604988	28
20	4549	35.718793604988	28
20	4634	36.218793604988	28
20	4698	36.718793604988	28
20	4742	37.218793604988	28
20	4806	37.718793604988	28
20	4870	38.218793604988	28
20	4934	38.718793604988	28
20	4998	39.218793604988	28
20	5062	39.718793604988	28
20	5126	40.218793604988	28
20	5190	40.718793604988	28
20	5254	41.218793604988	28
20	5318	41.718793604988	28
20	5402	42.218793604988	28
20	5466	42.718793604988	28
20	5510	43.218793604988	28
20	5574	43.718793604988	28
20	5638	44.218793604988	28
20	5722	44.718793604988	28
20	5766	45.218793604988	28
20	5850	45.718793604988	28
20	5894	46.218793604988	28
20	5978	46.718793604988	28
20	6022	47.218793604988	28
20	6086	47.718793604988	28
20	6150	48.218793604988	28
20	6214	48.718793604988	28
20	6298	49.218793604988	28
20	6342	49.718793604988	28
20	6406	50.218793604988	28
20	6470	50.718793604988	28
20	6534	51.218793604988	28
20	6598	51.718793604988	28
20	6662	52.218793604988	28
20	6726	52.718793604988	28
20	6789	53.218793604988	28
20	6874	53.718793604988	28
20	6918	54.218793604988	28
20	6982	54.718793604988	28
20	7046	55.218793604988	28
20	7110	55.718793604988	28
20	7174	56.218793604988	28
20	7238	56.718793604988	28
20	7302	57.218793604988	28
20	7366	57.718793604988	28
20	7430	58.218793604988	28
20	7494	58.718793604988	28
20	7558	59.218793604988	28
20	7622	59.718793604988	28
20	7706	60.218793604988	28
20	7750	60.718793604988	28
20	7814	61.218793604988	28
20	7898	61.718793604988	28
20	7942	62.218793604988	28
20	8006	62.718793604988	28
20	8070	63.218793604988	28
20	8154	63.718793604988	28
20	8218	64.218793604988	28
20	8262	64.718793604988	28
20	8326	65.218793604988	28
20	8410	65.718793604988	28
20	8454	66.218793604988	28
20	8518	66.718793604988	28
20	8582	67.218793604988	28
20	8666	67.718793604988	28
20	8730	68.218793604988	28
20	8773	68.718793604988	28
20	8838	69.218793604988	28
20	8902	69.718793604988	28
20	8986	70.218793604988	28
20	9030	70.718793604988	28
20	9094	71.218793604988	28
20	9158	71.718793604988	28
20	9222	72.218793604988	28
20	9286	72.718793604988	28
20	9370	73.218793604988	28
20	9414	73.718793604988	28
20	9498	74.218793604988	28
20	9542	74.718793604988	28
20	9606	75.218793604988	28
20	9670	75.718793604988	28
20	9754	76.218793604988	28
20	9818	76.718793604988	28
20	9861	77.218793604988	28
20	9926	77.718793604988	28
20	9990	78.218793604988	28
20	10054	78.718793604988	28
20	10118	79.218793604988	28
20	10182	79.718793604988	28
20	10266	80.218793604988	28
20	10310	80.718793604988	28
20	10374	81.218793604988	28
20	10438	81.718793604988	28
20	10502	82.218793604988	28
20	10586	82.718793604988	28
20	10650	83.218793604988	28
20	10714	83.718793604988	28
20	10758	84.218793604988	28
20	10842	84.718793604988	28
20	10886	85.218793604988	28
20	10950	85.718793604988	28
20	11014	86.218793604988	28
20	11098	86.718793604988	28
20	11142	87.218793604988	28
20	11206	87.718793604988	28
20	11290	88.218793604988	28
20	11334	88.718793604988	28
20	11397	89.218793604988	28
20	11462	89.718793604988	28
20	11526	90.218793604988	28
20	11590	90.718793604988	28
20	11654	91.218793604988	28
20	11718	91.718793604988	28
20	11782	92.218793604988	28
20	11866	92.718793604988	28
20	11930	93.218793604988	28
20	11974	93.718793604988	28
20	12038	94.218793604988	28
20	12102	94.718793604988	28
20	12166	95.218793604988	28
20	12230	95.718793604988	28
20	12314	96.218793604988	28
20	12378	96.718793604988	28
20	12422	97.218793604988	28
20	12486	97.718793604988	28
20	12549	98.218793604988	28
20	12614	98.718793604988	28
20	12698	99.218793604988	28
20	12742	99.718793604988	28
20	12806	100.218793604988	28
20	12870	100.718793604988	28
20	12934	101.218793604988	28
20	12998	101.718793604988	28
20	13062	102.218793604988	28
20	13146	102.718793604988	28
20	13190	103.218793604988	28
20	13254	103.718793604988	28
20	13338	104.218793604988	28
20	13382	104.718793604988	28
20	13446	105.218793604988	28
20	13510	105.718793604988	28
20	13574	106.218793604988	28
20	13638	106.718793604988	28
20	13702	107.218793604988	28
20	13766	107.718793604988	28
20	13850	108.218793604988	28
20	13894	108.718793604988	28
20	13958	109.218793604988	28
20	14022	109.718793604988	28
20	14086	110.218793604988	28
20	14170	110.718793604988	28
20	14214	111.218793604988	28
20	14278	111.718793604988	28
20	14342	112.218793604988	28
20	14426	112.718793604988	28
20	14470	113.218793604988	28
20	14554	113.718793604988	28
20	14598	114.218793604988	28
20	14682	114.718793604988	28
20	14726	115.218793604988	28
20	14790	115.718793604988	28
20	14874	116.218793604988	28
20	14918	116.718793604988	28
20	14982	117.218793604988	28
20	15046	117.718793604988	28
20	15110	118.218793604988	28
20	15194	118.718793604988	28
20	15238	119.218793604988	28
20	15302	119.718793604988	28
20	15366	120.218793604988	28
20	15430	120.718793604988	28
20	15514	121.218793604988	28
20	15578	121.718793604988	28
20	15642	122.218793604988	28
20	15686	122.718793604988	28
20	15750	123.218793604988	28
20	15814	123.718793604988	28
20	15878	124.218793604988	28
20	15962	124.718793604988	28
20	16006	125.218793604988	28
20	16065	125.718793604988	28
20	16103	126.218793604988	28
20	16141	126.718793604988	28
20	16179	127.218793604988	28
20	16193	127.718793604988	28
20	16207	128.218793604988	28
20	16221	128.718793604988	28
20	16235	129.218793604988	28
20	16249	129.718793604988	28
20	16263	130.218793604988	28
20	16277	130.718793604988	28
20	16291	131.218793604988	28
20	16305	131.718793604988	28
20	16319	132.218793604988	28
20	16333	132.718793604988	28
20	16347	133.218793604988	28
20	16361	133.718793604988	28
20	16375	134.218793604988	28
20	16389	134.718793604988	28
21	25	0.218793604988	28
21	69	0.718793604988	28
21	133	1.218793604988	28
21	217	1.718793604988	28
21	261	2.218793604988	28
21	325	2.718793604988	28
21	389	3.218793604988	28
21	453	3.718793604988	28
21	517	4.218793604988	28
21	601	4.718793604988	28
21	665	5.218793604988	28
21	709	5.718793604988	28
21	773	6.218793604988	28
21	837	6.718793604988	28
21	901	7.218793604988	28
21	965	7.718793604988	28
21	1029	8.218793604988	28
21	1093	8.718793604988	28
21	1157	9.218793604988	28
21	1221	9.718793604988	28
21	1304	10.218793604988	28
21	1349	10.718793604988	28
21	1414	11.218793604988	28
21	1498	11.718793604988	28
21	1561	12.218793604988	28
21	1606	12.718793604988	28
21	1670	13.218793604988	28
21	1734	13.718793604988	28
21	1818	14.218793604988	28
21	1862	14.718793604988	28
21	1926	15.218793604988	28
21	1990	15.718793604988	28
21	2054	16.218793604988	28
21	2118	16.718793604988	28
21	2182	17.218793604988	28
21	2246	17.718793604988	28
21	2310	18.218793604988	28
21	2394	18.718793604988	28
21	2438	19.218793604988	28
21	2502	19.718793604988	28
21	2586	20.218793604988	28
21	2650	20.718793604988	28
21	2694	21.218793604988	28
21	2758	21.718793604988	28
21	2822	22.218793604988	28
21	2906	22.718793604988	28
21	2950	23.218793604988	28
21	3014	23.718793604988	28
21	3078	24.218793604988	28
21	3142	24.718793604988	28
21	3205	25.218793604988	28
21	3270	25.718793604988	28
21	3334	26.218793604988	28
21	3418	26.718793604988	28
21	3462	27.218793604988	28
21	3546	27.718793604988	28
21	3590	28.218793604988	28
21	3674	28.718793604988	28
21	3718	29.218793604988	28
21	3782	29.718793604988	28
21	3846	30.218793604988	28
21	3930	30.718793604988	28
21	3974	31.218793604988	28
21	4038	31.718793604988	28
21	4102	32.218793604988	28
21	4166	32.718793604988	28
21	4230	33.218793604988	28
21	4314	33.718793604988	28
21	4358	34.218793604988	28
21	4442	34.718793604988	28
21	4505	35.218793604988	28
21	4549	35.718793604988	28
21	4634	36.218793604988	28
21	4698	36.718793604988	28
21	4742	37.218793604988	28
21	4806	37.718793604988	28
21	4870	38.218793604988	28
21	4934	38.718793604988	28
21	4998	39.218793604988	28
21	5062	39.718793604988	28
21	5126	40.218793604988	28
21	5190	40.718793604988	28
21	5254	41.218793604988	28
21	5318	41.718793604988	28
21	5402	42.218793604988	28
21	5466	42.718793604988	28
21	5510	43.218793604988	28
21	5574	43.718793604988	28
21	5638	44.218793604988	28
21	5722	44.718793604988	28
21	5766	45.218793604988	28
21	5850	45.718793604988	28
21	5894	46.218793604988	28
21	5978	46.718793604988	28
21	6022	47.218793604988	28
21	6086	47.718793604988	28
21	6150	48.218793604988	28
21	6214	48.718793604988	28
21	6298	49.218793604988	28
21	6342	49.718793604988	28
21	6406	50.218793604988	28
21	6470	50.718793604988	28
21	6534	51.218793604988	28
21	6598	51.718793604988	28
21	6662	52.218793604988	28
21	6726	52.718793604988	28
21	6789	53.218793604988	28
21	6874	53.718793604988	28
21	6918	54.218793604988	28
21	6982	54.718793604988	28
21	7046	55.218793604988	28
21	7110	55.718793604988	28
21	7174	56.218793604988	28
21	7238	56.718793604988	28
21	7302	57.218793604988	28
21	7366	57.718793604988	28
21	7430	58.218793604988	28
21	7494	58.718793604988	28
21	7558	59.218793604988	28
21	7622	59.718793604988	28
21	7706	60.218793604988	28
21	7750	60.718793604988	28
21	7814	61.218793604988	28
21	7898	61.718793604988	28
21	7942	62.218793604988	28
21	8006	62.718793604988	28
21	8070	63.218793604988	28
21	8154	63.718793604988	28
21	8218	64.218793604988	28
21	8262	64.718793604988	28
21	8326	65.218793604988	28
21	8410	65.718793604988	28
21	8454	66.218793604988	28
21	8518	66.718793604988	28
21	8582	67.218793604988	28
21	8666	67.718793604988	28
21	8730	68.218793604988	28
21	8773	68.718793604988	28
21	8838	69.218793604988	28
21	8902	69.718793604988	28
21	8986	70.218793604988	28
21	9030	70.718793604988	28
21	9094	71.218793604988	28
21	9158	71.718793604988	28
21	9222	72.218793604988	28
21	9286	72.718793604988	28
21	9370	73.218793604988	28
21	9414	73.718793604988	28
21	9498	74.218793604988	28
21	9542	74.718793604988	28
21	9606	75.218793604988	28
21	9670	75.718793604988	28
21	9754	76.218793604988	28
21	9818	76.718793604988	28
21	9861	77.218793604988	28
21	9926	77.718793604988	28
21	9990	78.218793604988	28
21	10054	78.718793604988	28
21	10118	79.218793604988	28
21	10182	79.718793604988	28
21	10266	80.218793604988	28
21	10310	80.718793604988	28
21	10374	81.218793604988	28
21	10438	81.718793604988	28
21	10502	82.218793604988	28
21	10586	82.718793604988	28
21	10650	83.218793604988	28
21	10714	83.718793604988	28
21	10758	84.218793604988	28
21	10842	84.718793604988	28
21	10886	85.218793604988	28
21	10950	85.718793604988	28
21	11014	86.218793604988	28
21	11098	86.718793604988	28
21	11142	87.218793604988	28
21	11206	87.718793604988	28
21	11290	88.218793604988	28
21	11334	88.718793604988	28
21	11397	89.218793604988	28
21	11462	89.718793604988	28
21	11526	90.218793604988	28
21	11590	90.718793604988	28
21	11654	91.218793604988	28
21	11718	91.718793604988	28
21	11782	92.218793604988	28
21	11866	92.718793604988	28
21	11930	93.218793604988	28
21	11974	93.718793604988	28
21	12038	94.218793604988	28
21	12102	94.718793604988	28
21	12166	95.218793604988	28
21	12230	95.718793604988	28
21	12314	96.218793604988	28
21	12378	96.718793604988	28
21	12422	97.218793604988	28
21	12486	97.718793604988	28
21	12549	98.218793604988	28
21	12614	98.718793604988	28
21	12698	99.218793604988	28
21	12742	99.718793604988	28
21	12806	100.218793604988	28
21	12870	100.718793604988	28
21	12934	101.218793604988	28
21	12998	101.718793604988	28
21	13062	102.218793604988	28
21	13146	102.718793604988	28
21	13190	103.218793604988	28
21	13254	103.718793604988	28
21	13338	104.218793604988	28
21	13382	104.718793604988	28
21	13446	105.218793604988	28
21	13510	105.718793604988	28
21	13574	106.218793604988	28
21	13638	106.718793604988	28
21	13702	107.218793604988	28
21	13766	107.718793604988	28
21	13850	108.218793604988	28
21	13894	108.718793604988	28
21	13958	109.218793604988	28
21	14022	109.718793604988	28
21	14086	110.218793604988	28
21	14170	110.718793604988	28
21	14214	111.218793604988	28
21	14278	111.718793604988	28
21	14342	112.218793604988	28
21	14426	112.718793604988	28
21	14470	113.218793604988	28
21	14554	113.718793604988	28
21	14598	114.218793604988	28
21	14682	114.718793604988	28
21	14726	115.218793604988	28
21	14790	115.718793604988	28
21	14874	116.218793604988	28
21	14918	116.718793604988	28
21	14982	117.218793604988	28
21	15046	117.718793604988	28
21	15110	118.218793604988	28
21	15194	118.718793604988	28
21	15238	119.218793604988	28
21	15302	119.718793604988	28
21	15366	120.218793604988	28
21	15430	120.718793604988	28
21	15514	121.218793604988	28
21	15578	121.718793604988	28
21	15642	122.218793604988	28
21	15686	122.718793604988	28
21	15750	123.218793604988	28
21	15814	123.718793604988	28
21	15878	124.218793604988	28
21	15962	124.718793604988	28
21	16006	125.218793604988	28
21	16065	125.718793604988	28
21	16103	126.218793604988	28
21	16141	126.718793604988	28
21	16179	127.218793604988	28
21	16193	127.718793604988	28
21	16207	128.218793604988	28
21	16221	128.718793604988	28
21	16235	129.218793604988	28
21	16249	129.718793604988	28
21	16263	130.218793604988	28
21	16277	130.718793604988	28
21	16291	131.218793604988	28
21	16305	131.718793604988	28
21	16319	132.218793604988	28
21	16333	132.718793604988	28
21	16347	133.218793604988	28
21	16361	133.718793604988	28
21	16375	134.218793604988	28
21	16389	134.718793604988	28
22	54	0.438256114218	28
22	98	0.841927462406	28
22	182	1.428304789922	28
22	246	2.010308316778	28
22	310	2.644109762701	28
22	374	3.011233140676	28
22	438	3.476356189381	28
22	502	4.153673779647	28
22	566	4.454200736768	28
22	630	5.078511022738	28
22	694	5.46653888706	28
22	758	6.202104333843	28
22	802	6.375382583085	28
22	886	7.167277172542	28
22	930	7.508685488123	28
22	1014	8.139606573115	28
22	1078	8.527433264311	28
22	1142	9.09079408558	28
22	1206	9.607495332751	28
22	1270	10.052050188611	28
22	1334	10.534191563408	28
22	1399	11.122688520289	28
22	1443	11.361605314686	28
22	1527	12.008682441208	28
22	1591	12.393775209933	28
22	1655	13.114009543284	28
22	1718	13.405862414799	28
22	1783	13.873329541422	28
22	1847	14.448898673765	28
22	1911	14.87911221763	28
22	1975	15.408170826323	28
22	2039	15.973837863337	28
22	2103	16.680281660668	28
22	2147	16.99922226794	28
22	2231	17.564467656854	28
22	2295	18.180181703399	28
22	2339	18.358954412732	28
22	2423	19.207165899555	28
22	2486	19.580498284995	28
22	2531	19.887606106567	28
22	2615	20.462503140195	28
22	2679	21.119516727663	28
22	2743	21.562374538797	28
22	2807	21.949261163137	28
22	2871	22.334612442329	28
22	2935	23.072951893377	28
22	2999	23.70282197982	28
22	3063	24.080358399692	28
22	3127	24.573265822939	28
22	3191	25.217362098358	28
22	3235	25.551982404999	28
22	3319	25.98498970732	28
22	3383	26.509121274165	28
22	3447	27.068646314516	28
22	3511	27.454445319119	28
22	3575	28.089143201019	28
22	3619	28.446122970022	28
22	3703	29.130580464806	28
22	3767	29.699070692676	28
22	3831	30.084253019336	28
22	3875	30.324670928865	28
22	3959	31.06838070942	28
22	4023	31.588706124536	28
22	4087	32.208020271695	28
22	4131	32.670519659537	28
22	4215	33.023092020824	28
22	4259	33.341528149284	28
22	4343	33.999705957676	28
22	4387	34.327237341049	28
22	4471	34.995926640704	28
22	4535	35.711076964307	28
22	4599	35.963020059708	28
22	4663	36.511599686611	28
22	4727	37.094706746618	28
22	4791	37.671432629376	28
22	4855	38.186536461263	28
22	4919	38.405971125382	28
22	4983	39.045317818373	28
22	5047	39.665283297709	28
22	5111	40.022829856499	28
22	5175	40.685931454747	28
22	5239	41.187705316915	28
22	5283	41.352487266771	28
22	5367	41.930329697727	28
22	5431	42.322984952814	28
22	5495	43.156179103776	28
22	5559	43.578111927546	28
22	5623	44.155796720981	28
22	5687	44.425134337842	28
22	5751	44.978370572775	28
22	5815	45.54037086578	28
22	5879	45.88521845635	28
22	5943	46.467165510412	28
22	6007	46.877818977422	28
22	6071	47.547089633866	28
22	6135	48.100737184434	28
22	6179	48.434632845092	28
22	6263	48.992557497657	28
22	6327	49.621684948689	28
22	6391	49.977681583408	28
22	6455	50.677657627835	28
22	6519	51.074810704178	28
22	6583	51.675864044446	28
22	6627	52.091264501269	28
22	6711	52.49892136488	28
22	6775	53.210670641679	28
22	6819	53.365723036098	28
22	6903	54.126051753163	28
22	6947	54.483970328848	28
22	7031	55.089417902994	28
22	7075	55.419160782135	28
22	7159	55.944529604967	28
22	7223	56.705408759563	28
22	7267	57.054628305472	28
22	7351	57.583109637778	28
22	7415	58.032524772789	28
22	7459	58.411455481368	28
22	7543	58.977189988977	28
22	7607	59.566765696517	28
22	7671	60.009189280736	28
22	7735	60.507295147478	28
22	7799	61.105672085527	28
22	7843	61.434438673648	28
22	7927	61.972627162523	28
22	7991	62.618910206537	28
22	8055	63.170623148567	28
22	8119	63.360387616101	28
22	8183	63.85619182676	28
22	8247	64.460860937889	28
22	8311	65.03996877415	28
22	8355	65.332692309617	28
22	8439	66.206826978511	28
22	8483	66.447641169614	28
22	8567	66.907747345193	28
22	8630	67.37574783327	28
22	8695	67.858146242759	28
22	8759	68.712859166282	28
22	8803	68.923378643542	28
22	8887	69.534051279034	28
22	8951	69.99841274159	28
22	9015	70.359069906044	28
22	9079	70.96016693633	28
22	9143	71.506941940784	28
22	9207	72.15569832405	28
22	9271	72.68110136982	28
22	9315	72.834266025908	28
22	9399	73.522568452227	28
22	9463	73.885981279294	28
22	9527	74.630862679388	28
22	9591	75.165215589254	28
22	9635	75.483800961877	28
22	9719	75.875231305379	28
22	9783	76.332531226668	28
22	9847	77.212272254805	28
22	9891	77.468558573219	28
22	9975	77.987272419184	28
22	10019	78.339477517232	28
22	10103	78.965440711993	28
22	10147	79.325893459897	28
22	10231	79.911539208758	28
22	10295	80.625206951293	28
22	10359	81.196891680415	28
22	10423	81.619241971205	28
22	10487	81.955003798529	28
22	10551	82.515061848945	28
22	10615	82.954836318697	28
22	10679	83.391038379315	28
22	10743	83.887636909223	28
22	10807	84.504622662588	28
22	10871	85.169071456938	28
22	10935	85.696890172511	28
22	10979	86.062543419152	28
22	11063	86.557904437239	28
22	11127	87.132699971329	28
22	11191	87.519252789634	28
22	11235	87.839390295613	28
22	11319	88.598881503157	28
22	11383	89.216200830377	28
22	11427	89.426147285718	28
22	11511	90.090878519378	28
22	11575	90.664954849108	28
22	11639	91.119579970892	28
22	11703	91.705038178395	28
22	11767	92.040939246546	28
22	11831	92.404198472909	28
22	11895	92.908219561502	28
22	11959	93.406742019261	28
22	12023	94.047071684859	28
22	12087	94.500085887368	28
22	12151	95.207336946073	28
22	12215	95.59146014979	28
22	12279	95.853360498938	28
22	12343	96.341809605955	28
22	12407	97.014377354513	28
22	12471	97.671644095573	28
22	12535	98.209804028235	28
22	12599	98.566305439788	28
22	12663	99.036241782884	28
22	12727	99.661087705343	28
22	12791	100.116776089053	28
22	12855	100.510680802687	28
22	12919	101.090074902642	28
22	12983	101.562060296497	28
22	13047	102.105121045242	28
22	13091	102.507041147127	28
22	13175	103.001648121475	28
22	13239	103.681809507645	28
22	13283	103.874130440465	28
22	13367	104.410930001325	28
22	13431	105.171876433733	28
22	13495	105.681012263018	28
22	13559	106.077556111998	28
22	13623	106.449115461166	28
22	13687	107.027126749008	28
22	13731	107.319264412261	28
22	13815	107.943986360318	28
22	13879	108.48942288706	28
22	13943	109.173377337828	28
22	14007	109.591194054074	28
22	14051	110.001694181058	28
22	14135	110.512605719137	28
22	14199	111.134738040677	28
22	14243	111.411019003726	28
22	14327	112.171361313909	28
22	14391	112.444719231091	28
22	14455	113.202222614511	28
22	14499	113.507942902445	28
22	14583	114.103875800743	28
22	14647	114.380719993505	28
22	14711	115.111419144328	28
22	14775	115.577748046125	28
22	14839	115.905194566733	28
22	14903	116.393825559559	28
22	14967	117.142274378109	28
22	15031	117.618074060473	28
22	15095	118.089181210156	28
22	15159	118.42999977298	28
22	15223	118.889205821007	28
22	15287	119.601031976807	28
22	15351	120.004502350706	28
22	15415	120.65541368626	28
22	15479	120.901188576742	28
22	15543	121.38522582069	28
22	15607	121.869175496473	28
22	15671	122.608074536416	28
22	15715	122.831423458419	28
22	15799	123.618039967175	28
22	15843	123.856280735563	28
22	15927	124.40622246988	28
22	15991	125.118944038785	28
22	16054	125.611919775474	28
22	16092	126.053032701052	28
22	16130	126.33748812653	28
22	16168	127.204016825519	28
24	0	0	0
24	0	0	4
25	0	0	1
25	49	0.438032114218	4
25	52	0.438256114218	1
25	93	0.841703462406	4
25	96	0.841927462406	1
25	177	1.428080789922	4
25	180	1.428304789922	1
25	241	2.010084316778	4
25	244	2.010308316778	1
25	305	2.643885762701	4
25	308	2.644109762701	1
25	369	3.011009140676	4
25	372	3.011233140676	1
25	433	3.476132189381	4
25	436	3.476356189381	1
25	497	4.153449779647	4
25	500	4.153673779647	1
25	561	4.453976736768	4
25	564	4.454200736768	1
25	625	5.078287022738	4
25	628	5.078511022738	1
25	689	5.46631488706	4
25	692	5.46653888706	1
25	753	6.201880333843	4
25	756	6.202104333843	1
25	797	6.375158583085	4
25	800	6.375382583085	1
25	881	7.167053172542	4
25	884	7.167277172542	1
25	925	7.508461488123	4
25	928	7.508685488123	1
25	1009	8.139382573115	4
25	1012	8.139606573115	1
25	1073	8.527209264311	4
25	1076	8.527433264311	1
25	1137	9.09057008558	4
25	1140	9.09079408558	1
25	1201	9.607271332751	4
25	1204	9.607495332751	1
25	1265	10.051826188611	4
25	1268	10.052050188611	1
25	1329	10.533967563408	4
25	1332	10.534191563408	1
25	1393	11.122464520289	4
25	1397	11.122688520289	1
25	1438	11.361381314686	4
25	1441	11.361605314686	1
25	1522	12.008458441208	4
25	1525	12.008682441208	1
25	1586	12.393551209933	4
25	1589	12.393775209933	1
25	1650	13.113785543284	4
25	1653	13.114009543284	1
25	1713	13.405638414799	4
25	1716	13.405862414799	1
25	1778	13.873105541422	4
25	1781	13.873329541422	1
25	1842	14.448674673765	4
25	1845	14.448898673765	1
25	1906	14.87888821763	4
25	1909	14.87911221763	1
25	1970	15.407946826323	4
25	1973	15.408170826323	1
25	2034	15.973613863337	4
25	2037	15.973837863337	1
25	2098	16.680057660668	4
25	2101	16.680281660668	1
25	2142	16.99899826794	4
25	2145	16.99922226794	1
25	2226	17.564243656854	4
25	2229	17.564467656854	1
25	2290	18.179957703399	4
25	2293	18.180181703399	1
25	2334	18.358730412732	4
25	2337	18.358954412732	1
25	2418	19.206941899555	4
25	2421	19.207165899555	1
25	2481	19.580274284995	4
25	2484	19.580498284995	1
25	2526	19.887382106567	4
25	2529	19.887606106567	1
25	2610	20.462279140195	4
25	2613	20.462503140195	1
25	2674	21.119292727663	4
25	2677	21.119516727663	1
25	2738	21.562150538797	4
25	2741	21.562374538797	1
25	2802	21.949037163137	4
25	2805	21.949261163137	1
25	2866	22.334388442329	4
25	2869	22.334612442329	1
25	2930	23.072727893377	4
25	2933	23.072951893377	1
25	2994	23.70259797982	4
25	2997	23.70282197982	1
25	3058	24.080134399692	4
25	3061	24.080358399692	1
25	3122	24.573041822939	4
25	3125	24.573265822939	1
25	3186	25.217138098358	4
25	3189	25.217362098358	1
25	3230	25.551758404999	4
25	3233	25.551982404999	1
25	3314	25.98476570732	4
25	3317	25.98498970732	1
25	3378	26.508897274165	4
25	3381	26.509121274165	1
25	3442	27.068422314516	4
25	3445	27.068646314516	1
25	3506	27.454221319119	4
25	3509	27.454445319119	1
25	3570	28.088919201019	4
25	3573	28.089143201019	1
25	3614	28.445898970022	4
25	3617	28.446122970022	1
25	3698	29.130356464806	4
25	3701	29.130580464806	1
25	3762	29.698846692676	4
25	3765	29.699070692676	1
25	3826	30.084029019336	4
25	3829	30.084253019336	1
25	3870	30.324446928865	4
25	3873	30.324670928865	1
25	3954	31.06815670942	4
25	3957	31.06838070942	1
25	4018	31.588482124536	4
25	4021	31.588706124536	1
25	4082	32.207796271695	4
25	4085	32.208020271695	1
25	4126	32.670295659537	4
25	4129	32.670519659537	1
25	4210	33.022868020824	4
25	4213	33.023092020824	1
25	4254	33.341304149284	4
25	4257	33.341528149284	1
25	4338	33.999481957676	4
25	4341	33.999705957676	1
25	4382	34.327013341049	4
25	4385	34.327237341049	1
25	4466	34.995702640704	4
25	4469	34.995926640704	1
25	4530	35.710852964307	4
25	4533	35.711076964307	1
25	4594	35.962796059708	4
25	4597	35.963020059708	1
25	4658	36.511375686611	4
25	4661	36.511599686611	1
25	4722	37.094482746618	4
25	4725	37.094706746618	1
25	4786	37.671208629376	4
25	4789	37.671432629376	1
25	4850	38.186312461263	4
25	4853	38.186536461263	1
25	4914	38.405747125382	4
25	4917	38.405971125382	1
25	4978	39.045093818373	4
25	4981	39.045317818373	1
25	5042	39.665059297709	4
25	5045	39.665283297709	1
25	5106	40.022605856499	4
25	5109	40.022829856499	1
25	5170	40.685707454747	4
25	5173	40.685931454747	1
25	5234	41.187481316915	4
25	5237	41.187705316915	1
25	5278	41.352263266771	4
25	5281	41.352487266771	1
25	5362	41.930105697727	4
25	5365	41.930329697727	1
25	5426	42.322760952814	4
25	5429	42.322984952814	1
25	5490	43.155955103776	4
25	5493	43.156179103776	1
25	5554	43.577887927546	4
25	5557	43.578111927546	1
25	5618	44.155572720981	4
25	5621	44.155796720981	1
25	5682	44.424910337842	4
25	5685	44.425134337842	1
25	5746	44.978146572775	4
25	5749	44.978370572775	1
25	5810	45.54014686578	4
25	5813	45.54037086578	1
25	5874	45.88499445635	4
25	5877	45.88521845635	1
25	5938	46.466941510412	4
25	5941	46.467165510412	1
25	6002	46.877594977422	4
25	6005	46.877818977422	1
25	6066	47.546865633866	4
25	6069	47.547089633866	1
25	6130	48.100513184434	4
25	6133	48.100737184434	1
25	6174	48.434408845092	4
25	6177	48.434632845092	1
25	6258	48.992333497657	4
25	6261	48.992557497657	1
25	6322	49.621460948689	4
25	6325	49.621684948689	1
25	6386	49.977457583408	4
25	6389	49.977681583408	1
25	6450	50.677433627835	4
25	6453	50.677657627835	1
25	6514	51.074586704178	4
25	6517	51.074810704178	1
25	6578	51.675640044446	4
25	6581	51.675864044446	1
25	6622	52.091040501269	4
25	6625	52.091264501269	1
25	6706	52.49869736488	4
25	6709	52.49892136488	1
25	6770	53.210446641679	4
25	6773	53.210670641679	1
25	6814	53.365499036098	4
25	6817	53.365723036098	1
25	6898	54.125827753163	4
25	6901	54.126051753163	1
25	6942	54.483746328848	4
25	6945	54.483970328848	1
25	7026	55.089193902994	4
25	7029	55.089417902994	1
25	7070	55.418936782135	4
25	7073	55.419160782135	1
25	7154	55.944305604967	4
25	7157	55.944529604967	1
25	7218	56.705184759563	4
25	7221	56.705408759563	1
25	7262	57.054404305472	4
25	7265	57.054628305472	1
25	7346	57.582885637778	4
25	7349	57.583109637778	1
25	7410	58.032300772789	4
25	7413	58.032524772789	1
25	7454	58.411231481368	4
25	7457	58.411455481368	1
25	7538	58.976965988977	4
25	7541	58.977189988977	1
25	7602	59.566541696517	4
25	7605	59.566765696517	1
25	7666	60.008965280736	4
25	7669	60.009189280736	1
25	7730	60.507071147478	4
25	7733	60.507295147478	1
25	7794	61.105448085527	4
25	7797	61.105672085527	1
25	7838	61.434214673648	4
25	7841	61.434438673648	1
25	7922	61.972403162523	4
25	7925	61.972627162523	1
25	7986	62.618686206537	4
25	7989	62.618910206537	1
25	8050	63.170399148567	4
25	8053	63.170623148567	1
25	8114	63.360163616101	4
25	8117	63.360387616101	1
25	8178	63.85596782676	4
25	8181	63.85619182676	1
25	8242	64.460636937889	4
25	8245	64.460860937889	1
25	8306	65.03974477415	4
25	8309	65.03996877415	1
25	8350	65.332468309617	4
25	8353	65.332692309617	1
25	8434	66.206602978511	4
25	8437	66.206826978511	1
25	8478	66.447417169614	4
25	8481	66.447641169614	1
25	8562	66.907523345193	4
25	8565	66.907747345193	1
25	8625	67.37552383327	4
25	8628	67.37574783327	1
25	8690	67.857922242759	4
25	8693	67.858146242759	1
25	8754	68.712635166282	4
25	8757	68.712859166282	1
25	8798	68.923154643542	4
25	8801	68.923378643542	1
25	8882	69.533827279034	4
25	8885	69.534051279034	1
25	8946	69.99818874159	4
25	8949	69.99841274159	1
25	9010	70.358845906044	4
25	9013	70.359069906044	1
25	9074	70.95994293633	4
25	9077	70.96016693633	1
25	9138	71.506717940784	4
25	9141	71.506941940784	1
25	9202	72.15547432405	4
25	9205	72.15569832405	1
25	9266	72.68087736982	4
25	9269	72.68110136982	1
25	9310	72.834042025908	4
25	9313	72.834266025908	1
25	9394	73.522344452227	4
25	9397	73.522568452227	1
25	9458	73.885757279294	4
25	9461	73.885981279294	1
25	9522	74.630638679388	4
25	9525	74.630862679388	1
25	9586	75.164991589254	4
25	9589	75.165215589254	1
25	9630	75.483576961877	4
25	9633	75.483800961877	1
25	9714	75.875007305379	4
25	9717	75.875231305379	1
25	9778	76.332307226668	4
25	9781	76.332531226668	1
25	9842	77.212048254805	4
25	9845	77.212272254805	1
25	9886	77.468334573219	4
25	9889	77.468558573219	1
25	9970	77.987048419184	4
25	9973	77.987272419184	1
25	10014	78.339253517232	4
25	10017	78.339477517232	1
25	10098	78.965216711993	4
25	10101	78.965440711993	1
25	10142	79.325669459897	4
25	10145	79.325893459897	1
25	10226	79.911315208758	4
25	10229	79.911539208758	1
25	10290	80.624982951293	4
25	10293	80.625206951293	1
25	10354	81.196667680415	4
25	10357	81.196891680415	1
25	10418	81.619017971205	4
25	10421	81.619241971205	1
25	10482	81.954779798529	4
25	10485	81.955003798529	1
25	10546	82.514837848945	4
25	10549	82.515061848945	1
25	10610	82.954612318697	4
25	10613	82.954836318697	1
25	10674	83.390814379315	4
25	10677	83.391038379315	1
25	10738	83.887412909223	4
25	10741	83.887636909223	1
25	10802	84.504398662588	4
25	10805	84.504622662588	1
25	10866	85.168847456938	4
25	10869	85.169071456938	1
25	10930	85.696666172511	4
25	10933	85.696890172511	1
25	10974	86.062319419152	4
25	10977	86.062543419152	1
25	11058	86.557680437239	4
25	11061	86.557904437239	1
25	11122	87.132475971329	4
25	11125	87.132699971329	1
25	11186	87.519028789634	4
25	11189	87.519252789634	1
25	11230	87.839166295613	4
25	11233	87.839390295613	1
25	11314	88.598657503157	4
25	11317	88.598881503157	1
25	11378	89.215976830377	4
25	11381	89.216200830377	1
25	11422	89.425923285718	4
25	11425	89.426147285718	1
25	11506	90.090654519378	4
25	11509	90.090878519378	1
25	11570	90.664730849108	4
25	11573	90.664954849108	1
25	11634	91.119355970892	4
25	11637	91.119579970892	1
25	11698	91.704814178395	4
25	11701	91.705038178395	1
25	11762	92.040715246546	4
25	11765	92.040939246546	1
25	11826	92.403974472909	4
25	11829	92.404198472909	1
25	11890	92.907995561502	4
25	11893	92.908219561502	1
25	11954	93.406518019261	4
25	11957	93.406742019261	1
25	12018	94.046847684859	4
25	12021	94.047071684859	1
25	12082	94.499861887368	4
25	12085	94.500085887368	1
25	12146	95.207112946073	4
25	12149	95.207336946073	1
25	12210	95.59123614979	4
25	12213	95.59146014979	1
25	12274	95.853136498938	4
25	12277	95.853360498938	1
25	12338	96.341585605955	4
25	12341	96.341809605955	1
25	12402	97.014153354513	4
25	12405	97.014377354513	1
25	12466	97.671420095573	4
25	12469	97.671644095573	1
25	12530	98.209580028235	4
25	12533	98.209804028235	1
25	12594	98.566081439788	4
25	12597	98.566305439788	1
25	12658	99.036017782884	4
25	12661	99.036241782884	1
25	12722	99.660863705343	4
25	12725	99.661087705343	1
25	12786	100.116552089053	4
25	12789	100.116776089053	1
25	12850	100.510456802687	4
25	12853	100.510680802687	1
25	12914	101.089850902642	4
25	12917	101.090074902642	1
25	12978	101.561836296497	4
25	12981	101.562060296497	1
25	13042	102.104897045242	4
25	13045	102.105121045242	1
25	13086	102.506817147127	4
25	13089	102.507041147127	1
25	13170	103.001424121475	4
25	13173	103.001648121475	1
25	13234	103.681585507645	4
25	13237	103.681809507645	1
25	13278	103.873906440465	4
25	13281	103.874130440465	1
25	13362	104.410706001325	4
25	13365	104.410930001325	1
25	13426	105.171652433733	4
25	13429	105.171876433733	1
25	13490	105.680788263018	4
25	13493	105.681012263018	1
25	13554	106.077332111998	4
25	13557	106.077556111998	1
25	13618	106.448891461166	4
25	13621	106.449115461166	1
25	13682	107.026902749008	4
25	13685	107.027126749008	1
25	13726	107.319040412261	4
25	13729	107.319264412261	1
25	13810	107.943762360318	4
25	13813	107.943986360318	1
25	13874	108.48919888706	4
25	13877	108.48942288706	1
25	13938	109.173153337828	4
25	13941	109.173377337828	1
25	14002	109.590970054074	4
25	14005	109.591194054074	1
25	14046	110.001470181058	4
25	14049	110.001694181058	1
25	14130	110.512381719137	4
25	14133	110.512605719137	1
25	14194	111.134514040677	4
25	14197	111.134738040677	1
25	14238	111.410795003726	4
25	14241	111.411019003726	1
25	14322	112.171137313909	4
25	14325	112.171361313909	1
25	14386	112.444495231091	4
25	14389	112.444719231091	1
25	14450	113.201998614511	4
25	14453	113.202222614511	1
25	14494	113.507718902445	4
25	14497	113.507942902445	1
25	14578	114.103651800743	4
25	14581	114.103875800743	1
25	14642	114.380495993505	4
25	14645	114.380719993505	1
25	14706	115.111195144328	4
25	14709	115.111419144328	1
25	14770	115.577524046125	4
25	14773	115.577748046125	1
25	14834	115.904970566733	4
25	14837	115.905194566733	1
25	14898	116.393601559559	4
25	14901	116.393825559559	1
25	14962	117.142050378109	4
25	14965	117.142274378109	1
25	15026	117.617850060473	4
25	15029	117.618074060473	1
25	15090	118.088957210156	4
25	15093	118.089181210156	1
25	15154	118.42977577298	4
25	15157	118.42999977298	1
25	15218	118.888981821007	4
25	15221	118.889205821007	1
25	15282	119.600807976807	4
25	15285	119.601031976807	1
25	15346	120.004278350706	4
25	15349	120.004502350706	1
25	15410	120.65518968626	4
25	15413	120.65541368626	1
25	15474	120.900964576742	4
25	15477	120.901188576742	1
25	15538	121.38500182069	4
25	15541	121.38522582069	1
25	15602	121.868951496473	4
25	15605	121.869175496473	1
25	15666	122.607850536416	4
25	15669	122.608074536416	1
25	15710	122.831199458419	4
25	15713	122.831423458419	1
25	15794	123.617815967175	4
25	15797	123.618039967175	1
25	15838	123.856056735563	4
25	15841	123.856280735563	1
25	15922	124.40599846988	4
25	15925	124.40622246988	1
25	15986	125.118720038785	4
25	15989	125.118944038785	1
25	16050	125.611695775474	4
25	16053	125.611919775474	1
25	16088	126.052808701052	4
25	16091	126.053032701052	1
25	16126	126.33726412653	4
25	16129	126.33748812653	1
25	16164	127.203792825519	4
25	16167	127.204016825519	1
26	0	0	1
26	27	0.218793604988	2
26	31	0.219017604988	1
26	71	0.718793604988	2
26	75	0.719017604988	1
26	135	1.218793604988	2
26	139	1.219017604988	1
26	219	1.718793604988	2
26	223	1.719017604988	1
26	263	2.218793604988	2
26	267	2.219017604988	1
26	327	2.718793604988	2
26	331	2.719017604988	1
26	391	3.218793604988	2
26	395	3.219017604988	1
26	455	3.718793604988	2
26	459	3.719017604988	1
26	519	4.218793604988	2
26	523	4.219017604988	1
26	603	4.718793604988	2
26	607	4.719017604988	1
26	667	5.218793604988	2
26	671	5.219017604988	1
26	711	5.718793604988	2
26	715	5.719017604988	1
26	775	6.218793604988	2
26	779	6.219017604988	1
26	839	6.718793604988	2
26	843	6.719017604988	1
26	903	7.218793604988	2
26	907	7.219017604988	1
26	967	7.718793604988	2
26	971	7.719017604988	1
26	1031	8.218793604988	2
26	1035	8.219017604988	1
26	1095	8.718793604988	2
26	1099	8.719017604988	1
26	1159	9.218793604988	2
26	1163	9.219017604988	1
26	1223	9.718793604988	2
26	1227	9.719017604988	1
26	1306	10.218793604988	2
26	1310	10.219017604988	1
26	1351	10.718793604988	2
26	1355	10.719017604988	1
26	1416	11.218793604988	2
26	1420	11.219017604988	1
26	1500	11.718793604988	2
26	1504	11.719017604988	1
26	1563	12.218793604988	2
26	1567	12.219017604988	1
26	1608	12.718793604988	2
26	1612	12.719017604988	1
26	1672	13.218793604988	2
26	1676	13.219017604988	1
26	1736	13.718793604988	2
26	1740	13.719017604988	1
26	1820	14.218793604988	2
26	1824	14.219017604988	1
26	1864	14.718793604988	2
26	1868	14.719017604988	1
26	1928	15.218793604988	2
26	1932	15.219017604988	1
26	1992	15.718793604988	2
26	1996	15.719017604988	1
26	2056	16.218793604988	2
26	2060	16.219017604988	1
26	2120	16.718793604988	2
26	2124	16.719017604988	1
26	2184	17.218793604988	2
26	2188	17.219017604988	1
26	2248	17.718793604988	2
26	2252	17.719017604988	1
26	2312	18.218793604988	2
26	2316	18.219017604988	1
26	2396	18.718793604988	2
26	2400	18.719017604988	1
26	2440	19.218793604988	2
26	2444	19.219017604988	1
26	2504	19.718793604988	2
26	2508	19.719017604988	1
26	2588	20.218793604988	2
26	2592	20.219017604988	1
26	2652	20.718793604988	2
26	2656	20.719017604988	1
26	2696	21.218793604988	2
26	2700	21.219017604988	1
26	2760	21.718793604988	2
26	2764	21.719017604988	1
26	2824	22.218793604988	2
26	2828	22.219017604988	1
26	2908	22.718793604988	2
26	2912	22.719017604988	1
26	2952	23.218793604988	2
26	2956	23.219017604988	1
26	3016	23.718793604988	2
26	3020	23.719017604988	1
26	3080	24.218793604988	2
26	3084	24.219017604988	1
26	3144	24.718793604988	2
26	3148	24.719017604988	1
26	3207	25.218793604988	2
26	3211	25.219017604988	1
26	3272	25.718793604988	2
26	3276	25.719017604988	1
26	3336	26.218793604988	2
26	3340	26.219017604988	1
26	3420	26.718793604988	2
26	3424	26.719017604988	1
26	3464	27.218793604988	2
26	3468	27.219017604988	1
26	3548	27.718793604988	2
26	3552	27.719017604988	1
26	3592	28.218793604988	2
26	3596	28.219017604988	1
26	3676	28.718793604988	2
26	3680	28.719017604988	1
26	3720	29.218793604988	2
26	3724	29.219017604988	1
26	3784	29.718793604988	2
26	3788	29.719017604988	1
26	3848	30.218793604988	2
26	3852	30.219017604988	1
26	3932	30.718793604988	2
26	3936	30.719017604988	1
26	3976	31.218793604988	2
26	3980	31.219017604988	1
26	4040	31.718793604988	2
26	4044	31.719017604988	1
26	4104	32.218793604988	2
26	4108	32.219017604988	1
26	4168	32.718793604988	2
26	4172	32.719017604988	1
26	4232	33.218793604988	2
26	4236	33.219017604988	1
26	4316	33.718793604988	2
26	4320	33.719017604988	1
26	4360	34.218793604988	2
26	4364	34.219017604988	1
26	4444	34.718793604988	2
26	4448	34.719017604988	1
26	4507	35.218793604988	2
26	4511	35.219017604988	1
26	4551	35.718793604988	2
26	4555	35.719017604988	1
26	4636	36.218793604988	2
26	4640	36.219017604988	1
26	4700	36.718793604988	2
26	4704	36.719017604988	1
26	4744	37.218793604988	2
26	4748	37.219017604988	1
26	4808	37.718793604988	2
26	4812	37.719017604988	1
26	4872	38.218793604988	2
26	4876	38.219017604988	1
26	4936	38.718793604988	2
26	4940	38.719017604988	1
26	5000	39.218793604988	2
26	5004	39.219017604988	1
26	5064	39.718793604988	2
26	5068	39.719017604988	1
26	5128	40.218793604988	2
26	5132	40.219017604988	1
26	5192	40.718793604988	2
26	5196	40.719017604988	1
26	5256	41.218793604988	2
26	5260	41.219017604988	1
26	5320	41.718793604988	2
26	5324	41.719017604988	1
26	5404	42.218793604988	2
26	5408	42.219017604988	1
26	5468	42.718793604988	2
26	5472	42.719017604988	1
26	5512	43.218793604988	2
26	5516	43.219017604988	1
26	5576	43.718793604988	2
26	5580	43.719017604988	1
26	5640	44.218793604988	2
26	5644	44.219017604988	1
26	5724	44.718793604988	2
26	5728	44.719017604988	1
26	5768	45.218793604988	2
26	5772	45.219017604988	1
26	5852	45.718793604988	2
26	5856	45.719017604988	1
26	5896	46.218793604988	2
26	5900	46.219017604988	1
26	5980	46.718793604988	2
26	5984	46.719017604988	1
26	6024	47.218793604988	2
26	6028	47.219017604988	1
26	6088	47.718793604988	2
26	6092	47.719017604988	1
26	6152	48.218793604988	2
26	6156	48.219017604988	1
26	6216	48.718793604988	2
26	6220	48.719017604988	1
26	6300	49.218793604988	2
26	6304	49.219017604988	1
26	6344	49.718793604988	2
26	6348	49.719017604988	1
26	6408	50.218793604988	2
26	6412	50.219017604988	1
26	6472	50.718793604988	2
26	6476	50.719017604988	1
26	6536	51.218793604988	2
26	6540	51.219017604988	1
26	6600	51.718793604988	2
26	6604	51.719017604988	1
26	6664	52.218793604988	2
26	6668	52.219017604988	1
26	6728	52.718793604988	2
26	6732	52.719017604988	1
26	6791	53.218793604988	2
26	6795	53.219017604988	1
26	6876	53.718793604988	2
26	6880	53.719017604988	1
26	6920	54.218793604988	2
26	6924	54.219017604988	1
26	6984	54.718793604988	2
26	6988	54.719017604988	1
26	7048	55.218793604988	2
26	7052	55.219017604988	1
26	7112	55.718793604988	2
26	7116	55.719017604988	1
26	7176	56.218793604988	2
26	7180	56.219017604988	1
26	7240	56.718793604988	2
26	7244	56.719017604988	1
26	7304	57.218793604988	2
26	7308	57.219017604988	1
26	7368	57.718793604988	2
26	7372	57.719017604988	1
26	7432	58.218793604988	2
26	7436	58.219017604988	1
26	7496	58.718793604988	2
26	7500	58.719017604988	1
26	7560	59.218793604988	2
26	7564	59.219017604988	1
26	7624	59.718793604988	2
26	7628	59.719017604988	1
26	7708	60.218793604988	2
26	7712	60.219017604988	1
26	7752	60.718793604988	2
26	7756	60.719017604988	1
26	7816	61.218793604988	2
26	7820	61.219017604988	1
26	7900	61.718793604988	2
26	7904	61.719017604988	1
26	7944	62.218793604988	2
26	7948	62.219017604988	1
26	8008	62.718793604988	2
26	8012	62.719017604988	1
26	8072	63.218793604988	2
26	8076	63.219017604988	1
26	8156	63.718793604988	2
26	8160	63.719017604988	1
26	8220	64.218793604988	2
26	8224	64.219017604988	1
26	8264	64.718793604988	2
26	8268	64.719017604988	1
26	8328	65.218793604988	2
26	8332	65.219017604988	1
26	8412	65.718793604988	2
26	8416	65.719017604988	1
26	8456	66.218793604988	2
26	8460	66.219017604988	1
26	8520	66.718793604988	2
26	8524	66.719017604988	1
26	8584	67.218793604988	2
26	8588	67.219017604988	1
26	8668	67.718793604988	2
26	8672	67.719017604988	1
26	8732	68.218793604988	2
26	8736	68.219017604988	1
26	8775	68.718793604988	2
26	8779	68.719017604988	1
26	8840	69.218793604988	2
26	8844	69.219017604988	1
26	8904	69.718793604988	2
26	8908	69.719017604988	1
26	8988	70.218793604988	2
26	8992	70.219017604988	1
26	9032	70.718793604988	2
26	9036	70.719017604988	1
26	9096	71.218793604988	2
26	9100	71.219017604988	1
26	9160	71.718793604988	2
26	9164	71.719017604988	1
26	9224	72.218793604988	2
26	9228	72.219017604988	1
26	9288	72.718793604988	2
26	9292	72.719017604988	1
26	9372	73.218793604988	2
26	9376	73.219017604988	1
26	9416	73.718793604988	2
26	9420	73.719017604988	1
26	9500	74.218793604988	2
26	9504	74.219017604988	1
26	9544	74.718793604988	2
26	9548	74.719017604988	1
26	9608	75.218793604988	2
26	9612	75.219017604988	1
26	9672	75.718793604988	2
26	9676	75.719017604988	1
26	9756	76.218793604988	2
26	9760	76.219017604988	1
26	9820	76.718793604988	2
26	9824	76.719017604988	1
26	9863	77.218793604988	2
26	9867	77.219017604988	1
26	9928	77.718793604988	2
26	9932	77.719017604988	1
26	9992	78.218793604988	2
26	9996	78.219017604988	1
26	10056	78.718793604988	2
26	10060	78.719017604988	1
26	10120	79.218793604988	2
26	10124	79.219017604988	1
26	10184	79.718793604988	2
26	10188	79.719017604988	1
26	10268	80.218793604988	2
26	10272	80.219017604988	1
26	10312	80.718793604988	2
26	10316	80.719017604988	1
26	10376	81.218793604988	2
26	10380	81.219017604988	1
26	10440	81.718793604988	2
26	10444	81.719017604988	1
26	10504	82.218793604988	2
26	10508	82.219017604988	1
26	10588	82.718793604988	2
26	10592	82.719017604988	1
26	10652	83.218793604988	2
26	10656	83.219017604988	1
26	10716	83.718793604988	2
26	10720	83.719017604988	1
26	10760	84.218793604988	2
26	10764	84.219017604988	1
26	10844	84.718793604988	2
26	10848	84.719017604988	1
26	10888	85.218793604988	2
26	10892	85.219017604988	1
26	10952	85.718793604988	2
26	10956	85.719017604988	1
26	11016	86.218793604988	2
26	11020	86.219017604988	1
26	11100	86.718793604988	2
26	11104	86.719017604988	1
26	11144	87.218793604988	2
26	11148	87.219017604988	1
26	11208	87.718793604988	2
26	11212	87.719017604988	1
26	11292	88.218793604988	2
26	11296	88.219017604988	1
26	11336	88.718793604988	2
26	11340	88.719017604988	1
26	11399	89.218793604988	2
26	11403	89.219017604988	1
26	11464	89.718793604988	2
26	11468	89.719017604988	1
26	11528	90.218793604988	2
26	11532	90.219017604988	1
26	11592	90.718793604988	2
26	11596	90.719017604988	1
26	11656	91.218793604988	2
26	11660	91.219017604988	1
26	11720	91.718793604988	2
26	11724	91.719017604988	1
26	11784	92.218793604988	2
26	11788	92.219017604988	1
26	11868	92.718793604988	2
26	11872	92.719017604988	1
26	11932	93.218793604988	2
26	11936	93.219017604988	1
26	11976	93.718793604988	2
26	11980	93.719017604988	1
26	12040	94.218793604988	2
26	12044	94.219017604988	1
26	12104	94.718793604988	2
26	12108	94.719017604988	1
26	12168	95.218793604988	2
26	12172	95.219017604988	1
26	12232	95.718793604988	2
26	12236	95.719017604988	1
26	12316	96.218793604988	2
26	12320	96.219017604988	1
26	12380	96.718793604988	2
26	12384	96.719017604988	1
26	12424	97.218793604988	2
26	12428	97.219017604988	1
26	12488	97.718793604988	2
26	12492	97.719017604988	1
26	12551	98.218793604988	2
26	12555	98.219017604988	1
26	12616	98.718793604988	2
26	12620	98.719017604988	1
26	12700	99.218793604988	2
26	12704	99.219017604988	1
26	12744	99.718793604988	2
26	12748	99.719017604988	1
26	12808	100.218793604988	2
26	12812	100.219017604988	1
26	12872	100.718793604988	2
26	12876	100.719017604988	1
26	12936	101.218793604988	2
26	12940	101.219017604988	1
26	13000	101.718793604988	2
26	13004	101.719017604988	1
26	13064	102.218793604988	2
26	13068	102.219017604988	1
26	13148	102.718793604988	2
26	13152	102.719017604988	1
26	13192	103.218793604988	2
26	13196	103.219017604988	1
26	13256	103.718793604988	2
26	13260	103.719017604988	1
26	13340	104.218793604988	2
26	13344	104.219017604988	1
26	13384	104.718793604988	2
26	13388	104.719017604988	1
26	13448	105.218793604988	2
26	13452	105.219017604988	1
26	13512	105.718793604988	2
26	13516	105.719017604988	1
26	13576	106.218793604988	2
26	13580	106.219017604988	1
26	13640	106.718793604988	2
26	13644	106.719017604988	1
26	13704	107.218793604988	2
26	13708	107.219017604988	1
26	13768	107.718793604988	2
26	13772	107.719017604988	1
26	13852	108.218793604988	2
26	13856	108.219017604988	1
26	13896	108.718793604988	2
26	13900	108.719017604988	1
26	13960	109.218793604988	2
26	13964	109.219017604988	1
26	14024	109.718793604988	2
26	14028	109.719017604988	1
26	14088	110.218793604988	2
26	14092	110.219017604988	1
26	14172	110.718793604988	2
26	14176	110.719017604988	1
26	14216	111.218793604988	2
26	14220	111.219017604988	1
26	14280	111.718793604988	2
26	14284	111.719017604988	1
26	14344	112.218793604988	2
26	14348	112.219017604988	1
26	14428	112.718793604988	2
26	14432	112.719017604988	1
26	14472	113.218793604988	2
26	14476	113.219017604988	1
26	14556	113.718793604988	2
26	14560	113.719017604988	1
26	14600	114.218793604988	2
26	14604	114.219017604988	1
26	14684	114.718793604988	2
26	14688	114.719017604988	1
26	14728	115.218793604988	2
26	14732	115.219017604988	1
26	14792	115.718793604988	2
26	14796	115.719017604988	1
26	14876	116.218793604988	2
26	14880	116.219017604988	1
26	14920	116.718793604988	2
26	14924	116.719017604988	1
26	14984	117.218793604988	2
26	14988	117.219017604988	1
26	15048	117.718793604988	2
26	15052	117.719017604988	1
26	15112	118.218793604988	2
26	15116	118.219017604988	1
26	15196	118.718793604988	2
26	15200	118.719017604988	1
26	15240	119.218793604988	2
26	15244	119.219017604988	1
26	15304	119.718793604988	2
26	15308	119.719017604988	1
26	15368	120.218793604988	2
26	15372	120.219017604988	1
26	15432	120.718793604988	2
26	15436	120.719017604988	1
26	15516	121.218793604988	2
26	15520	121.219017604988	1
26	15580	121.718793604988	2
26	15584	121.719017604988	1
26	15644	122.218793604988	2
26	15648	122.219017604988	1
26	15688	122.718793604988	2
26	15692	122.719017604988	1
26	15752	123.218793604988	2
26	15756	123.219017604988	1
26	15816	123.718793604988	2
26	15820	123.719017604988	1
26	15880	124.218793604988	2
26	15884	124.219017604988	1
26	15964	124.718793604988	2
26	15968	124.719017604988	1
26	16008	125.218793604988	2
26	16012	125.219017604988	1
26	16067	125.718793604988	2
26	16071	125.719017604988	1
26	16105	126.218793604988	2
26	16109	126.219017604988	1
26	16143	126.718793604988	2
26	16147	126.719017604988	1
26	16181	127.218793604988	2
26	16185	127.219017604988	1
26	16195	127.718793604988	2
26	16199	127.719017604988	1
26	16209	128.218793604988	2
26	16213	128.219017604988	1
26	16223	128.718793604988	2
26	16227	128.719017604988	1
26	16237	129.218793604988	2
26	16241	129.219017604988	1
26	16251	129.718793604988	2
26	16255	129.719017604988	1
26	16265	130.218793604988	2
26	16269	130.219017604988	1
26	16279	130.718793604988	2
26	16283	130.719017604988	1
26	16293	131.218793604988	2
26	16297	131.219017604988	1
26	16307	131.718793604988	2
26	16311	131.719017604988	1
26	16321	132.218793604988	2
26	16325	132.219017604988	1
26	16335	132.718793604988	2
26	16339	132.719017604988	1
26	16349	133.218793604988	2
26	16353	133.219017604988	1
26	16363	133.718793604988	2
26	16367	133.719017604988	1
26	16377	134.218793604988	2
26	16381	134.219017604988	1
28	0	0	0
30	0	0	5
30	32	0.219017938552	4.9978098206145
30	51	0.438255780654	4.9813669824568
30	76	0.719017938552	4.9785593608779
30	95	0.841927128842	4.9693411716061
30	120	0.895189648484	4.9688085464097
30	140	1.219017938552	4.965570263509
30	160	1.327616901593	4.9644842738786
30	179	1.428304456358	4.9569327072712
30	204	1.681905732014	4.9543966945147
30	224	1.719017938552	4.9540255724493
30	243	2.010307983214	4.9321788190996
30	268	2.219017938552	4.9300917195462
30	288	2.427222663713	4.9280096722946
30	307	2.644109429137	4.9117431648878
30	332	2.719017938552	4.9109940797937
30	352	2.955892064877	4.9086253385304
30	371	3.011232807112	4.9044747828628
30	396	3.219017938552	4.9023969315484
30	416	3.338675299742	4.9012003579365
30	435	3.476355855817	4.8908743162309
30	460	3.719017938552	4.8884476954035
30	480	3.946819176236	4.8861696830267
30	499	4.153673446083	4.8706556127882
30	524	4.219017938552	4.8700021678635
30	544	4.282312536695	4.869369221882
30	563	4.454200403204	4.8564776318939
30	588	4.589276789119	4.8551268680347
30	608	4.719017938552	4.8538294565404
30	627	5.078510689174	4.8268675002437
30	652	5.18682271595	4.825784379976
30	672	5.219017938552	4.82546242775
30	691	5.466538553496	4.8068983816292
30	716	5.719017938552	4.8043735877786
30	736	5.89981115776	4.8025656555865
30	755	6.202104000279	4.7798936923976
30	780	6.219017938552	4.7797245530149
30	799	6.375382249521	4.7679972296922
30	824	6.613591370162	4.7656151384858
30	844	6.719017938552	4.7645608728019
30	864	6.823611774751	4.7635149344399
30	883	7.167276838978	4.7377400546229
30	908	7.219017938552	4.7372226436271
30	927	7.508685154559	4.7154976024266
30	952	7.658948843264	4.7139949655396
30	972	7.719017938552	4.7133942745867
30	992	7.928573247221	4.7112987215
30	1011	8.139606239551	4.6954712470752
30	1036	8.219017938552	4.6946771300852
30	1056	8.424422651798	4.6926230829528
30	1075	8.527432930747	4.6848973120316
30	1100	8.719017938552	4.6829814619535
30	1120	8.939869268135	4.6807729486577
30	1139	9.090793752016	4.6694536123666
30	1164	9.219017938552	4.6681713705013
30	1184	9.238328188647	4.6679782680003
30	1203	9.607494999187	4.6402907572098
30	1228	9.719017938552	4.6391755278162
30	1248	9.963688073111	4.6367288264706
30	1267	10.052049855047	4.6301016928254
30	1292	10.209615836375	4.6285260330121
30	1311	10.219017938552	4.6284320119903
30	1331	10.534191229844	4.6047940151434
30	1356	10.719017938552	4.6029457480564
30	1376	11.012283464418	4.6000130927977
30	1395	11.12263875736	4.6
30	1396	11.122688186725	4.5999962927976
30	1421	11.219017938552	4.5990329952794
30	1440	11.361604981122	4.5883389670866
30	1465	11.431652185124	4.5876384950466
30	1485	11.627694424697	4.5856780726509
30	1505	11.719017938552	4.5847648375123
30	1524	12.008682107644	4.5630400248304
30	1549	12.214729019337	4.5609795557135
30	1568	12.219017938552	4.5609366665213
30	1588	12.393774876369	4.547829896185
30	1613	12.719017938552	4.5445774655632
30	1633	12.803693018098	4.5437307147678
30	1652	13.11400920972	4.5204570003961
30	1677	13.219017938552	4.5194069131078
30	1697	13.396694011231	4.517630152381
30	1715	13.405862081235	4.5169425471307
30	1741	13.719017938552	4.5138109885575
30	1761	13.733460327693	4.5136665646661
30	1780	13.873329207858	4.5031763986537
30	1805	13.981069794194	4.5020989927904
30	1825	14.219017938552	4.4997195113468
30	1844	14.448898340201	4.4824784812231
30	1869	14.719017938552	4.4797772852396
30	1889	14.796177207669	4.4790056925484
30	1908	14.879111884066	4.4727855918187
30	1933	15.219017938552	4.4693865312738
30	1952	15.224174840179	4.4693349622575
30	1972	15.408170492759	4.455535288314
30	1997	15.719017938552	4.4524268138561
30	2017	15.755168759347	4.4520653056482
30	2036	15.973837529773	4.4356651478662
30	2061	16.219017938552	4.4332133437784
30	2081	16.451561427013	4.4308879088938
30	2100	16.680281327104	4.413733916387
30	2125	16.719017938552	4.4133465502725
30	2144	16.999221934376	4.3923312505857
30	2169	17.05323411337	4.3917911287958
30	2189	17.219017938552	4.390133290544
30	2209	17.243249762327	4.3898909723062
30	2228	17.56446732329	4.365799655234
30	2253	17.719017938552	4.3642541490814
30	2273	17.839504771483	4.363049280752
30	2292	18.180181369835	4.3374985358756
30	2317	18.219017938552	4.3371101701885
30	2336	18.358954079168	4.3266149596423
30	2361	18.483268932895	4.325371811105
30	2381	18.559458515131	4.3246099152826
30	2401	18.719017938552	4.3230143210484
30	2420	19.207165565991	4.2864032489905
30	2445	19.219017938552	4.2862847252649
30	2465	19.57409691763	4.2827339354741
30	2483	19.580497951431	4.282253857939
30	2509	19.719017938552	4.2808686580678
30	2528	19.887605773003	4.268224570484
30	2553	19.948977768038	4.2676108505337
30	2573	20.071983464797	4.2663807935661
30	2593	20.219017938552	4.2649104488285
30	2612	20.462502806631	4.2466490837226
30	2637	20.614297993098	4.2451311318579
30	2657	20.719017938552	4.2440839324034
30	2676	21.119516394099	4.2140465482374
30	2701	21.219017938552	4.2130515327928
30	2721	21.345912401089	4.2117825881675
30	2740	21.562374205233	4.1955479528567
30	2765	21.719017938552	4.1939815155235
30	2785	21.808083181725	4.1930908630917
30	2804	21.949260829573	4.1825025395031
30	2829	22.219017938552	4.1798049684133
30	2849	22.277564207081	4.1792195057281
30	2868	22.334612108765	4.1749409131018
30	2893	22.61027738125	4.1721842603769
30	2913	22.719017938552	4.1710968548039
30	2932	23.072951559813	4.1445518332093
30	2957	23.219017938552	4.1430911694219
30	2977	23.568525759679	4.1395960912107
30	2996	23.702821646256	4.1295238997174
30	3021	23.719017938552	4.1293619367944
30	3041	23.84386423611	4.1281134738188
30	3060	24.080358066128	4.1103764365675
30	3085	24.219017938552	4.1089898378432
30	3105	24.264133436688	4.1085386828619
30	3124	24.573265489375	4.0853537789104
30	3149	24.719017938552	4.0838962544186
30	3169	24.73801396097	4.0837062941944
30	3188	25.217361764794	4.0477552089076
30	3212	25.219017938552	4.04773864717
30	3232	25.551982071435	4.0227663372038
30	3257	25.578829760746	4.0224978603107
30	3277	25.719017938552	4.0210959785326
30	3297	25.753523379089	4.0207509241273
30	3316	25.984989373756	4.0033909745272
30	3341	26.219017938552	4.0010506888793
30	3361	26.271738350008	4.0005234847647
30	3380	26.509120940601	3.9827197904702
30	3405	26.70711584295	3.9807398414468
30	3425	26.719017938552	3.9806208204907
30	3444	27.068645980952	3.9543987173107
30	3469	27.219017938552	3.9528949977347
30	3489	27.232458482672	3.9527605922935
30	3508	27.454444985555	3.9361116045773
30	3533	27.598819708348	3.9346678573494
30	3553	27.719017938552	3.9334658750473
30	3572	28.089142867455	3.9057065053796
30	3597	28.219017938552	3.9044077546687
30	3616	28.446122636458	3.8873749023257
30	3640	28.451899371379	3.8873171349765
30	3661	28.601620483389	3.8858199238564
30	3681	28.719017938552	3.8846459493048
30	3700	29.130580131242	3.853778784853
30	3725	29.219017938552	3.8528944067799
30	3745	29.30943774105	3.8519902087549
30	3764	29.699070359112	3.8227677624003
30	3789	29.719017938552	3.8225682866059
30	3809	29.946785092529	3.8202906150661
30	3828	30.084252685772	3.8099805455729
30	3853	30.219017938552	3.8086328930451
30	3872	30.324670595301	3.8007089437889
30	3897	30.463735770889	3.799318292033
30	3917	30.512874645264	3.7988269032893
30	3937	30.719017938552	3.7967654703564
30	3956	31.068380375856	3.7705632875586
30	3981	31.219017938552	3.7690569119316
30	4001	31.503783005652	3.7662092612606
30	4020	31.588705790972	3.7598400523616
30	4045	31.719017938552	3.7585369308858
30	4064	31.727369818547	3.7584534120859
30	4084	32.208019938131	3.7224046531171
30	4109	32.219017938552	3.7222946731129
30	4128	32.670519325973	3.6884320690563
30	4153	32.698828391347	3.6881489784026
30	4173	32.719017938552	3.6879470829305
30	4193	32.958204472427	3.6855552175918
30	4212	33.02309168726	3.6806886764793
30	4237	33.219017938552	3.6787294139664
30	4256	33.34152781572	3.6695411731788
30	4281	33.514020790708	3.6678162434289
30	4301	33.683690690053	3.6661195444354
30	4321	33.719017938552	3.6657662719504
30	4340	33.999705624112	3.6447146955334
30	4365	34.219017938552	3.642521572389
30	4384	34.327237007485	3.6344051422191
30	4409	34.395635723777	3.6337211550562
30	4429	34.443136790198	3.6332461443919
30	4449	34.719017938552	3.6304873329084
30	4468	34.99592630714	3.6097192052643
30	4493	35.209273758055	3.6075857307552
30	4512	35.219017938552	3.6074882889502
30	4532	35.711076630743	3.5705838870359
30	4556	35.719017938552	3.5705044739578
30	4577	35.859379923706	3.5691008541062
30	4596	35.963019726144	3.5613278689234
30	4621	36.181700472989	3.5591410614549
30	4641	36.219017938552	3.5587678867993
30	4660	36.511599353047	3.5368242807122
30	4685	36.65931510589	3.5353471231837
30	4705	36.719017938552	3.5347500948571
30	4724	37.094706413054	3.5065734592695
30	4749	37.219017938552	3.5053303440145
30	4769	37.322124349501	3.504299279905
30	4788	37.671432295812	3.4781011839317
30	4813	37.719017938552	3.4776253275043
30	4833	37.937362158288	3.4754418853069
30	4852	38.186536127699	3.4567538376011
30	4877	38.219017938552	3.4564290194926
30	4897	38.312419795234	3.4554950009257
30	4916	38.405970791818	3.4484786761819
30	4941	38.719017938552	3.4453482047146
30	4961	38.783184306685	3.4447065410333
30	4980	39.045317484809	3.425046552674
30	5005	39.219017938552	3.4233095481365
30	5025	39.37218273132	3.4217779002089
30	5044	39.665282964145	3.399795382747
30	5069	39.719017938552	3.3992580330029
30	5089	39.871663427715	3.3977315781113
30	5108	40.022829522935	3.3863941209698
30	5133	40.219017938552	3.3844322368136
30	5153	40.332353411232	3.3832988820868
30	5172	40.685931121183	3.3567805538405
30	5197	40.719017938552	3.3564496856668
30	5217	40.823731990707	3.3554025451453
30	5236	41.187704983351	3.328104570697
30	5261	41.219017938552	3.3277914411449
30	5280	41.352486933207	3.3177812665458
30	5305	41.518308248546	3.3161230533924
30	5325	41.719017938552	3.3141159564924
30	5345	41.824430079469	3.3130618350832
30	5364	41.930329364163	3.3051193887311
30	5389	42.157981613268	3.3028428662401
30	5409	42.219017938552	3.3022325029873
30	5428	42.32298461925	3.2944350019349
30	5453	42.690173436877	3.2907631137586
30	5473	42.719017938552	3.2904746687419
30	5492	43.156178770212	3.2576876063674
30	5517	43.219017938552	3.257059214684
30	5537	43.309122582142	3.2561581682481
30	5556	43.578111593982	3.2359839923601
30	5581	43.719017938552	3.2345749289144
30	5601	43.964867140249	3.2321164368974
30	5620	44.155796387417	3.2177967433598
30	5645	44.219017938552	3.2171645278485
30	5665	44.371783490934	3.2156368723246
30	5684	44.425134004278	3.2116355838238
30	5709	44.598635216792	3.2099005716987
30	5729	44.719017938552	3.2086967444811
30	5748	44.978370239211	3.1892453219317
30	5773	45.219017938552	3.1868388449383
30	5793	45.313200079546	3.1858970235283
30	5812	45.540370532216	3.1688592395781
30	5837	45.648638219562	3.1677765627046
30	5857	45.719017938552	3.1670727655147
30	5876	45.885218122786	3.1546077516972
30	5901	46.219017938552	3.1512697535395
30	5921	46.317018801243	3.1502897449126
30	5940	46.467165176848	3.1390287667422
30	5965	46.56926803681	3.1380077381426
30	5985	46.719017938552	3.1365102391252
30	6004	46.877818643858	3.1246001862272
30	6029	47.219017938552	3.1211881932803
30	6049	47.249169926707	3.1208866733987
30	6068	47.547089300302	3.0985427203791
30	6093	47.719017938552	3.0968234339966
30	6113	47.755317154888	3.0964604418333
30	6132	48.10073685087	3.0705539646346
30	6157	48.219017938552	3.0693711537578
30	6176	48.434632511528	3.0532000607846
30	6201	48.495039126173	3.0525959946381
30	6221	48.719017938552	3.0503562065144
30	6241	48.919732596622	3.0483490599337
30	6260	48.992557164093	3.0428872173733
30	6285	49.19228308712	3.0408899581431
30	6305	49.219017938552	3.0406226096287
30	6324	49.621684615125	3.0104226088858
30	6349	49.719017938552	3.0094492756515
30	6369	49.952372216609	3.0071157328709
30	6388	49.977681249844	3.0052175553783
30	6413	50.219017938552	3.0028041884912
30	6433	50.314722687555	3.0018471410012
30	6452	50.677657294271	2.9746270454975
30	6477	50.719017938552	2.9742134390547
30	6497	51.006782721997	2.9713357912202
30	6516	51.074810370614	2.966233717574
30	6541	51.219017938552	2.9647916418946
30	6561	51.264267690003	2.9643391443801
30	6580	51.675863710882	2.9334694428141
30	6605	51.719017938552	2.9330379005374
30	6624	52.091264167705	2.905119433351
30	6649	52.157187981707	2.9044601952109
30	6669	52.219017938552	2.9038418956425
30	6689	52.370338986245	2.9023286851656
30	6708	52.498921031316	2.8926850317852
30	6733	52.719017938552	2.8904840627129
30	6753	52.937709164888	2.8882971504495
30	6772	53.210670308115	2.8678250647075
30	6796	53.219017938552	2.8677415884031
30	6816	53.365722702534	2.8567387311045
30	6841	53.584922150325	2.8545467366266
30	6860	53.590686686234	2.8544890912675
30	6881	53.719017938552	2.8532057787443
30	6900	54.126051419599	2.8226782676658
30	6925	54.219017938552	2.8217486024762
30	6944	54.483969995284	2.8018771982213
30	6969	54.551795214591	2.8011989460283
30	6989	54.719017938552	2.7995267187887
30	7009	54.742796957948	2.7992889285947
30	7028	55.08941756943	2.7732923827335
30	7053	55.219017938552	2.7719963790423
30	7072	55.419160448571	2.7569856907909
30	7097	55.542083516893	2.7557564601077
30	7117	55.719017938552	2.7539871158911
30	7137	55.751894266055	2.7536583526161
30	7156	55.944529271403	2.739210727215
30	7181	56.219017938552	2.7364658405435
30	7201	56.397448082351	2.7346815391055
30	7220	56.705408425999	2.7115845133319
30	7245	56.719017938552	2.7114484182064
30	7264	57.054627971908	2.6862776657047
30	7289	57.082645729732	2.6859974881264
30	7309	57.219017938552	2.6846337660382
30	7329	57.444954351605	2.6823744019077
30	7348	57.583109304214	2.672012780462
30	7373	57.719017938552	2.6706536941186
30	7393	57.883863724572	2.6690052362584
30	7412	58.032524439225	2.6578556826595
30	7437	58.219017938552	2.6559907476662
30	7456	58.411455147804	2.6415579569723
30	7481	58.515182562256	2.6405206828278
30	7501	58.719017938552	2.6384823290648
30	7521	58.76927589354	2.6379797495149
30	7540	58.977189655413	2.6223862173744
30	7565	59.219017938552	2.6199679345431
30	7585	59.24695634012	2.6196885505274
30	7604	59.566765362953	2.5957028738149
30	7629	59.719017938552	2.5941803480589
30	7649	59.909547316831	2.5922750542761
30	7668	60.009188947172	2.5848019320005
30	7693	60.11709089455	2.5837229125268
30	7713	60.219017938552	2.5827036420867
30	7732	60.507294813914	2.5610828764346
30	7757	60.719017938552	2.5589656451882
30	7776	60.728149407533	2.5588743304984
30	7796	61.105671751963	2.5305601546662
30	7821	61.219017938552	2.5294266928003
30	7840	61.434438340084	2.5132701626854
30	7865	61.46996583444	2.5129148877418
30	7885	61.650694051188	2.5111076055743
30	7905	61.719017938552	2.5104243667007
30	7924	61.972626828959	2.4914036999202
30	7949	62.219017938552	2.4889397888242
30	7969	62.32005766685	2.4879293915413
30	7988	62.618909872973	2.465515476082
30	8013	62.719017938552	2.4645143954262
30	8033	62.890642019537	2.4627981546164
30	8052	63.170622815003	2.4417995949564
30	8077	63.219017938552	2.441315643721
30	8097	63.325037109562	2.4402554520109
30	8116	63.360387282537	2.4376041890377
30	8141	63.579924880796	2.4354088130551
30	8161	63.719017938552	2.4340178824776
30	8180	63.856191493196	2.4237298658793
30	8205	64.184402124946	2.4204477595618
30	8225	64.219017938552	2.4201016014257
30	8244	64.460860604325	2.4019634014927
30	8269	64.719017938552	2.3993818281505
30	8289	64.797434376636	2.3985976637696
30	8308	65.039968440586	2.3804076089734
30	8333	65.219017938552	2.3786171139937
30	8352	65.332691976053	2.3700915611811
30	8377	65.36992321004	2.3697192488413
30	8397	65.694196969353	2.3664765112481
30	8417	65.719017938552	2.3662283015562
30	8436	66.206826644947	2.3296426485765
30	8461	66.219017938552	2.3295207356405
30	8480	66.44764083605	2.3123740183281
30	8505	66.567892621819	2.3111715004704
30	8525	66.719017938552	2.3096602473031
30	8544	66.720432876971	2.3096460979189
30	8564	66.907747011629	2.2955975378196
30	8589	67.219017938552	2.2924848285503
30	8609	67.366590318073	2.2910091047551
30	8627	67.375747499706	2.2903223161327
30	8653	67.622996915494	2.2878498219748
30	8673	67.719017938552	2.2868896117442
30	8692	67.858145909195	2.276455013946
30	8717	68.132716544055	2.2737093075974
30	8737	68.219017938552	2.2728462936524
30	8756	68.712858832718	2.2358082265899
30	8780	68.719017938552	2.2357466355316
30	8800	68.923378309978	2.2204196076747
30	8825	69.169852843125	2.2179548623432
30	8845	69.219017938552	2.2174632113889
30	8865	69.346080573824	2.2161925850362
30	8884	69.53405094547	2.2020948071627
30	8909	69.719017938552	2.2002451372319
30	8929	69.915831046821	2.1982770061492
30	8948	69.998412408026	2.1920834040589
30	8973	70.138727829782	2.1906802498413
30	8993	70.219017938552	2.1898773487536
30	9012	70.35906957248	2.179373476209
30	9037	70.719017938552	2.1757739925483
30	9057	70.8270872848	2.1746932990858
30	9076	70.960166602766	2.1647123502384
30	9101	71.219017938552	2.1621238368805
30	9121	71.346087789246	2.1608531383736
30	9140	71.50694160722	2.1487891020255
30	9165	71.719017938552	2.1466683387122
30	9185	72.006705075492	2.1437914673428
30	9204	72.155697990486	2.1326169987182
30	9229	72.219017938552	2.1319837992376
30	9249	72.315701979481	2.1310169588283
30	9268	72.681101036256	2.1036120295702
30	9293	72.719017938552	2.1032328605472
30	9312	72.834265692344	2.0945892790128
30	9337	72.999487532013	2.0929370606161
30	9357	73.128576127616	2.0916461746601
30	9377	73.219017938552	2.0907417565507
30	9396	73.522568118663	2.0679754930424
30	9421	73.719017938552	2.0660109948435
30	9441	73.869016612776	2.0645110081013
30	9460	73.88598094573	2.0632386831297
30	9485	74.035733605818	2.0617411565288
30	9505	74.219017938552	2.0599083132015
30	9524	74.630862345824	2.0290199826561
30	9549	74.719017938552	2.0281384267288
30	9569	75.070290303872	2.0246257030756
30	9588	75.16521525569	2.0175063316893
30	9613	75.219017938552	2.0169683048606
30	9632	75.483800628313	1.9971096031286
30	9657	75.588367506944	1.9960639343423
30	9677	75.719017938552	1.9947574300262
30	9697	75.81166559317	1.99383095348
30	9716	75.875230971815	1.9890635500816
30	9741	76.138328958013	1.9864325702196
30	9761	76.219017938552	1.9856256804143
30	9780	76.332530893104	1.9771122088229
30	9805	76.460422356323	1.9758332941907
30	9825	76.719017938552	1.9732473383684
30	9844	77.212271921241	1.9362532896667
30	9868	77.219017938552	1.9361858294936
30	9888	77.468558239655	1.9174703069109
30	9913	77.591468097352	1.9162412083339
30	9933	77.719017938552	1.9149657099219
30	9953	77.750199978881	1.9146538895186
30	9972	77.98727208562	1.8968734815132
30	9997	78.219017938552	1.8945560229839
30	10016	78.339477183668	1.8855215796002
30	10041	78.376318994806	1.8851531614888
30	10061	78.719017938552	1.8817261720513
30	10081	78.786254781195	1.8810538036249
30	10100	78.965440378429	1.8676148838323
30	10125	79.219017938552	1.8650791082311
30	10144	79.325893126333	1.8570634691475
30	10169	79.455873650395	1.8557636639069
30	10189	79.719017938552	1.8531322210253
30	10209	79.768439130661	1.8526380091043
30	10228	79.911538875194	1.8419055282643
30	10253	80.016449174927	1.840856425267
30	10273	80.219017938552	1.8388307376307
30	10292	80.625206617729	1.8083665866924
30	10317	80.719017938552	1.8074284734842
30	10337	80.869422508486	1.8059244277849
30	10356	81.196891346851	1.7813642649075
30	10381	81.219017938552	1.7811429989905
30	10401	81.589112238669	1.7774420559893
30	10420	81.619241637641	1.7751823510664
30	10445	81.719017938552	1.7741845880573
30	10465	81.788118175779	1.773493585685
30	10484	81.955003464965	1.7609771889961
30	10509	82.219017938552	1.7583370442602
30	10529	82.263642773301	1.7578907959127
30	10548	82.515061515381	1.7390343902567
30	10573	82.637021376927	1.7378147916413
30	10593	82.719017938552	1.736994826025
30	10612	82.954835985133	1.7193084725314
30	10637	83.135059262429	1.7175062397585
30	10657	83.219017938552	1.7166666529972
30	10676	83.391038045751	1.7037651449573
30	10701	83.498671430526	1.7026888111096
30	10721	83.719017938552	1.7004853460293
30	10740	83.887636575659	1.6878389482463
30	10765	84.219017938552	1.6845251346173
30	10785	84.305340323773	1.6836619107651
30	10804	84.504622329024	1.6687157603713
30	10829	84.694416869235	1.6668178149692
30	10849	84.719017938552	1.666571804276
30	10868	85.169071123374	1.6328178154144
30	10893	85.219017938552	1.6323183472626
30	10913	85.407436461922	1.6304341620289
30	10932	85.696889838947	1.608725158752
30	10957	85.719017938552	1.608503877756
30	10976	86.062543085588	1.5827394917283
30	11001	86.168347023138	1.5816814523528
30	11021	86.219017938552	1.5811747431986
30	11041	86.444533512452	1.5789195874596
30	11060	86.557904103675	1.5704167931179
30	11085	86.670864340373	1.5692871907509
30	11105	86.719017938552	1.5688056547691
30	11124	87.132699637765	1.5377795273282
30	11149	87.219017938552	1.5369163443203
30	11169	87.298801967492	1.5361185040309
30	11188	87.51925245607	1.5195847173875
30	11213	87.719017938552	1.5175870625627
30	11232	87.839389962049	1.5085591608005
30	11257	87.868068485882	1.5082723755621
30	11277	88.17050606328	1.5052479997881
30	11297	88.219017938552	1.5047628810354
30	11316	88.598881169593	1.4762731387073
30	11341	88.719017938552	1.4750717710178
30	11361	88.794262962685	1.4743193207764
30	11380	89.216200496813	1.4426740057168
30	11404	89.219017938552	1.4426458312994
30	11424	89.426146952154	1.4271111552793
30	11449	89.690110764642	1.4244715171544
30	11469	89.719017938552	1.4241824454153
30	11489	89.771958000296	1.4236530447979
30	11508	90.090878185814	1.399734030884
30	11533	90.219017938552	1.3984526333566
30	11553	90.405355971855	1.3965892530236
30	11572	90.664954515544	1.3771193622469
30	11597	90.719017938552	1.3765787280169
30	11617	91.00114317377	1.3737574756647
30	11636	91.119579637328	1.3648747408978
30	11661	91.219017938552	1.3638803578856
30	11681	91.511853114971	1.3609520061214
30	11700	91.705037844831	1.3464631513819
30	11725	91.719017938552	1.3463233504447
30	11745	91.930040510175	1.3442131247285
30	11764	92.040938912982	1.3358957445179
30	11789	92.219017938552	1.3341149542622
30	11809	92.300452007064	1.3333006135771
30	11828	92.404198139345	1.325519653656
30	11853	92.5883603081	1.3236780319685
30	11873	92.719017938552	1.322371455664
30	11892	92.908219227938	1.30818135896
30	11917	93.082921097231	1.3064343402671
30	11937	93.219017938552	1.3050733718539
30	11956	93.406741685697	1.290994090818
30	11981	93.719017938552	1.2878713282894
30	12001	93.884715308238	1.2862143545926
30	12020	94.047071351295	1.2740376513633
30	12045	94.219017938552	1.2723181854907
30	12065	94.443116337051	1.2700772015058
30	12084	94.500085553804	1.2658045102493
30	12109	94.719017938552	1.2636151864018
30	12129	94.796493741673	1.2628404283706
30	12148	95.207336612509	1.2320272130579
30	12173	95.219017938552	1.2319103997975
30	12193	95.398527131312	1.2301153078699
30	12212	95.591459816226	1.2156453565013
30	12237	95.719017938552	1.214369775278
30	12257	95.793427076459	1.213625683899
30	12276	95.853360165374	1.2091307022304
30	12301	95.976796497487	1.2078963389092
30	12321	96.219017938552	1.2054741244986
30	12340	96.341809272391	1.1962647744606
30	12365	96.615800591082	1.1935248612737
30	12385	96.719017938552	1.192492687799
30	12404	97.014377020949	1.1703407566193
30	12429	97.219017938552	1.1682943474432
30	12449	97.239320038807	1.1680913264407
30	12468	97.671643762009	1.1356670472005
30	12493	97.719017938552	1.1351933054351
30	12513	98.050405823429	1.1318794265863
30	12532	98.209803694671	1.1199245862432
30	12556	98.219017938552	1.1198324438044
30	12577	98.461129096699	1.1174113322229
30	12596	98.566305106224	1.1095231315085
30	12621	98.719017938552	1.1079960031852
30	12641	98.738371244342	1.1078024701273
30	12660	99.03624144932	1.085462204754
30	12685	99.146337607958	1.0843612431676
30	12705	99.219017938552	1.0836344398617
30	12724	99.661087371779	1.0504792323697
30	12749	99.719017938552	1.0498999267019
30	12769	99.788211891231	1.0492079871751
30	12788	100.116775755489	1.0245656973558
30	12813	100.219017938552	1.0235432755252
30	12833	100.488757532918	1.0208458795815
30	12852	100.510680469123	1.0192016593661
30	12877	100.719017938552	1.0171182846718
30	12897	100.792383872055	1.0163846253368
30	12916	101.090074569078	0.99405782306007
30	12941	101.219017938552	0.99276838936533
30	12961	101.404930919678	0.99090925955407
30	12980	101.562059962933	0.97912458130995
30	13005	101.719017938552	0.97755500155376
30	13025	102.020953146171	0.97453564947757
30	13044	102.105120711678	0.96822308206454
30	13069	102.219017938552	0.9670841097958
30	13088	102.507040813563	0.94548239416998
30	13113	102.601480957203	0.94453799273358
30	13133	102.694024273091	0.9436125595747
30	13153	102.719017938552	0.94336262292009
30	13172	103.001647787911	0.92216538421816
30	13197	103.219017938552	0.91999168271175
30	13217	103.367103736464	0.91851082473263
30	13236	103.681809174081	0.89490791691136
30	13261	103.719017938552	0.89453582926665
30	13280	103.874130106901	0.88290241664047
30	13305	103.887362792426	0.88277008978522
30	13325	103.982615175926	0.88181756595022
30	13345	104.219017938552	0.87945353832396
30	13364	104.410929667761	0.86506015863329
30	13389	104.719017938552	0.86197927592538
30	13409	104.814505795658	0.86102439735432
30	13428	105.171876100169	0.83422162451599
30	13453	105.219017938552	0.83375020613216
30	13473	105.400107625209	0.83193930926559
30	13492	105.681011929454	0.81087148644722
30	13517	105.719017938552	0.81049142635624
30	13537	105.934622153071	0.80833538421105
30	13556	106.077555778434	0.79761536230882
30	13581	106.219017938552	0.79620074070764
30	13601	106.41310729253	0.79425984716786
30	13620	106.449115127602	0.79155925953746
30	13645	106.719017938552	0.78886023142796
30	13665	106.88175917779	0.78723281903558
30	13684	107.027126415444	0.77633027621153
30	13709	107.219017938552	0.77441136098045
30	13728	107.319264078697	0.76689290046958
30	13753	107.37894382215	0.76629610303505
30	13773	107.719017938552	0.76289536187103
30	13793	107.768549008844	0.76240005116811
30	13812	107.943986026754	0.74924227482486
30	13837	108.153627507192	0.74714586002048
30	13857	108.219017938552	0.74649195570688
30	13876	108.489422553496	0.72621160958608
30	13901	108.719017938552	0.72391565573552
30	13921	108.908865952761	0.72201717559343
30	13940	109.173377004264	0.7021788467307
30	13965	109.219017938552	0.70172243738782
30	13985	109.347856048671	0.70043405628663
30	14004	109.59119372051	0.68218373089871
30	14029	109.719017938552	0.68090548871829
30	14048	110.001693847494	0.65970479554764
30	14073	110.07253505093	0.65899638351328
30	14093	110.219017938552	0.65753155463706
30	14113	110.376913823736	0.65595259578522
30	14132	110.512605385573	0.64577572864744
30	14157	110.699033123803	0.64391145126514
30	14177	110.719017938552	0.64371160311765
30	14196	111.134737707113	0.61253262047558
30	14221	111.219017938552	0.61168981816119
30	14240	111.411018670162	0.59728976329044
30	14265	111.613910612081	0.59526084387125
30	14285	111.719017938552	0.59420977060654
30	14305	111.803585658305	0.59336409340901
30	14324	112.171360980345	0.56578094425601
30	14349	112.219017938552	0.56530437467394
30	14369	112.373162305625	0.56376293100321
30	14388	112.444718897527	0.55839618661056
30	14413	112.630268354611	0.55654069203972
30	14433	112.719017938552	0.55565319620031
30	14452	113.202222280947	0.51941287052068
30	14477	113.219017938552	0.51924491394463
30	14496	113.507942568881	0.49757556666996
30	14520	113.509727232613	0.49755772003264
30	14541	113.618432321389	0.49647066914488
30	14561	113.719017938552	0.49546481297325
30	14580	114.103875467179	0.46660049832622
30	14605	114.219017938552	0.46544907361249
30	14625	114.287088165794	0.46476837134007
30	14644	114.380719659941	0.45774600927905
30	14669	114.650818513137	0.45504502074709
30	14689	114.719017938552	0.45436302649294
30	14708	115.111418810764	0.42493296107704
30	14733	115.219017938552	0.42385696979916
30	14753	115.36131146931	0.42243403449158
30	14772	115.577747712561	0.40620131624775
30	14797	115.719017938552	0.40478861398784
30	14817	115.863402548794	0.40334476788542
30	14836	115.905194233169	0.4002103915573
30	14861	116.116470383656	0.39809763005243
30	14881	116.219017938552	0.39707215450347
30	14900	116.393825225995	0.38396160794524
30	14925	116.719017938552	0.38070968081967
30	14944	116.728763631255	0.38061222389264
30	14964	117.142274044545	0.34959894289589
30	14989	117.219017938552	0.34883150395582
30	15009	117.588040952188	0.34514127381946
30	15028	117.618073726909	0.34288881571539
30	15053	117.719017938552	0.34187937359896
30	15073	117.765311137018	0.3414164416143
30	15092	118.089180876592	0.31712621114625
30	15117	118.219017938552	0.31582784052665
30	15137	118.396357188177	0.3140544480304
30	15156	118.429999439416	0.31153127918747
30	15181	118.583051350423	0.3100007600774
30	15201	118.719017938552	0.30864109419611
30	15220	118.889205487443	0.29587702802929
30	15245	119.219017938552	0.2925789035182
30	15265	119.276174026531	0.29200734263841
30	15284	119.601031643243	0.26764302138501
30	15309	119.719017938552	0.26646315843192
30	15329	119.859680191883	0.26505653589861
30	15348	120.004502017142	0.25419489900418
30	15373	120.219017938552	0.25204973979008
30	15393	120.330895207346	0.25093096710214
30	15412	120.655413352696	0.22659210620089
30	15437	120.719017938552	0.22595606034233
30	15457	120.828949955654	0.22485674017131
30	15476	120.901188243178	0.21943886860701
30	15501	121.059352015321	0.21785723088558
30	15521	121.219017938552	0.21626057165327
30	15540	121.385225487126	0.20379500551022
30	15565	121.680672668097	0.20084053370051
30	15585	121.719017938552	0.20045708099596
30	15604	121.869175162909	0.18919528916919
30	15629	122.111644924049	0.18677059155779
30	15649	122.219017938552	0.18569686141276
30	15668	122.608074202852	0.15651764159026
30	15693	122.719017938552	0.15540820423326
30	15712	122.831423124855	0.14697781526053
30	15737	123.084471650598	0.1444473300031
30	15757	123.219017938552	0.14310186712356
30	15777	123.237777892955	0.14291426757953
30	15796	123.618039633611	0.11439463703033
30	15821	123.719017938552	0.11338485398092
30	15840	123.856280401999	0.1030901692224
30	15865	124.017729750545	0.10147567573694
30	15885	124.219017938552	0.099462793856865
30	15905	124.317992964936	0.098473043593025
30	15924	124.406222136316	0.091855855739525
30	15949	124.539815777343	0.090519919329255
30	15969	124.719017938552	0.088727897717165
30	15988	125.118943705221	0.05873346521699
30	16013	125.219017938552	0.05773272288368
30	16033	125.440045360931	0.05552244865989
30	16052	125.61191944191	0.042631892586465
30	16072	125.719017938552	0.041560907620045
30	16090	126.053032367488	0.016509825449845
30	16110	126.219017938552	0.014849969739205
30	16128	126.337487792966	0.0059647306581554
30	16148	126.719017938552	0.0021494292022954
30	16166	127.204016491955	0
32	39	0.438031780654	1
32	83	0.841703128842	2
32	167	1.428080456358	3
32	231	2.010083983214	4
32	295	2.643885429137	5
32	359	3.011008807112	6
32	423	3.476131855817	7
32	487	4.153449446083	8
32	551	4.453976403204	9
32	615	5.078286689174	10
32	679	5.466314553496	11
32	743	6.201880000279	12
32	787	6.375158249521	13
32	871	7.167052838978	14
32	915	7.508461154559	15
32	999	8.139382239551	16
32	1063	8.527208930747	17
32	1127	9.090569752016	18
32	1191	9.607270999187	19
32	1255	10.051825855047	20
32	1319	10.533967229844	21
32	1383	11.122464186725	22
32	1428	11.361380981122	23
32	1512	12.008458107644	24
32	1576	12.393550876369	25
32	1640	13.11378520972	26
32	1703	13.405638081235	27
32	1768	13.873105207858	28
32	1832	14.448674340201	29
32	1896	14.878887884066	30
32	1960	15.407946492759	31
32	2024	15.973613529773	32
32	2088	16.680057327104	33
32	2132	16.998997934376	34
32	2216	17.56424332329	35
32	2280	18.179957369835	36
32	2324	18.358730079168	37
32	2408	19.206941565991	38
32	2471	19.580273951431	39
32	2516	19.887381773003	40
32	2600	20.462278806631	41
32	2664	21.119292394099	42
32	2728	21.562150205233	43
32	2792	21.949036829573	44
32	2856	22.334388108765	45
32	2920	23.072727559813	46
32	2984	23.702597646256	47
32	3048	24.080134066128	48
32	3112	24.573041489375	49
32	3176	25.217137764794	50
32	3220	25.551758071435	51
32	3304	25.984765373756	52
32	3368	26.508896940601	53
32	3432	27.068421980952	54
32	3496	27.454220985555	55
32	3560	28.088918867455	56
32	3604	28.445898636458	57
32	3688	29.130356131242	58
32	3752	29.698846359112	59
32	3816	30.084028685772	60
32	3860	30.324446595301	61
32	3944	31.068156375856	62
32	4008	31.588481790972	63
32	4072	32.207795938131	64
32	4116	32.670295325973	65
32	4200	33.02286768726	66
32	4244	33.34130381572	67
32	4328	33.999481624112	68
32	4372	34.327013007485	69
32	4456	34.99570230714	70
32	4520	35.710852630743	71
32	4584	35.962795726144	72
32	4648	36.511375353047	73
32	4712	37.094482413054	74
32	4776	37.671208295812	75
32	4840	38.186312127699	76
32	4904	38.405746791818	77
32	4968	39.045093484809	78
32	5032	39.665058964145	79
32	5096	40.022605522935	80
32	5160	40.685707121183	81
32	5224	41.187480983351	82
32	5268	41.352262933207	83
32	5352	41.930105364163	84
32	5416	42.32276061925	85
32	5480	43.155954770212	86
32	5544	43.577887593982	87
32	5608	44.155572387417	88
32	5672	44.424910004278	89
32	5736	44.978146239211	90
32	5800	45.540146532216	91
32	5864	45.884994122786	92
32	5928	46.466941176848	93
32	5992	46.877594643858	94
32	6056	47.546865300302	95
32	6120	48.10051285087	96
32	6164	48.434408511528	97
32	6248	48.992333164093	98
32	6312	49.621460615125	99
32	6376	49.977457249844	100
32	6440	50.677433294271	101
32	6504	51.074586370614	102
32	6568	51.675639710882	103
32	6612	52.091040167705	104
32	6696	52.498697031316	105
32	6760	53.210446308115	106
32	6804	53.365498702534	107
32	6888	54.125827419599	108
32	6932	54.483745995284	109
32	7016	55.08919356943	110
32	7060	55.418936448571	111
32	7144	55.944305271403	112
32	7208	56.705184425999	113
32	7252	57.054403971908	114
32	7336	57.582885304214	115
32	7400	58.032300439225	116
32	7444	58.411231147804	117
32	7528	58.976965655413	118
32	7592	59.566541362953	119
32	7656	60.008964947172	120
32	7720	60.507070813914	121
32	7784	61.105447751963	122
32	7828	61.434214340084	123
32	7912	61.972402828959	124
32	7976	62.618685872973	125
32	8040	63.170398815003	126
32	8104	63.360163282537	127
32	8168	63.855967493196	128
32	8232	64.460636604325	129
32	8296	65.039744440586	130
32	8340	65.332467976053	131
32	8424	66.206602644947	132
32	8468	66.44741683605	133
32	8552	66.907523011629	134
32	8615	67.375523499706	135
32	8680	67.857921909195	136
32	8744	68.712634832718	137
32	8788	68.923154309978	138
32	8872	69.53382694547	139
32	8936	69.998188408026	140
32	9000	70.35884557248	141
32	9064	70.959942602766	142
32	9128	71.50671760722	143
32	9192	72.155473990486	144
32	9256	72.680877036256	145
32	9300	72.834041692344	146
32	9384	73.522344118663	147
32	9448	73.88575694573	148
32	9512	74.630638345824	149
32	9576	75.16499125569	150
32	9620	75.483576628313	151
32	9704	75.875006971815	152
32	9768	76.332306893104	153
32	9832	77.212047921241	154
32	9876	77.468334239655	155
32	9960	77.98704808562	156
32	10004	78.339253183668	157
32	10088	78.965216378429	158
32	10132	79.325669126333	159
32	10216	79.911314875194	160
32	10280	80.624982617729	161
32	10344	81.196667346851	162
32	10408	81.619017637641	163
32	10472	81.954779464965	164
32	10536	82.514837515381	165
32	10600	82.954611985133	166
32	10664	83.390814045751	167
32	10728	83.887412575659	168
32	10792	84.504398329024	169
32	10856	85.168847123374	170
32	10920	85.696665838947	171
32	10964	86.062319085588	172
32	11048	86.557680103675	173
32	11112	87.132475637765	174
32	11176	87.51902845607	175
32	11220	87.839165962049	176
32	11304	88.598657169593	177
32	11368	89.215976496813	178
32	11412	89.425922952154	179
32	11496	90.090654185814	180
32	11560	90.664730515544	181
32	11624	91.119355637328	182
32	11688	91.704813844831	183
32	11752	92.040714912982	184
32	11816	92.403974139345	185
32	11880	92.907995227938	186
32	11944	93.406517685697	187
32	12008	94.046847351295	188
32	12072	94.499861553804	189
32	12136	95.207112612509	190
32	12200	95.591235816226	191
32	12264	95.853136165374	192
32	12328	96.341585272391	193
32	12392	97.014153020949	194
32	12456	97.671419762009	195
32	12520	98.209579694671	196
32	12584	98.566081106224	197
32	12648	99.03601744932	198
32	12712	99.660863371779	199
32	12776	100.116551755489	200
32	12840	100.510456469123	201
32	12904	101.089850569078	202
32	12968	101.561835962933	203
32	13032	102.104896711678	204
32	13076	102.506816813563	205
32	13160	103.001423787911	206
32	13224	103.681585174081	207
32	13268	103.873906106901	208
32	13352	104.410705667761	209
32	13416	105.171652100169	210
32	13480	105.680787929454	211
32	13544	106.077331778434	212
32	13608	106.448891127602	213
32	13672	107.026902415444	214
32	13716	107.319040078697	215
32	13800	107.943762026754	216
32	13864	108.489198553496	217
32	13928	109.173153004264	218
32	13992	109.59096972051	219
32	14036	110.001469847494	220
32	14120	110.512381385573	221
32	14184	111.134513707113	222
32	14228	111.410794670162	223
32	14312	112.171136980345	224
32	14376	112.444494897527	225
32	14440	113.201998280947	226
32	14484	113.507718568881	227
32	14568	114.103651467179	228
32	14632	114.380495659941	229
32	14696	115.111194810764	230
32	14760	115.577523712561	231
32	14824	115.904970233169	232
32	14888	116.393601225995	233
32	14952	117.142050044545	234
32	15016	117.617849726909	235
32	15080	118.088956876592	236
32	15144	118.429775439416	237
32	15208	118.888981487443	238
32	15272	119.600807643243	239
32	15336	120.004278017142	240
32	15400	120.655189352696	241
32	15464	120.900964243178	242
32	15528	121.385001487126	243
32	15592	121.868951162909	244
32	15656	122.607850202852	245
32	15700	122.831199124855	246
32	15784	123.617815633611	247
32	15828	123.856056401999	248
32	15912	124.405998136316	249
32	15976	125.118719705221	250
32	16040	125.61169544191	251
32	16078	126.052808367488	252
32	16116	126.337263792966	253
32	16154	127.203792491955	254
33	32	0.219017938552	4.9978098206145
33	51	0.438255780654	4.9813669824568
33	76	0.719017938552	4.9785593608779
33	95	0.841927128842	4.9693411716061
33	120	0.895189648484	4.9688085464097
33	140	1.219017938552	4.965570263509
33	160	1.327616901593	4.9644842738786
33	179	1.428304456358	4.9569327072712
33	204	1.681905732014	4.9543966945147
33	224	1.719017938552	4.9540255724493
33	243	2.010307983214	4.9321788190996
33	268	2.219017938552	4.9300917195462
33	288	2.427222663713	4.9280096722946
33	307	2.644109429137	4.9117431648878
33	332	2.719017938552	4.9109940797937
33	352	2.955892064877	4.9086253385304
33	371	3.011232807112	4.9044747828628
33	396	3.219017938552	4.9023969315484
33	416	3.338675299742	4.9012003579365
33	435	3.476355855817	4.8908743162309
33	460	3.719017938552	4.8884476954035
33	480	3.946819176236	4.8861696830267
33	499	4.153673446083	4.8706556127882
33	524	4.219017938552	4.8700021678635
33	544	4.282312536695	4.869369221882
33	563	4.454200403204	4.8564776318939
33	588	4.589276789119	4.8551268680347
33	608	4.719017938552	4.8538294565404
33	627	5.078510689174	4.8268675002437
33	652	5.18682271595	4.825784379976
33	672	5.219017938552	4.82546242775
33	691	5.466538553496	4.8068983816292
33	716	5.719017938552	4.8043735877786
33	736	5.89981115776	4.8025656555865
33	755	6.202104000279	4.7798936923976
33	780	6.219017938552	4.7797245530149
33	799	6.375382249521	4.7679972296922
33	824	6.613591370162	4.7656151384858
33	844	6.719017938552	4.7645608728019
33	864	6.823611774751	4.7635149344399
33	883	7.167276838978	4.7377400546229
33	908	7.219017938552	4.7372226436271
33	927	7.508685154559	4.7154976024266
33	952	7.658948843264	4.7139949655396
33	972	7.719017938552	4.7133942745867
33	992	7.928573247221	4.7112987215
33	1011	8.139606239551	4.6954712470752
33	1036	8.219017938552	4.6946771300852
33	1056	8.424422651798	4.6926230829528
33	1075	8.527432930747	4.6848973120316
33	1100	8.719017938552	4.6829814619535
33	1120	8.939869268135	4.6807729486577
33	1139	9.090793752016	4.6694536123666
33	1164	9.219017938552	4.6681713705013
33	1184	9.238328188647	4.6679782680003
33	1203	9.607494999187	4.6402907572098
33	1228	9.719017938552	4.6391755278162
33	1248	9.963688073111	4.6367288264706
33	1267	10.052049855047	4.6301016928254
33	1292	10.209615836375	4.6285260330121
33	1311	10.219017938552	4.6284320119903
33	1331	10.534191229844	4.6047940151434
33	1356	10.719017938552	4.6029457480564
33	1376	11.012283464418	4.6000130927977
33	1395	11.12263875736	4.6
33	1396	11.122688186725	4.5999962927976
33	1421	11.219017938552	4.5990329952794
33	1440	11.361604981122	4.5883389670866
33	1465	11.431652185124	4.5876384950466
33	1485	11.627694424697	4.5856780726509
33	1505	11.719017938552	4.5847648375123
33	1524	12.008682107644	4.5630400248304
33	1549	12.214729019337	4.5609795557135
33	1568	12.219017938552	4.5609366665213
33	1588	12.393774876369	4.547829896185
33	1613	12.719017938552	4.5445774655632
33	1633	12.803693018098	4.5437307147678
33	1652	13.11400920972	4.5204570003961
33	1677	13.219017938552	4.5194069131078
33	1697	13.396694011231	4.517630152381
33	1715	13.405862081235	4.5169425471307
33	1741	13.719017938552	4.5138109885575
33	1761	13.733460327693	4.5136665646661
33	1780	13.873329207858	4.5031763986537
33	1805	13.981069794194	4.5020989927904
33	1825	14.219017938552	4.4997195113468
33	1844	14.448898340201	4.4824784812231
33	1869	14.719017938552	4.4797772852396
33	1889	14.796177207669	4.4790056925484
33	1908	14.879111884066	4.4727855918187
33	1933	15.219017938552	4.4693865312738
33	1952	15.224174840179	4.4693349622575
33	1972	15.408170492759	4.455535288314
33	1997	15.719017938552	4.4524268138561
33	2017	15.755168759347	4.4520653056482
33	2036	15.973837529773	4.4356651478662
33	2061	16.219017938552	4.4332133437784
33	2081	16.451561427013	4.4308879088938
33	2100	16.680281327104	4.413733916387
33	2125	16.719017938552	4.4133465502725
33	2144	16.999221934376	4.3923312505857
33	2169	17.05323411337	4.3917911287958
33	2189	17.219017938552	4.390133290544
33	2209	17.243249762327	4.3898909723062
33	2228	17.56446732329	4.365799655234
33	2253	17.719017938552	4.3642541490814
33	2273	17.839504771483	4.363049280752
33	2292	18.180181369835	4.3374985358756
33	2317	18.219017938552	4.3371101701885
33	2336	18.358954079168	4.3266149596423
33	2361	18.483268932895	4.325371811105
33	2381	18.559458515131	4.3246099152826
33	2401	18.719017938552	4.3230143210484
33	2420	19.207165565991	4.2864032489905
33	2445	19.219017938552	4.2862847252649
33	2465	19.57409691763	4.2827339354741
33	2483	19.580497951431	4.282253857939
33	2509	19.719017938552	4.2808686580678
33	2528	19.887605773003	4.268224570484
33	2553	19.948977768038	4.2676108505337
33	2573	20.071983464797	4.2663807935661
33	2593	20.219017938552	4.2649104488285
33	2612	20.462502806631	4.2466490837226
33	2637	20.614297993098	4.2451311318579
33	2657	20.719017938552	4.2440839324034
33	2676	21.119516394099	4.2140465482374
33	2701	21.219017938552	4.2130515327928
33	2721	21.345912401089	4.2117825881675
33	2740	21.562374205233	4.1955479528567
33	2765	21.719017938552	4.1939815155235
33	2785	21.808083181725	4.1930908630917
33	2804	21.949260829573	4.1825025395031
33	2829	22.219017938552	4.1798049684133
33	2849	22.277564207081	4.1792195057281
33	2868	22.334612108765	4.1749409131018
33	2893	22.61027738125	4.1721842603769
33	2913	22.719017938552	4.1710968548039
33	2932	23.072951559813	4.1445518332093
33	2957	23.219017938552	4.1430911694219
33	2977	23.568525759679	4.1395960912107
33	2996	23.702821646256	4.1295238997174
33	3021	23.719017938552	4.1293619367944
33	3041	23.84386423611	4.1281134738188
33	3060	24.080358066128	4.1103764365675
33	3085	24.219017938552	4.1089898378432
33	3105	24.264133436688	4.1085386828619
33	3124	24.573265489375	4.0853537789104
33	3149	24.719017938552	4.0838962544186
33	3169	24.73801396097	4.0837062941944
33	3188	25.217361764794	4.0477552089076
33	3212	25.219017938552	4.04773864717
33	3232	25.551982071435	4.0227663372038
33	3257	25.578829760746	4.0224978603107
33	3277	25.719017938552	4.0210959785326
33	3297	25.753523379089	4.0207509241273
33	3316	25.984989373756	4.0033909745272
33	3341	26.219017938552	4.0010506888793
33	3361	26.271738350008	4.0005234847647
33	3380	26.509120940601	3.9827197904702
33	3405	26.70711584295	3.9807398414468
33	3425	26.719017938552	3.9806208204907
33	3444	27.068645980952	3.9543987173107
33	3469	27.219017938552	3.9528949977347
33	3489	27.232458482672	3.9527605922935
33	3508	27.454444985555	3.9361116045773
33	3533	27.598819708348	3.9346678573494
33	3553	27.719017938552	3.9334658750473
33	3572	28.089142867455	3.9057065053796
33	3597	28.219017938552	3.9044077546687
33	3616	28.446122636458	3.8873749023257
33	3640	28.451899371379	3.8873171349765
33	3661	28.601620483389	3.8858199238564
33	3681	28.719017938552	3.8846459493048
33	3700	29.130580131242	3.853778784853
33	3725	29.219017938552	3.8528944067799
33	3745	29.30943774105	3.8519902087549
33	3764	29.699070359112	3.8227677624003
33	3789	29.719017938552	3.8225682866059
33	3809	29.946785092529	3.8202906150661
33	3828	30.084252685772	3.8099805455729
33	3853	30.219017938552	3.8086328930451
33	3872	30.324670595301	3.8007089437889
33	3897	30.463735770889	3.799318292033
33	3917	30.512874645264	3.7988269032893
33	3937	30.719017938552	3.7967654703564
33	3956	31.068380375856	3.7705632875586
33	3981	31.219017938552	3.7690569119316
33	4001	31.503783005652	3.7662092612606
33	4020	31.588705790972	3.7598400523616
33	4045	31.719017938552	3.7585369308858
33	4064	31.727369818547	3.7584534120859
33	4084	32.208019938131	3.7224046531171
33	4109	32.219017938552	3.7222946731129
33	4128	32.670519325973	3.6884320690563
33	4153	32.698828391347	3.6881489784026
33	4173	32.719017938552	3.6879470829305
33	4193	32.958204472427	3.6855552175918
33	4212	33.02309168726	3.6806886764793
33	4237	33.219017938552	3.6787294139664
33	4256	33.34152781572	3.6695411731788
33	4281	33.514020790708	3.6678162434289
33	4301	33.683690690053	3.6661195444354
33	4321	33.719017938552	3.6657662719504
33	4340	33.999705624112	3.6447146955334
33	4365	34.219017938552	3.642521572389
33	4384	34.327237007485	3.6344051422191
33	4409	34.395635723777	3.6337211550562
33	4429	34.443136790198	3.6332461443919
33	4449	34.719017938552	3.6304873329084
33	4468	34.99592630714	3.6097192052643
33	4493	35.209273758055	3.6075857307552
33	4512	35.219017938552	3.6074882889502
33	4532	35.711076630743	3.5705838870359
33	4556	35.719017938552	3.5705044739578
33	4577	35.859379923706	3.5691008541062
33	4596	35.963019726144	3.5613278689234
33	4621	36.181700472989	3.5591410614549
33	4641	36.219017938552	3.5587678867993
33	4660	36.511599353047	3.5368242807122
33	4685	36.65931510589	3.5353471231837
33	4705	36.719017938552	3.5347500948571
33	4724	37.094706413054	3.5065734592695
33	4749	37.219017938552	3.5053303440145
33	4769	37.322124349501	3.504299279905
33	4788	37.671432295812	3.4781011839317
33	4813	37.719017938552	3.4776253275043
33	4833	37.937362158288	3.4754418853069
33	4852	38.186536127699	3.4567538376011
33	4877	38.219017938552	3.4564290194926
33	4897	38.312419795234	3.4554950009257
33	4916	38.405970791818	3.4484786761819
33	4941	38.719017938552	3.4453482047146
33	4961	38.783184306685	3.4447065410333
33	4980	39.045317484809	3.425046552674
33	5005	39.219017938552	3.4233095481365
33	5025	39.37218273132	3.4217779002089
33	5044	39.665282964145	3.399795382747
33	5069	39.719017938552	3.3992580330029
33	5089	39.871663427715	3.3977315781113
33	5108	40.022829522935	3.3863941209698
33	5133	40.219017938552	3.3844322368136
33	5153	40.332353411232	3.3832988820868
33	5172	40.685931121183	3.3567805538405
33	5197	40.719017938552	3.3564496856668
33	5217	40.823731990707	3.3554025451453
33	5236	41.187704983351	3.328104570697
33	5261	41.219017938552	3.3277914411449
33	5280	41.352486933207	3.3177812665458
33	5305	41.518308248546	3.3161230533924
33	5325	41.719017938552	3.3141159564924
33	5345	41.824430079469	3.3130618350832
33	5364	41.930329364163	3.3051193887311
33	5389	42.157981613268	3.3028428662401
33	5409	42.219017938552	3.3022325029873
33	5428	42.32298461925	3.2944350019349
33	5453	42.690173436877	3.2907631137586
33	5473	42.719017938552	3.2904746687419
33	5492	43.156178770212	3.2576876063674
33	5517	43.219017938552	3.257059214684
33	5537	43.309122582142	3.2561581682481
33	5556	43.578111593982	3.2359839923601
33	5581	43.719017938552	3.2345749289144
33	5601	43.964867140249	3.2321164368974
33	5620	44.155796387417	3.2177967433598
33	5645	44.219017938552	3.2171645278485
33	5665	44.371783490934	3.2156368723246
33	5684	44.425134004278	3.2116355838238
33	5709	44.598635216792	3.2099005716987
33	5729	44.719017938552	3.2086967444811
33	5748	44.978370239211	3.1892453219317
33	5773	45.219017938552	3.1868388449383
33	5793	45.313200079546	3.1858970235283
33	5812	45.540370532216	3.1688592395781
33	5837	45.648638219562	3.1677765627046
33	5857	45.719017938552	3.1670727655147
33	5876	45.885218122786	3.1546077516972
33	5901	46.219017938552	3.1512697535395
33	5921	46.317018801243	3.1502897449126
33	5940	46.467165176848	3.1390287667422
33	5965	46.56926803681	3.1380077381426
33	5985	46.719017938552	3.1365102391252
33	6004	46.877818643858	3.1246001862272
33	6029	47.219017938552	3.1211881932803
33	6049	47.249169926707	3.1208866733987
33	6068	47.547089300302	3.0985427203791
33	6093	47.719017938552	3.0968234339966
33	6113	47.755317154888	3.0964604418333
33	6132	48.10073685087	3.0705539646346
33	6157	48.219017938552	3.0693711537578
33	6176	48.434632511528	3.0532000607846
33	6201	48.495039126173	3.0525959946381
33	6221	48.719017938552	3.0503562065144
33	6241	48.919732596622	3.0483490599337
33	6260	48.992557164093	3.0428872173733
33	6285	49.19228308712	3.0408899581431
33	6305	49.219017938552	3.0406226096287
33	6324	49.621684615125	3.0104226088858
33	6349	49.719017938552	3.0094492756515
33	6369	49.952372216609	3.0071157328709
33	6388	49.977681249844	3.0052175553783
33	6413	50.219017938552	3.0028041884912
33	6433	50.314722687555	3.0018471410012
33	6452	50.677657294271	2.9746270454975
33	6477	50.719017938552	2.9742134390547
33	6497	51.006782721997	2.9713357912202
33	6516	51.074810370614	2.966233717574
33	6541	51.219017938552	2.9647916418946
33	6561	51.264267690003	2.9643391443801
33	6580	51.675863710882	2.9334694428141
33	6605	51.719017938552	2.9330379005374
33	6624	52.091264167705	2.905119433351
33	6649	52.157187981707	2.9044601952109
33	6669	52.219017938552	2.9038418956425
33	6689	52.370338986245	2.9023286851656
33	6708	52.498921031316	2.8926850317852
33	6733	52.719017938552	2.8904840627129
33	6753	52.937709164888	2.8882971504495
33	6772	53.210670308115	2.8678250647075
33	6796	53.219017938552	2.8677415884031
33	6816	53.365722702534	2.8567387311045
33	6841	53.584922150325	2.8545467366266
33	6860	53.590686686234	2.8544890912675
33	6881	53.719017938552	2.8532057787443
33	6900	54.126051419599	2.8226782676658
33	6925	54.219017938552	2.8217486024762
33	6944	54.483969995284	2.8018771982213
33	6969	54.551795214591	2.8011989460283
33	6989	54.719017938552	2.7995267187887
33	7009	54.742796957948	2.7992889285947
33	7028	55.08941756943	2.7732923827335
33	7053	55.219017938552	2.7719963790423
33	7072	55.419160448571	2.7569856907909
33	7097	55.542083516893	2.7557564601077
33	7117	55.719017938552	2.7539871158911
33	7137	55.751894266055	2.7536583526161
33	7156	55.944529271403	2.739210727215
33	7181	56.219017938552	2.7364658405435
33	7201	56.397448082351	2.7346815391055
33	7220	56.705408425999	2.7115845133319
33	7245	56.719017938552	2.7114484182064
33	7264	57.054627971908	2.6862776657047
33	7289	57.082645729732	2.6859974881264
33	7309	57.219017938552	2.6846337660382
33	7329	57.444954351605	2.6823744019077
33	7348	57.583109304214	2.672012780462
33	7373	57.719017938552	2.6706536941186
33	7393	57.883863724572	2.6690052362584
33	7412	58.032524439225	2.6578556826595
33	7437	58.219017938552	2.6559907476662
33	7456	58.411455147804	2.6415579569723
33	7481	58.515182562256	2.6405206828278
33	7501	58.719017938552	2.6384823290648
33	7521	58.76927589354	2.6379797495149
33	7540	58.977189655413	2.6223862173744
33	7565	59.219017938552	2.6199679345431
33	7585	59.24695634012	2.6196885505274
33	7604	59.566765362953	2.5957028738149
33	7629	59.719017938552	2.5941803480589
33	7649	59.909547316831	2.5922750542761
33	7668	60.009188947172	2.5848019320005
33	7693	60.11709089455	2.5837229125268
33	7713	60.219017938552	2.5827036420867
33	7732	60.507294813914	2.5610828764346
33	7757	60.719017938552	2.5589656451882
33	7776	60.728149407533	2.5588743304984
33	7796	61.105671751963	2.5305601546662
33	7821	61.219017938552	2.5294266928003
33	7840	61.434438340084	2.5132701626854
33	7865	61.46996583444	2.5129148877418
33	7885	61.650694051188	2.5111076055743
33	7905	61.719017938552	2.5104243667007
33	7924	61.972626828959	2.4914036999202
33	7949	62.219017938552	2.4889397888242
33	7969	62.32005766685	2.4879293915413
33	7988	62.618909872973	2.465515476082
33	8013	62.719017938552	2.4645143954262
33	8033	62.890642019537	2.4627981546164
33	8052	63.170622815003	2.4417995949564
33	8077	63.219017938552	2.441315643721
33	8097	63.325037109562	2.4402554520109
33	8116	63.360387282537	2.4376041890377
33	8141	63.579924880796	2.4354088130551
33	8161	63.719017938552	2.4340178824776
33	8180	63.856191493196	2.4237298658793
33	8205	64.184402124946	2.4204477595618
33	8225	64.219017938552	2.4201016014257
33	8244	64.460860604325	2.4019634014927
33	8269	64.719017938552	2.3993818281505
33	8289	64.797434376636	2.3985976637696
33	8308	65.039968440586	2.3804076089734
33	8333	65.219017938552	2.3786171139937
33	8352	65.332691976053	2.3700915611811
33	8377	65.36992321004	2.3697192488413
33	8397	65.694196969353	2.3664765112481
33	8417	65.719017938552	2.3662283015562
33	8436	66.206826644947	2.3296426485765
33	8461	66.219017938552	2.3295207356405
33	8480	66.44764083605	2.3123740183281
33	8505	66.567892621819	2.3111715004704
33	8525	66.719017938552	2.3096602473031
33	8544	66.720432876971	2.3096460979189
33	8564	66.907747011629	2.2955975378196
33	8589	67.219017938552	2.2924848285503
33	8609	67.366590318073	2.2910091047551
33	8627	67.375747499706	2.2903223161327
33	8653	67.622996915494	2.2878498219748
33	8673	67.719017938552	2.2868896117442
33	8692	67.858145909195	2.276455013946
33	8717	68.132716544055	2.2737093075974
33	8737	68.219017938552	2.2728462936524
33	8756	68.712858832718	2.2358082265899
33	8780	68.719017938552	2.2357466355316
33	8800	68.923378309978	2.2204196076747
33	8825	69.169852843125	2.2179548623432
33	8845	69.219017938552	2.2174632113889
33	8865	69.346080573824	2.2161925850362
33	8884	69.53405094547	2.2020948071627
33	8909	69.719017938552	2.2002451372319
33	8929	69.915831046821	2.1982770061492
33	8948	69.998412408026	2.1920834040589
33	8973	70.138727829782	2.1906802498413
33	8993	70.219017938552	2.1898773487536
33	9012	70.35906957248	2.179373476209
33	9037	70.719017938552	2.1757739925483
33	9057	70.8270872848	2.1746932990858
33	9076	70.960166602766	2.1647123502384
33	9101	71.219017938552	2.1621238368805
33	9121	71.346087789246	2.1608531383736
33	9140	71.50694160722	2.1487891020255
33	9165	71.719017938552	2.1466683387122
33	9185	72.006705075492	2.1437914673428
33	9204	72.155697990486	2.1326169987182
33	9229	72.219017938552	2.1319837992376
33	9249	72.315701979481	2.1310169588283
33	9268	72.681101036256	2.1036120295702
33	9293	72.719017938552	2.1032328605472
33	9312	72.834265692344	2.0945892790128
33	9337	72.999487532013	2.0929370606161
33	9357	73.128576127616	2.0916461746601
33	9377	73.219017938552	2.0907417565507
33	9396	73.522568118663	2.0679754930424
33	9421	73.719017938552	2.0660109948435
33	9441	73.869016612776	2.0645110081013
33	9460	73.88598094573	2.0632386831297
33	9485	74.035733605818	2.0617411565288
33	9505	74.219017938552	2.0599083132015
33	9524	74.630862345824	2.0290199826561
33	9549	74.719017938552	2.0281384267288
33	9569	75.070290303872	2.0246257030756
33	9588	75.16521525569	2.0175063316893
33	9613	75.219017938552	2.0169683048606
33	9632	75.483800628313	1.9971096031286
33	9657	75.588367506944	1.9960639343423
33	9677	75.719017938552	1.9947574300262
33	9697	75.81166559317	1.99383095348
33	9716	75.875230971815	1.9890635500816
33	9741	76.138328958013	1.9864325702196
33	9761	76.219017938552	1.9856256804143
33	9780	76.332530893104	1.9771122088229
33	9805	76.460422356323	1.9758332941907
33	9825	76.719017938552	1.9732473383684
33	9844	77.212271921241	1.9362532896667
33	9868	77.219017938552	1.9361858294936
33	9888	77.468558239655	1.9174703069109
33	9913	77.591468097352	1.9162412083339
33	9933	77.719017938552	1.9149657099219
33	9953	77.750199978881	1.9146538895186
33	9972	77.98727208562	1.8968734815132
33	9997	78.219017938552	1.8945560229839
33	10016	78.339477183668	1.8855215796002
33	10041	78.376318994806	1.8851531614888
33	10061	78.719017938552	1.8817261720513
33	10081	78.786254781195	1.8810538036249
33	10100	78.965440378429	1.8676148838323
33	10125	79.219017938552	1.8650791082311
33	10144	79.325893126333	1.8570634691475
33	10169	79.455873650395	1.8557636639069
33	10189	79.719017938552	1.8531322210253
33	10209	79.768439130661	1.8526380091043
33	10228	79.911538875194	1.8419055282643
33	10253	80.016449174927	1.840856425267
33	10273	80.219017938552	1.8388307376307
33	10292	80.625206617729	1.8083665866924
33	10317	80.719017938552	1.8074284734842
33	10337	80.869422508486	1.8059244277849
33	10356	81.196891346851	1.7813642649075
33	10381	81.219017938552	1.7811429989905
33	10401	81.589112238669	1.7774420559893
33	10420	81.619241637641	1.7751823510664
33	10445	81.719017938552	1.7741845880573
33	10465	81.788118175779	1.773493585685
33	10484	81.955003464965	1.7609771889961
33	10509	82.219017938552	1.7583370442602
33	10529	82.263642773301	1.7578907959127
33	10548	82.515061515381	1.7390343902567
33	10573	82.637021376927	1.7378147916413
33	10593	82.719017938552	1.736994826025
33	10612	82.954835985133	1.7193084725314
33	10637	83.135059262429	1.7175062397585
33	10657	83.219017938552	1.7166666529972
33	10676	83.391038045751	1.7037651449573
33	10701	83.498671430526	1.7026888111096
33	10721	83.719017938552	1.7004853460293
33	10740	83.887636575659	1.6878389482463
33	10765	84.219017938552	1.6845251346173
33	10785	84.305340323773	1.6836619107651
33	10804	84.504622329024	1.6687157603713
33	10829	84.694416869235	1.6668178149692
33	10849	84.719017938552	1.666571804276
33	10868	85.169071123374	1.6328178154144
33	10893	85.219017938552	1.6323183472626
33	10913	85.407436461922	1.6304341620289
33	10932	85.696889838947	1.608725158752
33	10957	85.719017938552	1.608503877756
33	10976	86.062543085588	1.5827394917283
33	11001	86.168347023138	1.5816814523528
33	11021	86.219017938552	1.5811747431986
33	11041	86.444533512452	1.5789195874596
33	11060	86.557904103675	1.5704167931179
33	11085	86.670864340373	1.5692871907509
33	11105	86.719017938552	1.5688056547691
33	11124	87.132699637765	1.5377795273282
33	11149	87.219017938552	1.5369163443203
33	11169	87.298801967492	1.5361185040309
33	11188	87.51925245607	1.5195847173875
33	11213	87.719017938552	1.5175870625627
33	11232	87.839389962049	1.5085591608005
33	11257	87.868068485882	1.5082723755621
33	11277	88.17050606328	1.5052479997881
33	11297	88.219017938552	1.5047628810354
33	11316	88.598881169593	1.4762731387073
33	11341	88.719017938552	1.4750717710178
33	11361	88.794262962685	1.4743193207764
33	11380	89.216200496813	1.4426740057168
33	11404	89.219017938552	1.4426458312994
33	11424	89.426146952154	1.4271111552793
33	11449	89.690110764642	1.4244715171544
33	11469	89.719017938552	1.4241824454153
33	11489	89.771958000296	1.4236530447979
33	11508	90.090878185814	1.399734030884
33	11533	90.219017938552	1.3984526333566
33	11553	90.405355971855	1.3965892530236
33	11572	90.664954515544	1.3771193622469
33	11597	90.719017938552	1.3765787280169
33	11617	91.00114317377	1.3737574756647
33	11636	91.119579637328	1.3648747408978
33	11661	91.219017938552	1.3638803578856
33	11681	91.511853114971	1.3609520061214
33	11700	91.705037844831	1.3464631513819
33	11725	91.719017938552	1.3463233504447
33	11745	91.930040510175	1.3442131247285
33	11764	92.040938912982	1.3358957445179
33	11789	92.219017938552	1.3341149542622
33	11809	92.300452007064	1.3333006135771
33	11828	92.404198139345	1.325519653656
33	11853	92.5883603081	1.3236780319685
33	11873	92.719017938552	1.322371455664
33	11892	92.908219227938	1.30818135896
33	11917	93.082921097231	1.3064343402671
33	11937	93.219017938552	1.3050733718539
33	11956	93.406741685697	1.290994090818
33	11981	93.719017938552	1.2878713282894
33	12001	93.884715308238	1.2862143545926
33	12020	94.047071351295	1.2740376513633
33	12045	94.219017938552	1.2723181854907
33	12065	94.443116337051	1.2700772015058
33	12084	94.500085553804	1.2658045102493
33	12109	94.719017938552	1.2636151864018
33	12129	94.796493741673	1.2628404283706
33	12148	95.207336612509	1.2320272130579
33	12173	95.219017938552	1.2319103997975
33	12193	95.398527131312	1.2301153078699
33	12212	95.591459816226	1.2156453565013
33	12237	95.719017938552	1.214369775278
33	12257	95.793427076459	1.213625683899
33	12276	95.853360165374	1.2091307022304
33	12301	95.976796497487	1.2078963389092
33	12321	96.219017938552	1.2054741244986
33	12340	96.341809272391	1.1962647744606
33	12365	96.615800591082	1.1935248612737
33	12385	96.719017938552	1.192492687799
33	12404	97.014377020949	1.1703407566193
33	12429	97.219017938552	1.1682943474432
33	12449	97.239320038807	1.1680913264407
33	12468	97.671643762009	1.1356670472005
33	12493	97.719017938552	1.1351933054351
33	12513	98.050405823429	1.1318794265863
33	12532	98.209803694671	1.1199245862432
33	12556	98.219017938552	1.1198324438044
33	12577	98.461129096699	1.1174113322229
33	12596	98.566305106224	1.1095231315085
33	12621	98.719017938552	1.1079960031852
33	12641	98.738371244342	1.1078024701273
33	12660	99.03624144932	1.085462204754
33	12685	99.146337607958	1.0843612431676
33	12705	99.219017938552	1.0836344398617
33	12724	99.661087371779	1.0504792323697
33	12749	99.719017938552	1.0498999267019
33	12769	99.788211891231	1.0492079871751
33	12788	100.116775755489	1.0245656973558
33	12813	100.219017938552	1.0235432755252
33	12833	100.488757532918	1.0208458795815
33	12852	100.510680469123	1.0192016593661
33	12877	100.719017938552	1.0171182846718
33	12897	100.792383872055	1.0163846253368
33	12916	101.090074569078	0.99405782306007
33	12941	101.219017938552	0.99276838936533
33	12961	101.404930919678	0.99090925955407
33	12980	101.562059962933	0.97912458130995
33	13005	101.719017938552	0.97755500155376
33	13025	102.020953146171	0.97453564947757
33	13044	102.105120711678	0.96822308206454
33	13069	102.219017938552	0.9670841097958
33	13088	102.507040813563	0.94548239416998
33	13113	102.601480957203	0.94453799273358
33	13133	102.694024273091	0.9436125595747
33	13153	102.719017938552	0.94336262292009
33	13172	103.001647787911	0.92216538421816
33	13197	103.219017938552	0.91999168271175
33	13217	103.367103736464	0.91851082473263
33	13236	103.681809174081	0.89490791691136
33	13261	103.719017938552	0.89453582926665
33	13280	103.874130106901	0.88290241664047
33	13305	103.887362792426	0.88277008978522
33	13325	103.982615175926	0.88181756595022
33	13345	104.219017938552	0.87945353832396
33	13364	104.410929667761	0.86506015863329
33	13389	104.719017938552	0.86197927592538
33	13409	104.814505795658	0.86102439735432
33	13428	105.171876100169	0.83422162451599
33	13453	105.219017938552	0.83375020613216
33	13473	105.400107625209	0.83193930926559
33	13492	105.681011929454	0.81087148644722
33	13517	105.719017938552	0.81049142635624
33	13537	105.934622153071	0.80833538421105
33	13556	106.077555778434	0.79761536230882
33	13581	106.219017938552	0.79620074070764
33	13601	106.41310729253	0.79425984716786
33	13620	106.449115127602	0.79155925953746
33	13645	106.719017938552	0.78886023142796
33	13665	106.88175917779	0.78723281903558
33	13684	107.027126415444	0.77633027621153
33	13709	107.219017938552	0.77441136098045
33	13728	107.319264078697	0.76689290046958
33	13753	107.37894382215	0.76629610303505
33	13773	107.719017938552	0.76289536187103
33	13793	107.768549008844	0.76240005116811
33	13812	107.943986026754	0.74924227482486
33	13837	108.153627507192	0.74714586002048
33	13857	108.219017938552	0.74649195570688
33	13876	108.489422553496	0.72621160958608
33	13901	108.719017938552	0.72391565573552
33	13921	108.908865952761	0.72201717559343
33	13940	109.173377004264	0.7021788467307
33	13965	109.219017938552	0.70172243738782
33	13985	109.347856048671	0.70043405628663
33	14004	109.59119372051	0.68218373089871
33	14029	109.719017938552	0.68090548871829
33	14048	110.001693847494	0.65970479554764
33	14073	110.07253505093	0.65899638351328
33	14093	110.219017938552	0.65753155463706
33	14113	110.376913823736	0.65595259578522
33	14132	110.512605385573	0.64577572864744
33	14157	110.699033123803	0.64391145126514
33	14177	110.719017938552	0.64371160311765
33	14196	111.134737707113	0.61253262047558
33	14221	111.219017938552	0.61168981816119
33	14240	111.411018670162	0.59728976329044
33	14265	111.613910612081	0.59526084387125
33	14285	111.719017938552	0.59420977060654
33	14305	111.803585658305	0.59336409340901
33	14324	112.171360980345	0.56578094425601
33	14349	112.219017938552	0.56530437467394
33	14369	112.373162305625	0.56376293100321
33	14388	112.444718897527	0.55839618661056
33	14413	112.630268354611	0.55654069203972
33	14433	112.719017938552	0.55565319620031
33	14452	113.202222280947	0.51941287052068
33	14477	113.219017938552	0.51924491394463
33	14496	113.507942568881	0.49757556666996
33	14520	113.509727232613	0.49755772003264
33	14541	113.618432321389	0.49647066914488
33	14561	113.719017938552	0.49546481297325
33	14580	114.103875467179	0.46660049832622
33	14605	114.219017938552	0.46544907361249
33	14625	114.287088165794	0.46476837134007
33	14644	114.380719659941	0.45774600927905
33	14669	114.650818513137	0.45504502074709
33	14689	114.719017938552	0.45436302649294
33	14708	115.111418810764	0.42493296107704
33	14733	115.219017938552	0.42385696979916
33	14753	115.36131146931	0.42243403449158
33	14772	115.577747712561	0.40620131624775
33	14797	115.719017938552	0.40478861398784
33	14817	115.863402548794	0.40334476788542
33	14836	115.905194233169	0.4002103915573
33	14861	116.116470383656	0.39809763005243
33	14881	116.219017938552	0.39707215450347
33	14900	116.393825225995	0.38396160794524
33	14925	116.719017938552	0.38070968081967
33	14944	116.728763631255	0.38061222389264
33	14964	117.142274044545	0.34959894289589
33	14989	117.219017938552	0.34883150395582
33	15009	117.588040952188	0.34514127381946
33	15028	117.618073726909	0.34288881571539
33	15053	117.719017938552	0.34187937359896
33	15073	117.765311137018	0.3414164416143
33	15092	118.089180876592	0.31712621114625
33	15117	118.219017938552	0.31582784052665
33	15137	118.396357188177	0.3140544480304
33	15156	118.429999439416	0.31153127918747
33	15181	118.583051350423	0.3100007600774
33	15201	118.719017938552	0.30864109419611
33	15220	118.889205487443	0.29587702802929
33	15245	119.219017938552	0.2925789035182
33	15265	119.276174026531	0.29200734263841
33	15284	119.601031643243	0.26764302138501
33	15309	119.719017938552	0.26646315843192
33	15329	119.859680191883	0.26505653589861
33	15348	120.004502017142	0.25419489900418
33	15373	120.219017938552	0.25204973979008
33	15393	120.330895207346	0.25093096710214
33	15412	120.655413352696	0.22659210620089
33	15437	120.719017938552	0.22595606034233
33	15457	120.828949955654	0.22485674017131
33	15476	120.901188243178	0.21943886860701
33	15501	121.059352015321	0.21785723088558
33	15521	121.219017938552	0.21626057165327
33	15540	121.385225487126	0.20379500551022
33	15565	121.680672668097	0.20084053370051
33	15585	121.719017938552	0.20045708099596
33	15604	121.869175162909	0.18919528916919
33	15629	122.111644924049	0.18677059155779
33	15649	122.219017938552	0.18569686141276
33	15668	122.608074202852	0.15651764159026
33	15693	122.719017938552	0.15540820423326
33	15712	122.831423124855	0.14697781526053
33	15737	123.084471650598	0.1444473300031
33	15757	123.219017938552	0.14310186712356
33	15777	123.237777892955	0.14291426757953
33	15796	123.618039633611	0.11439463703033
33	15821	123.719017938552	0.11338485398092
33	15840	123.856280401999	0.1030901692224
33	15865	124.017729750545	0.10147567573694
33	15885	124.219017938552	0.099462793856865
33	15905	124.317992964936	0.098473043593025
33	15924	124.406222136316	0.091855855739525
33	15949	124.539815777343	0.090519919329255
33	15969	124.719017938552	0.088727897717165
33	15988	125.118943705221	0.05873346521699
33	16013	125.219017938552	0.05773272288368
33	16033	125.440045360931	0.05552244865989
33	16052	125.61191944191	0.042631892586465
33	16072	125.719017938552	0.041560907620045
33	16090	126.053032367488	0.016509825449845
33	16110	126.219017938552	0.014849969739205
33	16128	126.337487792966	0.0059647306581554
33	16148	126.719017938552	0.0021494292022954
33	16166	127.204016491955	0
34	36	0.219017938552	1
34	48	0.438031780654	1
34	80	0.719017938552	2
34	92	0.841703128842	2
34	124	0.895189648484	1
34	144	1.219017938552	3
34	164	1.327616901593	2
34	176	1.428080456358	3
34	208	1.681905732014	3
34	228	1.719017938552	4
34	240	2.010083983214	4
34	272	2.219017938552	5
34	292	2.427222663713	4
34	304	2.643885429137	5
34	336	2.719017938552	6
34	356	2.955892064877	5
34	368	3.011008807112	6
34	400	3.219017938552	7
34	420	3.338675299742	6
34	432	3.476131855817	7
34	464	3.719017938552	8
34	484	3.946819176236	7
34	496	4.153449446083	8
34	528	4.219017938552	9
34	548	4.282312536695	8
34	560	4.453976403204	9
34	592	4.589276789119	9
34	612	4.719017938552	10
34	624	5.078286689174	10
34	656	5.18682271595	10
34	676	5.219017938552	11
34	688	5.466314553496	11
34	720	5.719017938552	12
34	740	5.89981115776	11
34	752	6.201880000279	12
34	784	6.219017938552	13
34	796	6.375158249521	13
34	828	6.613591370162	12
34	848	6.719017938552	14
34	868	6.823611774751	13
34	880	7.167052838978	14
34	912	7.219017938552	15
34	924	7.508461154559	15
34	956	7.658948843264	14
34	976	7.719017938552	16
34	996	7.928573247221	15
34	1008	8.139382239551	16
34	1040	8.219017938552	17
34	1060	8.424422651798	16
34	1072	8.527208930747	17
34	1104	8.719017938552	18
34	1124	8.939869268135	17
34	1136	9.090569752016	18
34	1168	9.219017938552	19
34	1188	9.238328188647	18
34	1200	9.607270999187	19
34	1232	9.719017938552	20
34	1252	9.963688073111	19
34	1264	10.051825855047	20
34	1296	10.209615836375	20
34	1315	10.219017938552	21
34	1328	10.533967229844	21
34	1360	10.719017938552	22
34	1380	11.012283464418	21
34	1392	11.122464186725	22
34	1425	11.219017938552	23
34	1437	11.361380981122	23
34	1469	11.431652185124	22
34	1489	11.627694424697	23
34	1509	11.719017938552	24
34	1521	12.008458107644	24
34	1553	12.214729019337	24
34	1572	12.219017938552	25
34	1585	12.393550876369	25
34	1617	12.719017938552	26
34	1637	12.803693018098	25
34	1649	13.11378520972	26
34	1681	13.219017938552	27
34	1701	13.396694011231	26
34	1712	13.405638081235	27
34	1745	13.719017938552	28
34	1765	13.733460327693	27
34	1777	13.873105207858	28
34	1809	13.981069794194	28
34	1829	14.219017938552	29
34	1841	14.448674340201	29
34	1873	14.719017938552	30
34	1893	14.796177207669	29
34	1905	14.878887884066	30
34	1937	15.219017938552	31
34	1956	15.224174840179	30
34	1969	15.407946492759	31
34	2001	15.719017938552	32
34	2021	15.755168759347	31
34	2033	15.973613529773	32
34	2065	16.219017938552	33
34	2085	16.451561427013	32
34	2097	16.680057327104	33
34	2129	16.719017938552	34
34	2141	16.998997934376	34
34	2173	17.05323411337	33
34	2193	17.219017938552	35
34	2213	17.243249762327	34
34	2225	17.56424332329	35
34	2257	17.719017938552	36
34	2277	17.839504771483	35
34	2289	18.179957369835	36
34	2321	18.219017938552	37
34	2333	18.358730079168	37
34	2365	18.483268932895	37
34	2385	18.559458515131	36
34	2405	18.719017938552	38
34	2417	19.206941565991	38
34	2449	19.219017938552	39
34	2469	19.57409691763	38
34	2480	19.580273951431	39
34	2513	19.719017938552	40
34	2525	19.887381773003	40
34	2557	19.948977768038	39
34	2577	20.071983464797	40
34	2597	20.219017938552	41
34	2609	20.462278806631	41
34	2641	20.614297993098	41
34	2661	20.719017938552	42
34	2673	21.119292394099	42
34	2705	21.219017938552	43
34	2725	21.345912401089	42
34	2737	21.562150205233	43
34	2769	21.719017938552	44
34	2789	21.808083181725	43
34	2801	21.949036829573	44
34	2833	22.219017938552	45
34	2853	22.277564207081	44
34	2865	22.334388108765	45
34	2897	22.61027738125	45
34	2917	22.719017938552	46
34	2929	23.072727559813	46
34	2961	23.219017938552	47
34	2981	23.568525759679	46
34	2993	23.702597646256	47
34	3025	23.719017938552	48
34	3045	23.84386423611	47
34	3057	24.080134066128	48
34	3089	24.219017938552	49
34	3109	24.264133436688	48
34	3121	24.573041489375	49
34	3153	24.719017938552	50
34	3173	24.73801396097	49
34	3185	25.217137764794	50
34	3216	25.219017938552	51
34	3229	25.551758071435	51
34	3261	25.578829760746	50
34	3281	25.719017938552	52
34	3301	25.753523379089	51
34	3313	25.984765373756	52
34	3345	26.219017938552	53
34	3365	26.271738350008	52
34	3377	26.508896940601	53
34	3409	26.70711584295	53
34	3429	26.719017938552	54
34	3441	27.068421980952	54
34	3473	27.219017938552	55
34	3493	27.232458482672	54
34	3505	27.454220985555	55
34	3537	27.598819708348	55
34	3557	27.719017938552	56
34	3569	28.088918867455	56
34	3601	28.219017938552	57
34	3613	28.445898636458	57
34	3644	28.451899371379	56
34	3665	28.601620483389	57
34	3685	28.719017938552	58
34	3697	29.130356131242	58
34	3729	29.219017938552	59
34	3749	29.30943774105	58
34	3761	29.698846359112	59
34	3793	29.719017938552	60
34	3813	29.946785092529	59
34	3825	30.084028685772	60
34	3857	30.219017938552	61
34	3869	30.324446595301	61
34	3901	30.463735770889	61
34	3921	30.512874645264	60
34	3941	30.719017938552	62
34	3953	31.068156375856	62
34	3985	31.219017938552	63
34	4005	31.503783005652	62
34	4017	31.588481790972	63
34	4049	31.719017938552	64
34	4068	31.727369818547	63
34	4081	32.207795938131	64
34	4113	32.219017938552	65
34	4125	32.670295325973	65
34	4157	32.698828391347	64
34	4177	32.719017938552	66
34	4197	32.958204472427	65
34	4209	33.02286768726	66
34	4241	33.219017938552	67
34	4253	33.34130381572	67
34	4285	33.514020790708	66
34	4305	33.683690690053	67
34	4325	33.719017938552	68
34	4337	33.999481624112	68
34	4369	34.219017938552	69
34	4381	34.327013007485	69
34	4413	34.395635723777	68
34	4433	34.443136790198	69
34	4453	34.719017938552	70
34	4465	34.99570230714	70
34	4497	35.209273758055	70
34	4516	35.219017938552	71
34	4529	35.710852630743	71
34	4560	35.719017938552	72
34	4581	35.859379923706	71
34	4593	35.962795726144	72
34	4625	36.181700472989	72
34	4645	36.219017938552	73
34	4657	36.511375353047	73
34	4689	36.65931510589	73
34	4709	36.719017938552	74
34	4721	37.094482413054	74
34	4753	37.219017938552	75
34	4773	37.322124349501	74
34	4785	37.671208295812	75
34	4817	37.719017938552	76
34	4837	37.937362158288	75
34	4849	38.186312127699	76
34	4881	38.219017938552	77
34	4901	38.312419795234	76
34	4913	38.405746791818	77
34	4945	38.719017938552	78
34	4965	38.783184306685	77
34	4977	39.045093484809	78
34	5009	39.219017938552	79
34	5029	39.37218273132	78
34	5041	39.665058964145	79
34	5073	39.719017938552	80
34	5093	39.871663427715	79
34	5105	40.022605522935	80
34	5137	40.219017938552	81
34	5157	40.332353411232	80
34	5169	40.685707121183	81
34	5201	40.719017938552	82
34	5221	40.823731990707	81
34	5233	41.187480983351	82
34	5265	41.219017938552	83
34	5277	41.352262933207	83
34	5309	41.518308248546	82
34	5329	41.719017938552	84
34	5349	41.824430079469	83
34	5361	41.930105364163	84
34	5393	42.157981613268	84
34	5413	42.219017938552	85
34	5425	42.32276061925	85
34	5457	42.690173436877	85
34	5477	42.719017938552	86
34	5489	43.155954770212	86
34	5521	43.219017938552	87
34	5541	43.309122582142	86
34	5553	43.577887593982	87
34	5585	43.719017938552	88
34	5605	43.964867140249	87
34	5617	44.155572387417	88
34	5649	44.219017938552	89
34	5669	44.371783490934	88
34	5681	44.424910004278	89
34	5713	44.598635216792	89
34	5733	44.719017938552	90
34	5745	44.978146239211	90
34	5777	45.219017938552	91
34	5797	45.313200079546	90
34	5809	45.540146532216	91
34	5841	45.648638219562	91
34	5861	45.719017938552	92
34	5873	45.884994122786	92
34	5905	46.219017938552	93
34	5925	46.317018801243	92
34	5937	46.466941176848	93
34	5969	46.56926803681	93
34	5989	46.719017938552	94
34	6001	46.877594643858	94
34	6033	47.219017938552	95
34	6053	47.249169926707	94
34	6065	47.546865300302	95
34	6097	47.719017938552	96
34	6117	47.755317154888	95
34	6129	48.10051285087	96
34	6161	48.219017938552	97
34	6173	48.434408511528	97
34	6205	48.495039126173	96
34	6225	48.719017938552	98
34	6245	48.919732596622	97
34	6257	48.992333164093	98
34	6289	49.19228308712	98
34	6309	49.219017938552	99
34	6321	49.621460615125	99
34	6353	49.719017938552	100
34	6373	49.952372216609	99
34	6385	49.977457249844	100
34	6417	50.219017938552	101
34	6437	50.314722687555	100
34	6449	50.677433294271	101
34	6481	50.719017938552	102
34	6501	51.006782721997	101
34	6513	51.074586370614	102
34	6545	51.219017938552	103
34	6565	51.264267690003	102
34	6577	51.675639710882	103
34	6609	51.719017938552	104
34	6621	52.091040167705	104
34	6653	52.157187981707	103
34	6673	52.219017938552	105
34	6693	52.370338986245	104
34	6705	52.498697031316	105
34	6737	52.719017938552	106
34	6757	52.937709164888	105
34	6769	53.210446308115	106
34	6800	53.219017938552	107
34	6813	53.365498702534	107
34	6845	53.584922150325	107
34	6864	53.590686686234	106
34	6885	53.719017938552	108
34	6897	54.125827419599	108
34	6929	54.219017938552	109
34	6941	54.483745995284	109
34	6973	54.551795214591	108
34	6993	54.719017938552	110
34	7013	54.742796957948	109
34	7025	55.08919356943	110
34	7057	55.219017938552	111
34	7069	55.418936448571	111
34	7101	55.542083516893	110
34	7121	55.719017938552	112
34	7141	55.751894266055	111
34	7153	55.944305271403	112
34	7185	56.219017938552	113
34	7205	56.397448082351	112
34	7217	56.705184425999	113
34	7249	56.719017938552	114
34	7261	57.054403971908	114
34	7293	57.082645729732	113
34	7313	57.219017938552	115
34	7333	57.444954351605	114
34	7345	57.582885304214	115
34	7377	57.719017938552	116
34	7397	57.883863724572	115
34	7409	58.032300439225	116
34	7441	58.219017938552	117
34	7453	58.411231147804	117
34	7485	58.515182562256	116
34	7505	58.719017938552	118
34	7525	58.76927589354	117
34	7537	58.976965655413	118
34	7569	59.219017938552	119
34	7589	59.24695634012	118
34	7601	59.566541362953	119
34	7633	59.719017938552	120
34	7653	59.909547316831	119
34	7665	60.008964947172	120
34	7697	60.11709089455	120
34	7717	60.219017938552	121
34	7729	60.507070813914	121
34	7761	60.719017938552	122
34	7780	60.728149407533	121
34	7793	61.105447751963	122
34	7825	61.219017938552	123
34	7837	61.434214340084	123
34	7869	61.46996583444	122
34	7889	61.650694051188	123
34	7909	61.719017938552	124
34	7921	61.972402828959	124
34	7953	62.219017938552	125
34	7973	62.32005766685	124
34	7985	62.618685872973	125
34	8017	62.719017938552	126
34	8037	62.890642019537	125
34	8049	63.170398815003	126
34	8081	63.219017938552	127
34	8101	63.325037109562	126
34	8113	63.360163282537	127
34	8145	63.579924880796	127
34	8165	63.719017938552	128
34	8177	63.855967493196	128
34	8209	64.184402124946	128
34	8229	64.219017938552	129
34	8241	64.460636604325	129
34	8273	64.719017938552	130
34	8293	64.797434376636	129
34	8305	65.039744440586	130
34	8337	65.219017938552	131
34	8349	65.332467976053	131
34	8381	65.36992321004	130
34	8401	65.694196969353	131
34	8421	65.719017938552	132
34	8433	66.206602644947	132
34	8465	66.219017938552	133
34	8477	66.44741683605	133
34	8509	66.567892621819	132
34	8529	66.719017938552	134
34	8548	66.720432876971	133
34	8561	66.907523011629	134
34	8593	67.219017938552	135
34	8613	67.366590318073	134
34	8624	67.375523499706	135
34	8657	67.622996915494	135
34	8677	67.719017938552	136
34	8689	67.857921909195	136
34	8721	68.132716544055	136
34	8741	68.219017938552	137
34	8753	68.712634832718	137
34	8784	68.719017938552	138
34	8797	68.923154309978	138
34	8829	69.169852843125	137
34	8849	69.219017938552	139
34	8869	69.346080573824	138
34	8881	69.53382694547	139
34	8913	69.719017938552	140
34	8933	69.915831046821	139
34	8945	69.998188408026	140
34	8977	70.138727829782	140
34	8997	70.219017938552	141
34	9009	70.35884557248	141
34	9041	70.719017938552	142
34	9061	70.8270872848	141
34	9073	70.959942602766	142
34	9105	71.219017938552	143
34	9125	71.346087789246	142
34	9137	71.50671760722	143
34	9169	71.719017938552	144
34	9189	72.006705075492	143
34	9201	72.155473990486	144
34	9233	72.219017938552	145
34	9253	72.315701979481	144
34	9265	72.680877036256	145
34	9297	72.719017938552	146
34	9309	72.834041692344	146
34	9341	72.999487532013	146
34	9361	73.128576127616	145
34	9381	73.219017938552	147
34	9393	73.522344118663	147
34	9425	73.719017938552	148
34	9445	73.869016612776	147
34	9457	73.88575694573	148
34	9489	74.035733605818	148
34	9509	74.219017938552	149
34	9521	74.630638345824	149
34	9553	74.719017938552	150
34	9573	75.070290303872	149
34	9585	75.16499125569	150
34	9617	75.219017938552	151
34	9629	75.483576628313	151
34	9661	75.588367506944	150
34	9681	75.719017938552	152
34	9701	75.81166559317	151
34	9713	75.875006971815	152
34	9745	76.138328958013	152
34	9765	76.219017938552	153
34	9777	76.332306893104	153
34	9809	76.460422356323	153
34	9829	76.719017938552	154
34	9841	77.212047921241	154
34	9872	77.219017938552	155
34	9885	77.468334239655	155
34	9917	77.591468097352	154
34	9937	77.719017938552	156
34	9957	77.750199978881	155
34	9969	77.98704808562	156
34	10001	78.219017938552	157
34	10013	78.339253183668	157
34	10045	78.376318994806	156
34	10065	78.719017938552	158
34	10085	78.786254781195	157
34	10097	78.965216378429	158
34	10129	79.219017938552	159
34	10141	79.325669126333	159
34	10173	79.455873650395	158
34	10193	79.719017938552	160
34	10213	79.768439130661	159
34	10225	79.911314875194	160
34	10257	80.016449174927	160
34	10277	80.219017938552	161
34	10289	80.624982617729	161
34	10321	80.719017938552	162
34	10341	80.869422508486	161
34	10353	81.196667346851	162
34	10385	81.219017938552	163
34	10405	81.589112238669	162
34	10417	81.619017637641	163
34	10449	81.719017938552	164
34	10469	81.788118175779	163
34	10481	81.954779464965	164
34	10513	82.219017938552	165
34	10533	82.263642773301	164
34	10545	82.514837515381	165
34	10577	82.637021376927	165
34	10597	82.719017938552	166
34	10609	82.954611985133	166
34	10641	83.135059262429	166
34	10661	83.219017938552	167
34	10673	83.390814045751	167
34	10705	83.498671430526	167
34	10725	83.719017938552	168
34	10737	83.887412575659	168
34	10769	84.219017938552	169
34	10789	84.305340323773	168
34	10801	84.504398329024	169
34	10833	84.694416869235	169
34	10853	84.719017938552	170
34	10865	85.168847123374	170
34	10897	85.219017938552	171
34	10917	85.407436461922	170
34	10929	85.696665838947	171
34	10961	85.719017938552	172
34	10973	86.062319085588	172
34	11005	86.168347023138	171
34	11025	86.219017938552	173
34	11045	86.444533512452	172
34	11057	86.557680103675	173
34	11089	86.670864340373	173
34	11109	86.719017938552	174
34	11121	87.132475637765	174
34	11153	87.219017938552	175
34	11173	87.298801967492	174
34	11185	87.51902845607	175
34	11217	87.719017938552	176
34	11229	87.839165962049	176
34	11261	87.868068485882	175
34	11281	88.17050606328	176
34	11301	88.219017938552	177
34	11313	88.598657169593	177
34	11345	88.719017938552	178
34	11365	88.794262962685	177
34	11377	89.215976496813	178
34	11408	89.219017938552	179
34	11421	89.425922952154	179
34	11453	89.690110764642	178
34	11473	89.719017938552	180
34	11493	89.771958000296	179
34	11505	90.090654185814	180
34	11537	90.219017938552	181
34	11557	90.405355971855	180
34	11569	90.664730515544	181
34	11601	90.719017938552	182
34	11621	91.00114317377	181
34	11633	91.119355637328	182
34	11665	91.219017938552	183
34	11685	91.511853114971	182
34	11697	91.704813844831	183
34	11729	91.719017938552	184
34	11749	91.930040510175	183
34	11761	92.040714912982	184
34	11793	92.219017938552	185
34	11813	92.300452007064	184
34	11825	92.403974139345	185
34	11857	92.5883603081	185
34	11877	92.719017938552	186
34	11889	92.907995227938	186
34	11921	93.082921097231	186
34	11941	93.219017938552	187
34	11953	93.406517685697	187
34	11985	93.719017938552	188
34	12005	93.884715308238	187
34	12017	94.046847351295	188
34	12049	94.219017938552	189
34	12069	94.443116337051	188
34	12081	94.499861553804	189
34	12113	94.719017938552	190
34	12133	94.796493741673	189
34	12145	95.207112612509	190
34	12177	95.219017938552	191
34	12197	95.398527131312	190
34	12209	95.591235816226	191
34	12241	95.719017938552	192
34	12261	95.793427076459	191
34	12273	95.853136165374	192
34	12305	95.976796497487	192
34	12325	96.219017938552	193
34	12337	96.341585272391	193
34	12369	96.615800591082	193
34	12389	96.719017938552	194
34	12401	97.014153020949	194
34	12433	97.219017938552	195
34	12453	97.239320038807	194
34	12465	97.671419762009	195
34	12497	97.719017938552	196
34	12517	98.050405823429	195
34	12529	98.209579694671	196
34	12560	98.219017938552	197
34	12581	98.461129096699	196
34	12593	98.566081106224	197
34	12625	98.719017938552	198
34	12645	98.738371244342	197
34	12657	99.03601744932	198
34	12689	99.146337607958	198
34	12709	99.219017938552	199
34	12721	99.660863371779	199
34	12753	99.719017938552	200
34	12773	99.788211891231	199
34	12785	100.116551755489	200
34	12817	100.219017938552	201
34	12837	100.488757532918	200
34	12849	100.510456469123	201
34	12881	100.719017938552	202
34	12901	100.792383872055	201
34	12913	101.089850569078	202
34	12945	101.219017938552	203
34	12965	101.404930919678	202
34	12977	101.561835962933	203
34	13009	101.719017938552	204
34	13029	102.020953146171	203
34	13041	102.104896711678	204
34	13073	102.219017938552	205
34	13085	102.506816813563	205
34	13117	102.601480957203	204
34	13137	102.694024273091	205
34	13157	102.719017938552	206
34	13169	103.001423787911	206
34	13201	103.219017938552	207
34	13221	103.367103736464	206
34	13233	103.681585174081	207
34	13265	103.719017938552	208
34	13277	103.873906106901	208
34	13309	103.887362792426	207
34	13329	103.982615175926	208
34	13349	104.219017938552	209
34	13361	104.410705667761	209
34	13393	104.719017938552	210
34	13413	104.814505795658	209
34	13425	105.171652100169	210
34	13457	105.219017938552	211
34	13477	105.400107625209	210
34	13489	105.680787929454	211
34	13521	105.719017938552	212
34	13541	105.934622153071	211
34	13553	106.077331778434	212
34	13585	106.219017938552	213
34	13605	106.41310729253	212
34	13617	106.448891127602	213
34	13649	106.719017938552	214
34	13669	106.88175917779	213
34	13681	107.026902415444	214
34	13713	107.219017938552	215
34	13725	107.319040078697	215
34	13757	107.37894382215	214
34	13777	107.719017938552	216
34	13797	107.768549008844	215
34	13809	107.943762026754	216
34	13841	108.153627507192	216
34	13861	108.219017938552	217
34	13873	108.489198553496	217
34	13905	108.719017938552	218
34	13925	108.908865952761	217
34	13937	109.173153004264	218
34	13969	109.219017938552	219
34	13989	109.347856048671	218
34	14001	109.59096972051	219
34	14033	109.719017938552	220
34	14045	110.001469847494	220
34	14077	110.07253505093	219
34	14097	110.219017938552	221
34	14117	110.376913823736	220
34	14129	110.512381385573	221
34	14161	110.699033123803	221
34	14181	110.719017938552	222
34	14193	111.134513707113	222
34	14225	111.219017938552	223
34	14237	111.410794670162	223
34	14269	111.613910612081	222
34	14289	111.719017938552	224
34	14309	111.803585658305	223
34	14321	112.171136980345	224
34	14353	112.219017938552	225
34	14373	112.373162305625	224
34	14385	112.444494897527	225
34	14417	112.630268354611	225
34	14437	112.719017938552	226
34	14449	113.201998280947	226
34	14481	113.219017938552	227
34	14493	113.507718568881	227
34	14524	113.509727232613	226
34	14545	113.618432321389	227
34	14565	113.719017938552	228
34	14577	114.103651467179	228
34	14609	114.219017938552	229
34	14629	114.287088165794	228
34	14641	114.380495659941	229
34	14673	114.650818513137	229
34	14693	114.719017938552	230
34	14705	115.111194810764	230
34	14737	115.219017938552	231
34	14757	115.36131146931	230
34	14769	115.577523712561	231
34	14801	115.719017938552	232
34	14821	115.863402548794	231
34	14833	115.904970233169	232
34	14865	116.116470383656	232
34	14885	116.219017938552	233
34	14897	116.393601225995	233
34	14929	116.719017938552	234
34	14948	116.728763631255	233
34	14961	117.142050044545	234
34	14993	117.219017938552	235
34	15013	117.588040952188	234
34	15025	117.617849726909	235
34	15057	117.719017938552	236
34	15077	117.765311137018	235
34	15089	118.088956876592	236
34	15121	118.219017938552	237
34	15141	118.396357188177	236
34	15153	118.429775439416	237
34	15185	118.583051350423	237
34	15205	118.719017938552	238
34	15217	118.888981487443	238
34	15249	119.219017938552	239
34	15269	119.276174026531	238
34	15281	119.600807643243	239
34	15313	119.719017938552	240
34	15333	119.859680191883	239
34	15345	120.004278017142	240
34	15377	120.219017938552	241
34	15397	120.330895207346	240
34	15409	120.655189352696	241
34	15441	120.719017938552	242
34	15461	120.828949955654	241
34	15473	120.900964243178	242
34	15505	121.059352015321	242
34	15525	121.219017938552	243
34	15537	121.385001487126	243
34	15569	121.680672668097	243
34	15589	121.719017938552	244
34	15601	121.868951162909	244
34	15633	122.111644924049	244
34	15653	122.219017938552	245
34	15665	122.607850202852	245
34	15697	122.719017938552	246
34	15709	122.831199124855	246
34	15741	123.084471650598	245
34	15761	123.219017938552	247
34	15781	123.237777892955	246
34	15793	123.617815633611	247
34	15825	123.719017938552	248
34	15837	123.856056401999	248
34	15869	124.017729750545	247
34	15889	124.219017938552	249
34	15909	124.317992964936	248
34	15921	124.405998136316	249
34	15953	124.539815777343	249
34	15973	124.719017938552	250
34	15985	125.118719705221	250
34	16017	125.219017938552	251
34	16037	125.440045360931	250
34	16049	125.61169544191	251
34	16076	125.719017938552	252
34	16087	126.052808367488	252
34	16114	126.219017938552	253
34	16125	126.337263792966	253
34	16152	126.719017938552	254
34	16163	127.203792491955	254
35	40	0.438031780654	8
35	84	0.841703128842	8
35	168	1.428080456358	8
35	232	2.010083983214	8
35	296	2.643885429137	8
35	360	3.011008807112	8
35	424	3.476131855817	8
35	488	4.153449446083	8
35	552	4.453976403204	8
35	616	5.078286689174	8
35	680	5.466314553496	8
35	744	6.201880000279	8
35	788	6.375158249521	8
35	872	7.167052838978	8
35	916	7.508461154559	8
35	1000	8.139382239551	8
35	1064	8.527208930747	8
35	1128	9.090569752016	8
35	1192	9.607270999187	8
35	1256	10.051825855047	8
35	1320	10.533967229844	8
35	1384	11.122464186725	8
35	1429	11.361380981122	8
35	1513	12.008458107644	8
35	1577	12.393550876369	8
35	1641	13.11378520972	8
35	1704	13.405638081235	8
35	1769	13.873105207858	8
35	1833	14.448674340201	8
35	1897	14.878887884066	8
35	1961	15.407946492759	8
35	2025	15.973613529773	8
35	2089	16.680057327104	8
35	2133	16.998997934376	8
35	2217	17.56424332329	8
35	2281	18.179957369835	8
35	2325	18.358730079168	8
35	2409	19.206941565991	8
35	2472	19.580273951431	8
35	2517	19.887381773003	8
35	2601	20.462278806631	8
35	2665	21.119292394099	8
35	2729	21.562150205233	8
35	2793	21.949036829573	8
35	2857	22.334388108765	8
35	2921	23.072727559813	8
35	2985	23.702597646256	8
35	3049	24.080134066128	8
35	3113	24.573041489375	8
35	3177	25.217137764794	8
35	3221	25.551758071435	8
35	3305	25.984765373756	8
35	3369	26.508896940601	8
35	3433	27.068421980952	8
35	3497	27.454220985555	8
35	3561	28.088918867455	8
35	3605	28.445898636458	8
35	3689	29.130356131242	8
35	3753	29.698846359112	8
35	3817	30.084028685772	8
35	3861	30.324446595301	8
35	3945	31.068156375856	8
35	4009	31.588481790972	8
35	4073	32.207795938131	8
35	4117	32.670295325973	8
35	4201	33.02286768726	8
35	4245	33.34130381572	8
35	4329	33.999481624112	8
35	4373	34.327013007485	8
35	4457	34.99570230714	8
35	4521	35.710852630743	8
35	4585	35.962795726144	8
35	4649	36.511375353047	8
35	4713	37.094482413054	8
35	4777	37.671208295812	8
35	4841	38.186312127699	8
35	4905	38.405746791818	8
35	4969	39.045093484809	8
35	5033	39.665058964145	8
35	5097	40.022605522935	8
35	5161	40.685707121183	8
35	5225	41.187480983351	8
35	5269	41.352262933207	8
35	5353	41.930105364163	8
35	5417	42.32276061925	8
35	5481	43.155954770212	8
35	5545	43.577887593982	8
35	5609	44.155572387417	8
35	5673	44.424910004278	8
35	5737	44.978146239211	8
35	5801	45.540146532216	8
35	5865	45.884994122786	8
35	5929	46.466941176848	8
35	5993	46.877594643858	8
35	6057	47.546865300302	8
35	6121	48.10051285087	8
35	6165	48.434408511528	8
35	6249	48.992333164093	8
35	6313	49.621460615125	8
35	6377	49.977457249844	8
35	6441	50.677433294271	8
35	6505	51.074586370614	8
35	6569	51.675639710882	8
35	6613	52.091040167705	8
35	6697	52.498697031316	8
35	6761	53.210446308115	8
35	6805	53.365498702534	8
35	6889	54.125827419599	8
35	6933	54.483745995284	8
35	7017	55.08919356943	8
35	7061	55.418936448571	8
35	7145	55.944305271403	8
35	7209	56.705184425999	8
35	7253	57.054403971908	8
35	7337	57.582885304214	8
35	7401	58.032300439225	8
35	7445	58.411231147804	8
35	7529	58.976965655413	8
35	7593	59.566541362953	8
35	7657	60.008964947172	8
35	7721	60.507070813914	8
35	7785	61.105447751963	8
35	7829	61.434214340084	8
35	7913	61.972402828959	8
35	7977	62.618685872973	8
35	8041	63.170398815003	8
35	8105	63.360163282537	8
35	8169	63.855967493196	8
35	8233	64.460636604325	8
35	8297	65.039744440586	8
35	8341	65.332467976053	8
35	8425	66.206602644947	8
35	8469	66.44741683605	8
35	8553	66.907523011629	8
35	8616	67.375523499706	8
35	8681	67.857921909195	8
35	8745	68.712634832718	8
35	8789	68.923154309978	8
35	8873	69.53382694547	8
35	8937	69.998188408026	8
35	9001	70.35884557248	8
35	9065	70.959942602766	8
35	9129	71.50671760722	8
35	9193	72.155473990486	8
35	9257	72.680877036256	8
35	9301	72.834041692344	8
35	9385	73.522344118663	8
35	9449	73.88575694573	8
35	9513	74.630638345824	8
35	9577	75.16499125569	8
35	9621	75.483576628313	8
35	9705	75.875006971815	8
35	9769	76.332306893104	8
35	9833	77.212047921241	8
35	9877	77.468334239655	8
35	9961	77.98704808562	8
35	10005	78.339253183668	8
35	10089	78.965216378429	8
35	10133	79.325669126333	8
35	10217	79.911314875194	8
35	10281	80.624982617729	8
35	10345	81.196667346851	8
35	10409	81.619017637641	8
35	10473	81.954779464965	8
35	10537	82.514837515381	8
35	10601	82.954611985133	8
35	10665	83.390814045751	8
35	10729	83.887412575659	8
35	10793	84.504398329024	8
35	10857	85.168847123374	8
35	10921	85.696665838947	8
35	10965	86.062319085588	8
35	11049	86.557680103675	8
35	11113	87.132475637765	8
35	11177	87.51902845607	8
35	11221	87.839165962049	8
35	11305	88.598657169593	8
35	11369	89.215976496813	8
35	11413	89.425922952154	8
35	11497	90.090654185814	8
35	11561	90.664730515544	8
35	11625	91.119355637328	8
35	11689	91.704813844831	8
35	11753	92.040714912982	8
35	11817	92.403974139345	8
35	11881	92.907995227938	8
35	11945	93.406517685697	8
35	12009	94.046847351295	8
35	12073	94.499861553804	8
35	12137	95.207112612509	8
35	12201	95.591235816226	8
35	12265	95.853136165374	8
35	12329	96.341585272391	8
35	12393	97.014153020949	8
35	12457	97.671419762009	8
35	12521	98.209579694671	8
35	12585	98.566081106224	8
35	12649	99.03601744932	8
35	12713	99.660863371779	8
35	12777	100.116551755489	8
35	12841	100.510456469123	8
35	12905	101.089850569078	8
35	12969	101.561835962933	8
35	13033	102.104896711678	8
35	13077	102.506816813563	8
35	13161	103.001423787911	8
35	13225	103.681585174081	8
35	13269	103.873906106901	8
35	13353	104.410705667761	8
35	13417	105.171652100169	8
35	13481	105.680787929454	8
35	13545	106.077331778434	8
35	13609	106.448891127602	8
35	13673	107.026902415444	8
35	13717	107.319040078697	8
35	13801	107.943762026754	8
35	13865	108.489198553496	8
35	13929	109.173153004264	8
35	13993	109.59096972051	8
35	14037	110.001469847494	8
35	14121	110.512381385573	8
35	14185	111.134513707113	8
35	14229	111.410794670162	8
35	14313	112.171136980345	8
35	14377	112.444494897527	8
35	14441	113.201998280947	8
35	14485	113.507718568881	8
35	14569	114.103651467179	8
35	14633	114.380495659941	8
35	14697	115.111194810764	8
35	14761	115.577523712561	8
35	14825	115.904970233169	8
35	14889	116.393601225995	8
35	14953	117.142050044545	8
35	15017	117.617849726909	8
35	15081	118.088956876592	8
35	15145	118.429775439416	8
35	15209	118.888981487443	8
35	15273	119.600807643243	8
35	15337	120.004278017142	8
35	15401	120.655189352696	8
35	15465	120.900964243178	8
35	15529	121.385001487126	8
35	15593	121.868951162909	8
35	15657	122.607850202852	8
35	15701	122.831199124855	8
35	15785	123.617815633611	8
35	15829	123.856056401999	8
35	15913	124.405998136316	8
35	15977	125.118719705221	8
35	16041	125.61169544191	8
35	16079	126.052808367488	8
35	16117	126.337263792966	8
35	16155	127.203792491955	8
36	35	0.219017938552	8
36	46	0.438031780654	8
36	79	0.719017938552	8
36	90	0.841703128842	8
36	123	0.895189648484	8
36	143	1.219017938552	8
36	163	1.327616901593	8
36	174	1.428080456358	8
36	207	1.681905732014	8
36	227	1.719017938552	8
36	238	2.010083983214	8
36	271	2.219017938552	8
36	291	2.427222663713	8
36	302	2.643885429137	8
36	335	2.719017938552	8
36	355	2.955892064877	8
36	366	3.011008807112	8
36	399	3.219017938552	8
36	419	3.338675299742	8
36	430	3.476131855817	8
36	463	3.719017938552	8
36	483	3.946819176236	8
36	494	4.153449446083	8
36	527	4.219017938552	8
36	547	4.282312536695	8
36	558	4.453976403204	8
36	591	4.589276789119	8
36	611	4.719017938552	8
36	622	5.078286689174	8
36	655	5.18682271595	8
36	675	5.219017938552	8
36	686	5.466314553496	8
36	719	5.719017938552	8
36	739	5.89981115776	8
36	750	6.201880000279	8
36	783	6.219017938552	8
36	794	6.375158249521	8
36	827	6.613591370162	8
36	847	6.719017938552	8
36	867	6.823611774751	8
36	878	7.167052838978	8
36	911	7.219017938552	8
36	922	7.508461154559	8
36	955	7.658948843264	8
36	975	7.719017938552	8
36	995	7.928573247221	8
36	1006	8.139382239551	8
36	1039	8.219017938552	8
36	1059	8.424422651798	8
36	1070	8.527208930747	8
36	1103	8.719017938552	8
36	1123	8.939869268135	8
36	1134	9.090569752016	8
36	1167	9.219017938552	8
36	1187	9.238328188647	8
36	1198	9.607270999187	8
36	1231	9.719017938552	8
36	1251	9.963688073111	8
36	1262	10.051825855047	8
36	1295	10.209615836375	8
36	1314	10.219017938552	8
36	1326	10.533967229844	8
36	1359	10.719017938552	8
36	1379	11.012283464418	8
36	1390	11.122464186725	8
36	1424	11.219017938552	8
36	1435	11.361380981122	8
36	1468	11.431652185124	8
36	1488	11.627694424697	8
36	1508	11.719017938552	8
36	1519	12.008458107644	8
36	1552	12.214729019337	8
36	1571	12.219017938552	8
36	1583	12.393550876369	8
36	1616	12.719017938552	8
36	1636	12.803693018098	8
36	1647	13.11378520972	8
36	1680	13.219017938552	8
36	1700	13.396694011231	8
36	1710	13.405638081235	8
36	1744	13.719017938552	8
36	1764	13.733460327693	8
36	1775	13.873105207858	8
36	1808	13.981069794194	8
36	1828	14.219017938552	8
36	1839	14.448674340201	8
36	1872	14.719017938552	8
36	1892	14.796177207669	8
36	1903	14.878887884066	8
36	1936	15.219017938552	8
36	1955	15.224174840179	8
36	1967	15.407946492759	8
36	2000	15.719017938552	8
36	2020	15.755168759347	8
36	2031	15.973613529773	8
36	2064	16.219017938552	8
36	2084	16.451561427013	8
36	2095	16.680057327104	8
36	2128	16.719017938552	8
36	2139	16.998997934376	8
36	2172	17.05323411337	8
36	2192	17.219017938552	8
36	2212	17.243249762327	8
36	2223	17.56424332329	8
36	2256	17.719017938552	8
36	2276	17.839504771483	8
36	2287	18.179957369835	8
36	2320	18.219017938552	8
36	2331	18.358730079168	8
36	2364	18.483268932895	8
36	2384	18.559458515131	8
36	2404	18.719017938552	8
36	2415	19.206941565991	8
36	2448	19.219017938552	8
36	2468	19.57409691763	8
36	2478	19.580273951431	8
36	2512	19.719017938552	8
36	2523	19.887381773003	8
36	2556	19.948977768038	8
36	2576	20.071983464797	8
36	2596	20.219017938552	8
36	2607	20.462278806631	8
36	2640	20.614297993098	8
36	2660	20.719017938552	8
36	2671	21.119292394099	8
36	2704	21.219017938552	8
36	2724	21.345912401089	8
36	2735	21.562150205233	8
36	2768	21.719017938552	8
36	2788	21.808083181725	8
36	2799	21.949036829573	8
36	2832	22.219017938552	8
36	2852	22.277564207081	8
36	2863	22.334388108765	8
36	2896	22.61027738125	8
36	2916	22.719017938552	8
36	2927	23.072727559813	8
36	2960	23.219017938552	8
36	2980	23.568525759679	8
36	2991	23.702597646256	8
36	3024	23.719017938552	8
36	3044	23.84386423611	8
36	3055	24.080134066128	8
36	3088	24.219017938552	8
36	3108	24.264133436688	8
36	3119	24.573041489375	8
36	3152	24.719017938552	8
36	3172	24.73801396097	8
36	3183	25.217137764794	8
36	3215	25.219017938552	8
36	3227	25.551758071435	8
36	3260	25.578829760746	8
36	3280	25.719017938552	8
36	3300	25.753523379089	8
36	3311	25.984765373756	8
36	3344	26.219017938552	8
36	3364	26.271738350008	8
36	3375	26.508896940601	8
36	3408	26.70711584295	8
36	3428	26.719017938552	8
36	3439	27.068421980952	8
36	3472	27.219017938552	8
36	3492	27.232458482672	8
36	3503	27.454220985555	8
36	3536	27.598819708348	8
36	3556	27.719017938552	8
36	3567	28.088918867455	8
36	3600	28.219017938552	8
36	3611	28.445898636458	8
36	3643	28.451899371379	8
36	3664	28.601620483389	8
36	3684	28.719017938552	8
36	3695	29.130356131242	8
36	3728	29.219017938552	8
36	3748	29.30943774105	8
36	3759	29.698846359112	8
36	3792	29.719017938552	8
36	3812	29.946785092529	8
36	3823	30.084028685772	8
36	3856	30.219017938552	8
36	3867	30.324446595301	8
36	3900	30.463735770889	8
36	3920	30.512874645264	8
36	3940	30.719017938552	8
36	3951	31.068156375856	8
36	3984	31.219017938552	8
36	4004	31.503783005652	8
36	4015	31.588481790972	8
36	4048	31.719017938552	8
36	4067	31.727369818547	8
36	4079	32.207795938131	8
36	4112	32.219017938552	8
36	4123	32.670295325973	8
36	4156	32.698828391347	8
36	4176	32.719017938552	8
36	4196	32.958204472427	8
36	4207	33.02286768726	8
36	4240	33.219017938552	8
36	4251	33.34130381572	8
36	4284	33.514020790708	8
36	4304	33.683690690053	8
36	4324	33.719017938552	8
36	4335	33.999481624112	8
36	4368	34.219017938552	8
36	4379	34.327013007485	8
36	4412	34.395635723777	8
36	4432	34.443136790198	8
36	4452	34.719017938552	8
36	4463	34.99570230714	8
36	4496	35.209273758055	8
36	4515	35.219017938552	8
36	4527	35.710852630743	8
36	4559	35.719017938552	8
36	4580	35.859379923706	8
36	4591	35.962795726144	8
36	4624	36.181700472989	8
36	4644	36.219017938552	8
36	4655	36.511375353047	8
36	4688	36.65931510589	8
36	4708	36.719017938552	8
36	4719	37.094482413054	8
36	4752	37.219017938552	8
36	4772	37.322124349501	8
36	4783	37.671208295812	8
36	4816	37.719017938552	8
36	4836	37.937362158288	8
36	4847	38.186312127699	8
36	4880	38.219017938552	8
36	4900	38.312419795234	8
36	4911	38.405746791818	8
36	4944	38.719017938552	8
36	4964	38.783184306685	8
36	4975	39.045093484809	8
36	5008	39.219017938552	8
36	5028	39.37218273132	8
36	5039	39.665058964145	8
36	5072	39.719017938552	8
36	5092	39.871663427715	8
36	5103	40.022605522935	8
36	5136	40.219017938552	8
36	5156	40.332353411232	8
36	5167	40.685707121183	8
36	5200	40.719017938552	8
36	5220	40.823731990707	8
36	5231	41.187480983351	8
36	5264	41.219017938552	8
36	5275	41.352262933207	8
36	5308	41.518308248546	8
36	5328	41.719017938552	8
36	5348	41.824430079469	8
36	5359	41.930105364163	8
36	5392	42.157981613268	8
36	5412	42.219017938552	8
36	5423	42.32276061925	8
36	5456	42.690173436877	8
36	5476	42.719017938552	8
36	5487	43.155954770212	8
36	5520	43.219017938552	8
36	5540	43.309122582142	8
36	5551	43.577887593982	8
36	5584	43.719017938552	8
36	5604	43.964867140249	8
36	5615	44.155572387417	8
36	5648	44.219017938552	8
36	5668	44.371783490934	8
36	5679	44.424910004278	8
36	5712	44.598635216792	8
36	5732	44.719017938552	8
36	5743	44.978146239211	8
36	5776	45.219017938552	8
36	5796	45.313200079546	8
36	5807	45.540146532216	8
36	5840	45.648638219562	8
36	5860	45.719017938552	8
36	5871	45.884994122786	8
36	5904	46.219017938552	8
36	5924	46.317018801243	8
36	5935	46.466941176848	8
36	5968	46.56926803681	8
36	5988	46.719017938552	8
36	5999	46.877594643858	8
36	6032	47.219017938552	8
36	6052	47.249169926707	8
36	6063	47.546865300302	8
36	6096	47.719017938552	8
36	6116	47.755317154888	8
36	6127	48.10051285087	8
36	6160	48.219017938552	8
36	6171	48.434408511528	8
36	6204	48.495039126173	8
36	6224	48.719017938552	8
36	6244	48.919732596622	8
36	6255	48.992333164093	8
36	6288	49.19228308712	8
36	6308	49.219017938552	8
36	6319	49.621460615125	8
36	6352	49.719017938552	8
36	6372	49.952372216609	8
36	6383	49.977457249844	8
36	6416	50.219017938552	8
36	6436	50.314722687555	8
36	6447	50.677433294271	8
36	6480	50.719017938552	8
36	6500	51.006782721997	8
36	6511	51.074586370614	8
36	6544	51.219017938552	8
36	6564	51.264267690003	8
36	6575	51.675639710882	8
36	6608	51.719017938552	8
36	6619	52.091040167705	8
36	6652	52.157187981707	8
36	6672	52.219017938552	8
36	6692	52.370338986245	8
36	6703	52.498697031316	8
36	6736	52.719017938552	8
36	6756	52.937709164888	8
36	6767	53.210446308115	8
36	6799	53.219017938552	8
36	6811	53.365498702534	8
36	6844	53.584922150325	8
36	6863	53.590686686234	8
36	6884	53.719017938552	8
36	6895	54.125827419599	8
36	6928	54.219017938552	8
36	6939	54.483745995284	8
36	6972	54.551795214591	8
36	6992	54.719017938552	8
36	7012	54.742796957948	8
36	7023	55.08919356943	8
36	7056	55.219017938552	8
36	7067	55.418936448571	8
36	7100	55.542083516893	8
36	7120	55.719017938552	8
36	7140	55.751894266055	8
36	7151	55.944305271403	8
36	7184	56.219017938552	8
36	7204	56.397448082351	8
36	7215	56.705184425999	8
36	7248	56.719017938552	8
36	7259	57.054403971908	8
36	7292	57.082645729732	8
36	7312	57.219017938552	8
36	7332	57.444954351605	8
36	7343	57.582885304214	8
36	7376	57.719017938552	8
36	7396	57.883863724572	8
36	7407	58.032300439225	8
36	7440	58.219017938552	8
36	7451	58.411231147804	8
36	7484	58.515182562256	8
36	7504	58.719017938552	8
36	7524	58.76927589354	8
36	7535	58.976965655413	8
36	7568	59.219017938552	8
36	7588	59.24695634012	8
36	7599	59.566541362953	8
36	7632	59.719017938552	8
36	7652	59.909547316831	8
36	7663	60.008964947172	8
36	7696	60.11709089455	8
36	7716	60.219017938552	8
36	7727	60.507070813914	8
36	7760	60.719017938552	8
36	7779	60.728149407533	8
36	7791	61.105447751963	8
36	7824	61.219017938552	8
36	7835	61.434214340084	8
36	7868	61.46996583444	8
36	7888	61.650694051188	8
36	7908	61.719017938552	8
36	7919	61.972402828959	8
36	7952	62.219017938552	8
36	7972	62.32005766685	8
36	7983	62.618685872973	8
36	8016	62.719017938552	8
36	8036	62.890642019537	8
36	8047	63.170398815003	8
36	8080	63.219017938552	8
36	8100	63.325037109562	8
36	8111	63.360163282537	8
36	8144	63.579924880796	8
36	8164	63.719017938552	8
36	8175	63.855967493196	8
36	8208	64.184402124946	8
36	8228	64.219017938552	8
36	8239	64.460636604325	8
36	8272	64.719017938552	8
36	8292	64.797434376636	8
36	8303	65.039744440586	8
36	8336	65.219017938552	8
36	8347	65.332467976053	8
36	8380	65.36992321004	8
36	8400	65.694196969353	8
36	8420	65.719017938552	8
36	8431	66.206602644947	8
36	8464	66.219017938552	8
36	8475	66.44741683605	8
36	8508	66.567892621819	8
36	8528	66.719017938552	8
36	8547	66.720432876971	8
36	8559	66.907523011629	8
36	8592	67.219017938552	8
36	8612	67.366590318073	8
36	8622	67.375523499706	8
36	8656	67.622996915494	8
36	8676	67.719017938552	8
36	8687	67.857921909195	8
36	8720	68.132716544055	8
36	8740	68.219017938552	8
36	8751	68.712634832718	8
36	8783	68.719017938552	8
36	8795	68.923154309978	8
36	8828	69.169852843125	8
36	8848	69.219017938552	8
36	8868	69.346080573824	8
36	8879	69.53382694547	8
36	8912	69.719017938552	8
36	8932	69.915831046821	8
36	8943	69.998188408026	8
36	8976	70.138727829782	8
36	8996	70.219017938552	8
36	9007	70.35884557248	8
36	9040	70.719017938552	8
36	9060	70.8270872848	8
36	9071	70.959942602766	8
36	9104	71.219017938552	8
36	9124	71.346087789246	8
36	9135	71.50671760722	8
36	9168	71.719017938552	8
36	9188	72.006705075492	8
36	9199	72.155473990486	8
36	9232	72.219017938552	8
36	9252	72.315701979481	8
36	9263	72.680877036256	8
36	9296	72.719017938552	8
36	9307	72.834041692344	8
36	9340	72.999487532013	8
36	9360	73.128576127616	8
36	9380	73.219017938552	8
36	9391	73.522344118663	8
36	9424	73.719017938552	8
36	9444	73.869016612776	8
36	9455	73.88575694573	8
36	9488	74.035733605818	8
36	9508	74.219017938552	8
36	9519	74.630638345824	8
36	9552	74.719017938552	8
36	9572	75.070290303872	8
36	9583	75.16499125569	8
36	9616	75.219017938552	8
36	9627	75.483576628313	8
36	9660	75.588367506944	8
36	9680	75.719017938552	8
36	9700	75.81166559317	8
36	9711	75.875006971815	8
36	9744	76.138328958013	8
36	9764	76.219017938552	8
36	9775	76.332306893104	8
36	9808	76.460422356323	8
36	9828	76.719017938552	8
36	9839	77.212047921241	8
36	9871	77.219017938552	8
36	9883	77.468334239655	8
36	9916	77.591468097352	8
36	9936	77.719017938552	8
36	9956	77.750199978881	8
36	9967	77.98704808562	8
36	10000	78.219017938552	8
36	10011	78.339253183668	8
36	10044	78.376318994806	8
36	10064	78.719017938552	8
36	10084	78.786254781195	8
36	10095	78.965216378429	8
36	10128	79.219017938552	8
36	10139	79.325669126333	8
36	10172	79.455873650395	8
36	10192	79.719017938552	8
36	10212	79.768439130661	8
36	10223	79.911314875194	8
36	10256	80.016449174927	8
36	10276	80.219017938552	8
36	10287	80.624982617729	8
36	10320	80.719017938552	8
36	10340	80.869422508486	8
36	10351	81.196667346851	8
36	10384	81.219017938552	8
36	10404	81.589112238669	8
36	10415	81.619017637641	8
36	10448	81.719017938552	8
36	10468	81.788118175779	8
36	10479	81.954779464965	8
36	10512	82.219017938552	8
36	10532	82.263642773301	8
36	10543	82.514837515381	8
36	10576	82.637021376927	8
36	10596	82.719017938552	8
36	10607	82.954611985133	8
36	10640	83.135059262429	8
36	10660	83.219017938552	8
36	10671	83.390814045751	8
36	10704	83.498671430526	8
36	10724	83.719017938552	8
36	10735	83.887412575659	8
36	10768	84.219017938552	8
36	10788	84.305340323773	8
36	10799	84.504398329024	8
36	10832	84.694416869235	8
36	10852	84.719017938552	8
36	10863	85.168847123374	8
36	10896	85.219017938552	8
36	10916	85.407436461922	8
36	10927	85.696665838947	8
36	10960	85.719017938552	8
36	10971	86.062319085588	8
36	11004	86.168347023138	8
36	11024	86.219017938552	8
36	11044	86.444533512452	8
36	11055	86.557680103675	8
36	11088	86.670864340373	8
36	11108	86.719017938552	8
36	11119	87.132475637765	8
36	11152	87.219017938552	8
36	11172	87.298801967492	8
36	11183	87.51902845607	8
36	11216	87.719017938552	8
36	11227	87.839165962049	8
36	11260	87.868068485882	8
36	11280	88.17050606328	8
36	11300	88.219017938552	8
36	11311	88.598657169593	8
36	11344	88.719017938552	8
36	11364	88.794262962685	8
36	11375	89.215976496813	8
36	11407	89.219017938552	8
36	11419	89.425922952154	8
36	11452	89.690110764642	8
36	11472	89.719017938552	8
36	11492	89.771958000296	8
36	11503	90.090654185814	8
36	11536	90.219017938552	8
36	11556	90.405355971855	8
36	11567	90.664730515544	8
36	11600	90.719017938552	8
36	11620	91.00114317377	8
36	11631	91.119355637328	8
36	11664	91.219017938552	8
36	11684	91.511853114971	8
36	11695	91.704813844831	8
36	11728	91.719017938552	8
36	11748	91.930040510175	8
36	11759	92.040714912982	8
36	11792	92.219017938552	8
36	11812	92.300452007064	8
36	11823	92.403974139345	8
36	11856	92.5883603081	8
36	11876	92.719017938552	8
36	11887	92.907995227938	8
36	11920	93.082921097231	8
36	11940	93.219017938552	8
36	11951	93.406517685697	8
36	11984	93.719017938552	8
36	12004	93.884715308238	8
36	12015	94.046847351295	8
36	12048	94.219017938552	8
36	12068	94.443116337051	8
36	12079	94.499861553804	8
36	12112	94.719017938552	8
36	12132	94.796493741673	8
36	12143	95.207112612509	8
36	12176	95.219017938552	8
36	12196	95.398527131312	8
36	12207	95.591235816226	8
36	12240	95.719017938552	8
36	12260	95.793427076459	8
36	12271	95.853136165374	8
36	12304	95.976796497487	8
36	12324	96.219017938552	8
36	12335	96.341585272391	8
36	12368	96.615800591082	8
36	12388	96.719017938552	8
36	12399	97.014153020949	8
36	12432	97.219017938552	8
36	12452	97.239320038807	8
36	12463	97.671419762009	8
36	12496	97.719017938552	8
36	12516	98.050405823429	8
36	12527	98.209579694671	8
36	12559	98.219017938552	8
36	12580	98.461129096699	8
36	12591	98.566081106224	8
36	12624	98.719017938552	8
36	12644	98.738371244342	8
36	12655	99.03601744932	8
36	12688	99.146337607958	8
36	12708	99.219017938552	8
36	12719	99.660863371779	8
36	12752	99.719017938552	8
36	12772	99.788211891231	8
36	12783	100.116551755489	8
36	12816	100.219017938552	8
36	12836	100.488757532918	8
36	12847	100.510456469123	8
36	12880	100.719017938552	8
36	12900	100.792383872055	8
36	12911	101.089850569078	8
36	12944	101.219017938552	8
36	12964	101.404930919678	8
36	12975	101.561835962933	8
36	13008	101.719017938552	8
36	13028	102.020953146171	8
36	13039	102.104896711678	8
36	13072	102.219017938552	8
36	13083	102.506816813563	8
36	13116	102.601480957203	8
36	13136	102.694024273091	8
36	13156	102.719017938552	8
36	13167	103.001423787911	8
36	13200	103.219017938552	8
36	13220	103.367103736464	8
36	13231	103.681585174081	8
36	13264	103.719017938552	8
36	13275	103.873906106901	8
36	13308	103.887362792426	8
36	13328	103.982615175926	8
36	13348	104.219017938552	8
36	13359	104.410705667761	8
36	13392	104.719017938552	8
36	13412	104.814505795658	8
36	13423	105.171652100169	8
36	13456	105.219017938552	8
36	13476	105.400107625209	8
36	13487	105.680787929454	8
36	13520	105.719017938552	8
36	13540	105.934622153071	8
36	13551	106.077331778434	8
36	13584	106.219017938552	8
36	13604	106.41310729253	8
36	13615	106.448891127602	8
36	13648	106.719017938552	8
36	13668	106.88175917779	8
36	13679	107.026902415444	8
36	13712	107.219017938552	8
36	13723	107.319040078697	8
36	13756	107.37894382215	8
36	13776	107.719017938552	8
36	13796	107.768549008844	8
36	13807	107.943762026754	8
36	13840	108.153627507192	8
36	13860	108.219017938552	8
36	13871	108.489198553496	8
36	13904	108.719017938552	8
36	13924	108.908865952761	8
36	13935	109.173153004264	8
36	13968	109.219017938552	8
36	13988	109.347856048671	8
36	13999	109.59096972051	8
36	14032	109.719017938552	8
36	14043	110.001469847494	8
36	14076	110.07253505093	8
36	14096	110.219017938552	8
36	14116	110.376913823736	8
36	14127	110.512381385573	8
36	14160	110.699033123803	8
36	14180	110.719017938552	8
36	14191	111.134513707113	8
36	14224	111.219017938552	8
36	14235	111.410794670162	8
36	14268	111.613910612081	8
36	14288	111.719017938552	8
36	14308	111.803585658305	8
36	14319	112.171136980345	8
36	14352	112.219017938552	8
36	14372	112.373162305625	8
36	14383	112.444494897527	8
36	14416	112.630268354611	8
36	14436	112.719017938552	8
36	14447	113.201998280947	8
36	14480	113.219017938552	8
36	14491	113.507718568881	8
36	14523	113.509727232613	8
36	14544	113.618432321389	8
36	14564	113.719017938552	8
36	14575	114.103651467179	8
36	14608	114.219017938552	8
36	14628	114.287088165794	8
36	14639	114.380495659941	8
36	14672	114.650818513137	8
36	14692	114.719017938552	8
36	14703	115.111194810764	8
36	14736	115.219017938552	8
36	14756	115.36131146931	8
36	14767	115.577523712561	8
36	14800	115.719017938552	8
36	14820	115.863402548794	8
36	14831	115.904970233169	8
36	14864	116.116470383656	8
36	14884	116.219017938552	8
36	14895	116.393601225995	8
36	14928	116.719017938552	8
36	14947	116.728763631255	8
36	14959	117.142050044545	8
36	14992	117.219017938552	8
36	15012	117.588040952188	8
36	15023	117.617849726909	8
36	15056	117.719017938552	8
36	15076	117.765311137018	8
36	15087	118.088956876592	8
36	15120	118.219017938552	8
36	15140	118.396357188177	8
36	15151	118.429775439416	8
36	15184	118.583051350423	8
36	15204	118.719017938552	8
36	15215	118.888981487443	8
36	15248	119.219017938552	8
36	15268	119.276174026531	8
36	15279	119.600807643243	8
36	15312	119.719017938552	8
36	15332	119.859680191883	8
36	15343	120.004278017142	8
36	15376	120.219017938552	8
36	15396	120.330895207346	8
36	15407	120.655189352696	8
36	15440	120.719017938552	8
36	15460	120.828949955654	8
36	15471	120.900964243178	8
36	15504	121.059352015321	8
36	15524	121.219017938552	8
36	15535	121.385001487126	8
36	15568	121.680672668097	8
36	15588	121.719017938552	8
36	15599	121.868951162909	8
36	15632	122.111644924049	8
36	15652	122.219017938552	8
36	15663	122.607850202852	8
36	15696	122.719017938552	8
36	15707	122.831199124855	8
36	15740	123.084471650598	8
36	15760	123.219017938552	8
36	15780	123.237777892955	8
36	15791	123.617815633611	8
36	15824	123.719017938552	8
36	15835	123.856056401999	8
36	15868	124.017729750545	8
36	15888	124.219017938552	8
36	15908	124.317992964936	8
36	15919	124.405998136316	8
36	15952	124.539815777343	8
36	15972	124.719017938552	8
36	15983	125.118719705221	8
36	16016	125.219017938552	8
36	16036	125.440045360931	8
36	16047	125.61169544191	8
36	16075	125.719017938552	8
36	16085	126.052808367488	8
36	16113	126.219017938552	8
36	16123	126.337263792966	8
36	16151	126.719017938552	8
36	16161	127.203792491955	8
37	35	0.219017938552	1
37	46	0.438031780654	2
37	79	0.719017938552	3
37	90	0.841703128842	4
37	123	0.895189648484	5
37	143	1.219017938552	6
37	163	1.327616901593	7
37	174	1.428080456358	8
37	207	1.681905732014	9
37	227	1.719017938552	10
37	238	2.010083983214	11
37	271	2.219017938552	12
37	291	2.427222663713	13
37	302	2.643885429137	14
37	335	2.719017938552	15
37	355	2.955892064877	16
37	366	3.011008807112	17
37	399	3.219017938552	18
37	419	3.338675299742	19
37	430	3.476131855817	20
37	463	3.719017938552	21
37	483	3.946819176236	22
37	494	4.153449446083	23
37	527	4.219017938552	24
37	547	4.282312536695	25
37	558	4.453976403204	26
37	591	4.589276789119	27
37	611	4.719017938552	28
37	622	5.078286689174	29
37	655	5.18682271595	30
37	675	5.219017938552	31
37	686	5.466314553496	32
37	719	5.719017938552	33
37	739	5.89981115776	34
37	750	6.201880000279	35
37	783	6.219017938552	36
37	794	6.375158249521	37
37	827	6.613591370162	38
37	847	6.719017938552	39
37	867	6.823611774751	40
37	878	7.167052838978	41
37	911	7.219017938552	42
37	922	7.508461154559	43
37	955	7.658948843264	44
37	975	7.719017938552	45
37	995	7.928573247221	46
37	1006	8.139382239551	47
37	1039	8.219017938552	48
37	1059	8.424422651798	49
37	1070	8.527208930747	50
37	1103	8.719017938552	51
37	1123	8.939869268135	52
37	1134	9.090569752016	53
37	1167	9.219017938552	54
37	1187	9.238328188647	55
37	1198	9.607270999187	56
37	1231	9.719017938552	57
37	1251	9.963688073111	58
37	1262	10.051825855047	59
37	1295	10.209615836375	60
37	1314	10.219017938552	61
37	1326	10.533967229844	62
37	1359	10.719017938552	63
37	1379	11.012283464418	64
37	1390	11.122464186725	65
37	1424	11.219017938552	66
37	1435	11.361380981122	67
37	1468	11.431652185124	68
37	1488	11.627694424697	69
37	1508	11.719017938552	70
37	1519	12.008458107644	71
37	1552	12.214729019337	72
37	1571	12.219017938552	73
37	1583	12.393550876369	74
37	1616	12.719017938552	75
37	1636	12.803693018098	76
37	1647	13.11378520972	77
37	1680	13.219017938552	78
37	1700	13.396694011231	79
37	1710	13.405638081235	80
37	1744	13.719017938552	81
37	1764	13.733460327693	82
37	1775	13.873105207858	83
37	1808	13.981069794194	84
37	1828	14.219017938552	85
37	1839	14.448674340201	86
37	1872	14.719017938552	87
37	1892	14.796177207669	88
37	1903	14.878887884066	89
37	1936	15.219017938552	90
37	1955	15.224174840179	91
37	1967	15.407946492759	92
37	2000	15.719017938552	93
37	2020	15.755168759347	94
37	2031	15.973613529773	95
37	2064	16.219017938552	96
37	2084	16.451561427013	97
37	2095	16.680057327104	98
37	2128	16.719017938552	99
37	2139	16.998997934376	100
37	2172	17.05323411337	101
37	2192	17.219017938552	102
37	2212	17.243249762327	103
37	2223	17.56424332329	104
37	2256	17.719017938552	105
37	2276	17.839504771483	106
37	2287	18.179957369835	107
37	2320	18.219017938552	108
37	2331	18.358730079168	109
37	2364	18.483268932895	110
37	2384	18.559458515131	111
37	2404	18.719017938552	112
37	2415	19.206941565991	113
37	2448	19.219017938552	114
37	2468	19.57409691763	115
37	2478	19.580273951431	116
37	2512	19.719017938552	117
37	2523	19.887381773003	118
37	2556	19.948977768038	119
37	2576	20.071983464797	120
37	2596	20.219017938552	121
37	2607	20.462278806631	122
37	2640	20.614297993098	123
37	2660	20.719017938552	124
37	2671	21.119292394099	125
37	2704	21.219017938552	126
37	2724	21.345912401089	127
37	2735	21.562150205233	128
37	2768	21.719017938552	129
37	2788	21.808083181725	130
37	2799	21.949036829573	131
37	2832	22.219017938552	132
37	2852	22.277564207081	133
37	2863	22.334388108765	134
37	2896	22.61027738125	135
37	2916	22.719017938552	136
37	2927	23.072727559813	137
37	2960	23.219017938552	138
37	2980	23.568525759679	139
37	2991	23.702597646256	140
37	3024	23.719017938552	141
37	3044	23.84386423611	142
37	3055	24.080134066128	143
37	3088	24.219017938552	144
37	3108	24.264133436688	145
37	3119	24.573041489375	146
37	3152	24.719017938552	147
37	3172	24.73801396097	148
37	3183	25.217137764794	149
37	3215	25.219017938552	150
37	3227	25.551758071435	151
37	3260	25.578829760746	152
37	3280	25.719017938552	153
37	3300	25.753523379089	154
37	3311	25.984765373756	155
37	3344	26.219017938552	156
37	3364	26.271738350008	157
37	3375	26.508896940601	158
37	3408	26.70711584295	159
37	3428	26.719017938552	160
37	3439	27.068421980952	161
37	3472	27.219017938552	162
37	3492	27.232458482672	163
37	3503	27.454220985555	164
37	3536	27.598819708348	165
37	3556	27.719017938552	166
37	3567	28.088918867455	167
37	3600	28.219017938552	168
37	3611	28.445898636458	169
37	3643	28.451899371379	170
37	3664	28.601620483389	171
37	3684	28.719017938552	172
37	3695	29.130356131242	173
37	3728	29.219017938552	174
37	3748	29.30943774105	175
37	3759	29.698846359112	176
37	3792	29.719017938552	177
37	3812	29.946785092529	178
37	3823	30.084028685772	179
37	3856	30.219017938552	180
37	3867	30.324446595301	181
37	3900	30.463735770889	182
37	3920	30.512874645264	183
37	3940	30.719017938552	184
37	3951	31.068156375856	185
37	3984	31.219017938552	186
37	4004	31.503783005652	187
37	4015	31.588481790972	188
37	4048	31.719017938552	189
37	4067	31.727369818547	190
37	4079	32.207795938131	191
37	4112	32.219017938552	192
37	4123	32.670295325973	193
37	4156	32.698828391347	194
37	4176	32.719017938552	195
37	4196	32.958204472427	196
37	4207	33.02286768726	197
37	4240	33.219017938552	198
37	4251	33.34130381572	199
37	4284	33.514020790708	200
37	4304	33.683690690053	201
37	4324	33.719017938552	202
37	4335	33.999481624112	203
37	4368	34.219017938552	204
37	4379	34.327013007485	205
37	4412	34.395635723777	206
37	4432	34.443136790198	207
37	4452	34.719017938552	208
37	4463	34.99570230714	209
37	4496	35.209273758055	210
37	4515	35.219017938552	211
37	4527	35.710852630743	212
37	4559	35.719017938552	213
37	4580	35.859379923706	214
37	4591	35.962795726144	215
37	4624	36.181700472989	216
37	4644	36.219017938552	217
37	4655	36.511375353047	218
37	4688	36.65931510589	219
37	4708	36.719017938552	220
37	4719	37.094482413054	221
37	4752	37.219017938552	222
37	4772	37.322124349501	223
37	4783	37.671208295812	224
37	4816	37.719017938552	225
37	4836	37.937362158288	226
37	4847	38.186312127699	227
37	4880	38.219017938552	228
37	4900	38.312419795234	229
37	4911	38.405746791818	230
37	4944	38.719017938552	231
37	4964	38.783184306685	232
37	4975	39.045093484809	233
37	5008	39.219017938552	234
37	5028	39.37218273132	235
37	5039	39.665058964145	236
37	5072	39.719017938552	237
37	5092	39.871663427715	238
37	5103	40.022605522935	239
37	5136	40.219017938552	240
37	5156	40.332353411232	241
37	5167	40.685707121183	242
37	5200	40.719017938552	243
37	5220	40.823731990707	244
37	5231	41.187480983351	245
37	5264	41.219017938552	246
37	5275	41.352262933207	247
37	5308	41.518308248546	248
37	5328	41.719017938552	249
37	5348	41.824430079469	250
37	5359	41.930105364163	251
37	5392	42.157981613268	252
37	5412	42.219017938552	253
37	5423	42.32276061925	254
37	5456	42.690173436877	255
37	5476	42.719017938552	256
37	5487	43.155954770212	257
37	5520	43.219017938552	258
37	5540	43.309122582142	259
37	5551	43.577887593982	260
37	5584	43.719017938552	261
37	5604	43.964867140249	262
37	5615	44.155572387417	263
37	5648	44.219017938552	264
37	5668	44.371783490934	265
37	5679	44.424910004278	266
37	5712	44.598635216792	267
37	5732	44.719017938552	268
37	5743	44.978146239211	269
37	5776	45.219017938552	270
37	5796	45.313200079546	271
37	5807	45.540146532216	272
37	5840	45.648638219562	273
37	5860	45.719017938552	274
37	5871	45.884994122786	275
37	5904	46.219017938552	276
37	5924	46.317018801243	277
37	5935	46.466941176848	278
37	5968	46.56926803681	279
37	5988	46.719017938552	280
37	5999	46.877594643858	281
37	6032	47.219017938552	282
37	6052	47.249169926707	283
37	6063	47.546865300302	284
37	6096	47.719017938552	285
37	6116	47.755317154888	286
37	6127	48.10051285087	287
37	6160	48.219017938552	288
37	6171	48.434408511528	289
37	6204	48.495039126173	290
37	6224	48.719017938552	291
37	6244	48.919732596622	292
37	6255	48.992333164093	293
37	6288	49.19228308712	294
37	6308	49.219017938552	295
37	6319	49.621460615125	296
37	6352	49.719017938552	297
37	6372	49.952372216609	298
37	6383	49.977457249844	299
37	6416	50.219017938552	300
37	6436	50.314722687555	301
37	6447	50.677433294271	302
37	6480	50.719017938552	303
37	6500	51.006782721997	304
37	6511	51.074586370614	305
37	6544	51.219017938552	306
37	6564	51.264267690003	307
37	6575	51.675639710882	308
37	6608	51.719017938552	309
37	6619	52.091040167705	310
37	6652	52.157187981707	311
37	6672	52.219017938552	312
37	6692	52.370338986245	313
37	6703	52.498697031316	314
37	6736	52.719017938552	315
37	6756	52.937709164888	316
37	6767	53.210446308115	317
37	6799	53.219017938552	318
37	6811	53.365498702534	319
37	6844	53.584922150325	320
37	6863	53.590686686234	321
37	6884	53.719017938552	322
37	6895	54.125827419599	323
37	6928	54.219017938552	324
37	6939	54.483745995284	325
37	6972	54.551795214591	326
37	6992	54.719017938552	327
37	7012	54.742796957948	328
37	7023	55.08919356943	329
37	7056	55.219017938552	330
37	7067	55.418936448571	331
37	7100	55.542083516893	332
37	7120	55.719017938552	333
37	7140	55.751894266055	334
37	7151	55.944305271403	335
37	7184	56.219017938552	336
37	7204	56.397448082351	337
37	7215	56.705184425999	338
37	7248	56.719017938552	339
37	7259	57.054403971908	340
37	7292	57.082645729732	341
37	7312	57.219017938552	342
37	7332	57.444954351605	343
37	7343	57.582885304214	344
37	7376	57.719017938552	345
37	7396	57.883863724572	346
37	7407	58.032300439225	347
37	7440	58.219017938552	348
37	7451	58.411231147804	349
37	7484	58.515182562256	350
37	7504	58.719017938552	351
37	7524	58.76927589354	352
37	7535	58.976965655413	353
37	7568	59.219017938552	354
37	7588	59.24695634012	355
37	7599	59.566541362953	356
37	7632	59.719017938552	357
37	7652	59.909547316831	358
37	7663	60.008964947172	359
37	7696	60.11709089455	360
37	7716	60.219017938552	361
37	7727	60.507070813914	362
37	7760	60.719017938552	363
37	7779	60.728149407533	364
37	7791	61.105447751963	365
37	7824	61.219017938552	366
37	7835	61.434214340084	367
37	7868	61.46996583444	368
37	7888	61.650694051188	369
37	7908	61.719017938552	370
37	7919	61.972402828959	371
37	7952	62.219017938552	372
37	7972	62.32005766685	373
37	7983	62.618685872973	374
37	8016	62.719017938552	375
37	8036	62.890642019537	376
37	8047	63.170398815003	377
37	8080	63.219017938552	378
37	8100	63.325037109562	379
37	8111	63.360163282537	380
37	8144	63.579924880796	381
37	8164	63.719017938552	382
37	8175	63.855967493196	383
37	8208	64.184402124946	384
37	8228	64.219017938552	385
37	8239	64.460636604325	386
37	8272	64.719017938552	387
37	8292	64.797434376636	388
37	8303	65.039744440586	389
37	8336	65.219017938552	390
37	8347	65.332467976053	391
37	8380	65.36992321004	392
37	8400	65.694196969353	393
37	8420	65.719017938552	394
37	8431	66.206602644947	395
37	8464	66.219017938552	396
37	8475	66.44741683605	397
37	8508	66.567892621819	398
37	8528	66.719017938552	399
37	8547	66.720432876971	400
37	8559	66.907523011629	401
37	8592	67.219017938552	402
37	8612	67.366590318073	403
37	8622	67.375523499706	404
37	8656	67.622996915494	405
37	8676	67.719017938552	406
37	8687	67.857921909195	407
37	8720	68.132716544055	408
37	8740	68.219017938552	409
37	8751	68.712634832718	410
37	8783	68.719017938552	411
37	8795	68.923154309978	412
37	8828	69.169852843125	413
37	8848	69.219017938552	414
37	8868	69.346080573824	415
37	8879	69.53382694547	416
37	8912	69.719017938552	417
37	8932	69.915831046821	418
37	8943	69.998188408026	419
37	8976	70.138727829782	420
37	8996	70.219017938552	421
37	9007	70.35884557248	422
37	9040	70.719017938552	423
37	9060	70.8270872848	424
37	9071	70.959942602766	425
37	9104	71.219017938552	426
37	9124	71.346087789246	427
37	9135	71.50671760722	428
37	9168	71.719017938552	429
37	9188	72.006705075492	430
37	9199	72.155473990486	431
37	9232	72.219017938552	432
37	9252	72.315701979481	433
37	9263	72.680877036256	434
37	9296	72.719017938552	435
37	9307	72.834041692344	436
37	9340	72.999487532013	437
37	9360	73.128576127616	438
37	9380	73.219017938552	439
37	9391	73.522344118663	440
37	9424	73.719017938552	441
37	9444	73.869016612776	442
37	9455	73.88575694573	443
37	9488	74.035733605818	444
37	9508	74.219017938552	445
37	9519	74.630638345824	446
37	9552	74.719017938552	447
37	9572	75.070290303872	448
37	9583	75.16499125569	449
37	9616	75.219017938552	450
37	9627	75.483576628313	451
37	9660	75.588367506944	452
37	9680	75.719017938552	453
37	9700	75.81166559317	454
37	9711	75.875006971815	455
37	9744	76.138328958013	456
37	9764	76.219017938552	457
37	9775	76.332306893104	458
37	9808	76.460422356323	459
37	9828	76.719017938552	460
37	9839	77.212047921241	461
37	9871	77.219017938552	462
37	9883	77.468334239655	463
37	9916	77.591468097352	464
37	9936	77.719017938552	465
37	9956	77.750199978881	466
37	9967	77.98704808562	467
37	10000	78.219017938552	468
37	10011	78.339253183668	469
37	10044	78.376318994806	470
37	10064	78.719017938552	471
37	10084	78.786254781195	472
37	10095	78.965216378429	473
37	10128	79.219017938552	474
37	10139	79.325669126333	475
37	10172	79.455873650395	476
37	10192	79.719017938552	477
37	10212	79.768439130661	478
37	10223	79.911314875194	479
37	10256	80.016449174927	480
37	10276	80.219017938552	481
37	10287	80.624982617729	482
37	10320	80.719017938552	483
37	10340	80.869422508486	484
37	10351	81.196667346851	485
37	10384	81.219017938552	486
37	10404	81.589112238669	487
37	10415	81.619017637641	488
37	10448	81.719017938552	489
37	10468	81.788118175779	490
37	10479	81.954779464965	491
37	10512	82.219017938552	492
37	10532	82.263642773301	493
37	10543	82.514837515381	494
37	10576	82.637021376927	495
37	10596	82.719017938552	496
37	10607	82.954611985133	497
37	10640	83.135059262429	498
37	10660	83.219017938552	499
37	10671	83.390814045751	500
37	10704	83.498671430526	501
37	10724	83.719017938552	502
37	10735	83.887412575659	503
37	10768	84.219017938552	504
37	10788	84.305340323773	505
37	10799	84.504398329024	506
37	10832	84.694416869235	507
37	10852	84.719017938552	508
37	10863	85.168847123374	509
37	10896	85.219017938552	510
37	10916	85.407436461922	511
37	10927	85.696665838947	512
37	10960	85.719017938552	513
37	10971	86.062319085588	514
37	11004	86.168347023138	515
37	11024	86.219017938552	516
37	11044	86.444533512452	517
37	11055	86.557680103675	518
37	11088	86.670864340373	519
37	11108	86.719017938552	520
37	11119	87.132475637765	521
37	11152	87.219017938552	522
37	11172	87.298801967492	523
37	11183	87.51902845607	524
37	11216	87.719017938552	525
37	11227	87.839165962049	526
37	11260	87.868068485882	527
37	11280	88.17050606328	528
37	11300	88.219017938552	529
37	11311	88.598657169593	530
37	11344	88.719017938552	531
37	11364	88.794262962685	532
37	11375	89.215976496813	533
37	11407	89.219017938552	534
37	11419	89.425922952154	535
37	11452	89.690110764642	536
37	11472	89.719017938552	537
37	11492	89.771958000296	538
37	11503	90.090654185814	539
37	11536	90.219017938552	540
37	11556	90.405355971855	541
37	11567	90.664730515544	542
37	11600	90.719017938552	543
37	11620	91.00114317377	544
37	11631	91.119355637328	545
37	11664	91.219017938552	546
37	11684	91.511853114971	547
37	11695	91.704813844831	548
37	11728	91.719017938552	549
37	11748	91.930040510175	550
37	11759	92.040714912982	551
37	11792	92.219017938552	552
37	11812	92.300452007064	553
37	11823	92.403974139345	554
37	11856	92.5883603081	555
37	11876	92.719017938552	556
37	11887	92.907995227938	557
37	11920	93.082921097231	558
37	11940	93.219017938552	559
37	11951	93.406517685697	560
37	11984	93.719017938552	561
37	12004	93.884715308238	562
37	12015	94.046847351295	563
37	12048	94.219017938552	564
37	12068	94.443116337051	565
37	12079	94.499861553804	566
37	12112	94.719017938552	567
37	12132	94.796493741673	568
37	12143	95.207112612509	569
37	12176	95.219017938552	570
37	12196	95.398527131312	571
37	12207	95.591235816226	572
37	12240	95.719017938552	573
37	12260	95.793427076459	574
37	12271	95.853136165374	575
37	12304	95.976796497487	576
37	12324	96.219017938552	577
37	12335	96.341585272391	578
37	12368	96.615800591082	579
37	12388	96.719017938552	580
37	12399	97.014153020949	581
37	12432	97.219017938552	582
37	12452	97.239320038807	583
37	12463	97.671419762009	584
37	12496	97.719017938552	585
37	12516	98.050405823429	586
37	12527	98.209579694671	587
37	12559	98.219017938552	588
37	12580	98.461129096699	589
37	12591	98.566081106224	590
37	12624	98.719017938552	591
37	12644	98.738371244342	592
37	12655	99.03601744932	593
37	12688	99.146337607958	594
37	12708	99.219017938552	595
37	12719	99.660863371779	596
37	12752	99.719017938552	597
37	12772	99.788211891231	598
37	12783	100.116551755489	599
37	12816	100.219017938552	600
37	12836	100.488757532918	601
37	12847	100.510456469123	602
37	12880	100.719017938552	603
37	12900	100.792383872055	604
37	12911	101.089850569078	605
37	12944	101.219017938552	606
37	12964	101.404930919678	607
37	12975	101.561835962933	608
37	13008	101.719017938552	609
37	13028	102.020953146171	610
37	13039	102.104896711678	611
37	13072	102.219017938552	612
37	13083	102.506816813563	613
37	13116	102.601480957203	614
37	13136	102.694024273091	615
37	13156	102.719017938552	616
37	13167	103.001423787911	617
37	13200	103.219017938552	618
37	13220	103.367103736464	619
37	13231	103.681585174081	620
37	13264	103.719017938552	621
37	13275	103.873906106901	622
37	13308	103.887362792426	623
37	13328	103.982615175926	624
37	13348	104.219017938552	625
37	13359	104.410705667761	626
37	13392	104.719017938552	627
37	13412	104.814505795658	628
37	13423	105.171652100169	629
37	13456	105.219017938552	630
37	13476	105.400107625209	631
37	13487	105.680787929454	632
37	13520	105.719017938552	633
37	13540	105.934622153071	634
37	13551	106.077331778434	635
37	13584	106.219017938552	636
37	13604	106.41310729253	637
37	13615	106.448891127602	638
37	13648	106.719017938552	639
37	13668	106.88175917779	640
37	13679	107.026902415444	641
37	13712	107.219017938552	642
37	13723	107.319040078697	643
37	13756	107.37894382215	644
37	13776	107.719017938552	645
37	13796	107.768549008844	646
37	13807	107.943762026754	647
37	13840	108.153627507192	648
37	13860	108.219017938552	649
37	13871	108.489198553496	650
37	13904	108.719017938552	651
37	13924	108.908865952761	652
37	13935	109.173153004264	653
37	13968	109.219017938552	654
37	13988	109.347856048671	655
37	13999	109.59096972051	656
37	14032	109.719017938552	657
37	14043	110.001469847494	658
37	14076	110.07253505093	659
37	14096	110.219017938552	660
37	14116	110.376913823736	661
37	14127	110.512381385573	662
37	14160	110.699033123803	663
37	14180	110.719017938552	664
37	14191	111.134513707113	665
37	14224	111.219017938552	666
37	14235	111.410794670162	667
37	14268	111.613910612081	668
37	14288	111.719017938552	669
37	14308	111.803585658305	670
37	14319	112.171136980345	671
37	14352	112.219017938552	672
37	14372	112.373162305625	673
37	14383	112.444494897527	674
37	14416	112.630268354611	675
37	14436	112.719017938552	676
37	14447	113.201998280947	677
37	14480	113.219017938552	678
37	14491	113.507718568881	679
37	14523	113.509727232613	680
37	14544	113.618432321389	681
37	14564	113.719017938552	682
37	14575	114.103651467179	683
37	14608	114.219017938552	684
37	14628	114.287088165794	685
37	14639	114.380495659941	686
37	14672	114.650818513137	687
37	14692	114.719017938552	688
37	14703	115.111194810764	689
37	14736	115.219017938552	690
37	14756	115.36131146931	691
37	14767	115.577523712561	692
37	14800	115.719017938552	693
37	14820	115.863402548794	694
37	14831	115.904970233169	695
37	14864	116.116470383656	696
37	14884	116.219017938552	697
37	14895	116.393601225995	698
37	14928	116.719017938552	699
37	14947	116.728763631255	700
37	14959	117.142050044545	701
37	14992	117.219017938552	702
37	15012	117.588040952188	703
37	15023	117.617849726909	704
37	15056	117.719017938552	705
37	15076	117.765311137018	706
37	15087	118.088956876592	707
37	15120	118.219017938552	708
37	15140	118.396357188177	709
37	15151	118.429775439416	710
37	15184	118.583051350423	711
37	15204	118.719017938552	712
37	15215	118.888981487443	713
37	15248	119.219017938552	714
37	15268	119.276174026531	715
37	15279	119.600807643243	716
37	15312	119.719017938552	717
37	15332	119.859680191883	718
37	15343	120.004278017142	719
37	15376	120.219017938552	720
37	15396	120.330895207346	721
37	15407	120.655189352696	722
37	15440	120.719017938552	723
37	15460	120.828949955654	724
37	15471	120.900964243178	725
37	15504	121.059352015321	726
37	15524	121.219017938552	727
37	15535	121.385001487126	728
37	15568	121.680672668097	729
37	15588	121.719017938552	730
37	15599	121.868951162909	731
37	15632	122.111644924049	732
37	15652	122.219017938552	733
37	15663	122.607850202852	734
37	15696	122.719017938552	735
37	15707	122.831199124855	736
37	15740	123.084471650598	737
37	15760	123.219017938552	738
37	15780	123.237777892955	739
37	15791	123.617815633611	740
37	15824	123.719017938552	741
37	15835	123.856056401999	742
37	15868	124.017729750545	743
37	15888	124.219017938552	744
37	15908	124.317992964936	745
37	15919	124.405998136316	746
37	15952	124.539815777343	747
37	15972	124.719017938552	748
37	15983	125.118719705221	749
37	16016	125.219017938552	750
37	16036	125.440045360931	751
37	16047	125.61169544191	752
37	16075	125.719017938552	753
37	16085	126.052808367488	754
37	16113	126.219017938552	755
37	16123	126.337263792966	756
37	16151	126.719017938552	757
37	16161	127.203792491955	758
41	42	0.438031780654	28
41	86	0.841703128842	28
41	170	1.428080456358	28
41	234	2.010083983214	28
41	298	2.643885429137	28
41	362	3.011008807112	28
41	426	3.476131855817	28
41	490	4.153449446083	28
41	554	4.453976403204	28
41	618	5.078286689174	28
41	682	5.466314553496	28
41	746	6.201880000279	28
41	790	6.375158249521	28
41	874	7.167052838978	28
41	918	7.508461154559	28
41	1002	8.139382239551	28
41	1066	8.527208930747	28
41	1130	9.090569752016	28
41	1194	9.607270999187	28
41	1258	10.051825855047	28
41	1322	10.533967229844	28
41	1386	11.122464186725	28
41	1431	11.361380981122	28
41	1515	12.008458107644	28
41	1579	12.393550876369	28
41	1643	13.11378520972	28
41	1706	13.405638081235	28
41	1771	13.873105207858	28
41	1835	14.448674340201	28
41	1899	14.878887884066	28
41	1963	15.407946492759	28
41	2027	15.973613529773	28
41	2091	16.680057327104	28
41	2135	16.998997934376	28
41	2219	17.56424332329	28
41	2283	18.179957369835	28
41	2327	18.358730079168	28
41	2411	19.206941565991	28
41	2474	19.580273951431	28
41	2519	19.887381773003	28
41	2603	20.462278806631	28
41	2667	21.119292394099	28
41	2731	21.562150205233	28
41	2795	21.949036829573	28
41	2859	22.334388108765	28
41	2923	23.072727559813	28
41	2987	23.702597646256	28
41	3051	24.080134066128	28
41	3115	24.573041489375	28
41	3179	25.217137764794	28
41	3223	25.551758071435	28
41	3307	25.984765373756	28
41	3371	26.508896940601	28
41	3435	27.068421980952	28
41	3499	27.454220985555	28
41	3563	28.088918867455	28
41	3607	28.445898636458	28
41	3691	29.130356131242	28
41	3755	29.698846359112	28
41	3819	30.084028685772	28
41	3863	30.324446595301	28
41	3947	31.068156375856	28
41	4011	31.588481790972	28
41	4075	32.207795938131	28
41	4119	32.670295325973	28
41	4203	33.02286768726	28
41	4247	33.34130381572	28
41	4331	33.999481624112	28
41	4375	34.327013007485	28
41	4459	34.99570230714	28
41	4523	35.710852630743	28
41	4587	35.962795726144	28
41	4651	36.511375353047	28
41	4715	37.094482413054	28
41	4779	37.671208295812	28
41	4843	38.186312127699	28
41	4907	38.405746791818	28
41	4971	39.045093484809	28
41	5035	39.665058964145	28
41	5099	40.022605522935	28
41	5163	40.685707121183	28
41	5227	41.187480983351	28
41	5271	41.352262933207	28
41	5355	41.930105364163	28
41	5419	42.32276061925	28
41	5483	43.155954770212	28
41	5547	43.577887593982	28
41	5611	44.155572387417	28
41	5675	44.424910004278	28
41	5739	44.978146239211	28
41	5803	45.540146532216	28
41	5867	45.884994122786	28
41	5931	46.466941176848	28
41	5995	46.877594643858	28
41	6059	47.546865300302	28
41	6123	48.10051285087	28
41	6167	48.434408511528	28
41	6251	48.992333164093	28
41	6315	49.621460615125	28
41	6379	49.977457249844	28
41	6443	50.677433294271	28
41	6507	51.074586370614	28
41	6571	51.675639710882	28
41	6615	52.091040167705	28
41	6699	52.498697031316	28
41	6763	53.210446308115	28
41	6807	53.365498702534	28
41	6891	54.125827419599	28
41	6935	54.483745995284	28
41	7019	55.08919356943	28
41	7063	55.418936448571	28
41	7147	55.944305271403	28
41	7211	56.705184425999	28
41	7255	57.054403971908	28
41	7339	57.582885304214	28
41	7403	58.032300439225	28
41	7447	58.411231147804	28
41	7531	58.976965655413	28
41	7595	59.566541362953	28
41	7659	60.008964947172	28
41	7723	60.507070813914	28
41	7787	61.105447751963	28
41	7831	61.434214340084	28
41	7915	61.972402828959	28
41	7979	62.618685872973	28
41	8043	63.170398815003	28
41	8107	63.360163282537	28
41	8171	63.855967493196	28
41	8235	64.460636604325	28
41	8299	65.039744440586	28
41	8343	65.332467976053	28
41	8427	66.206602644947	28
41	8471	66.44741683605	28
41	8555	66.907523011629	28
41	8618	67.375523499706	28
41	8683	67.857921909195	28
41	8747	68.712634832718	28
41	8791	68.923154309978	28
41	8875	69.53382694547	28
41	8939	69.998188408026	28
41	9003	70.35884557248	28
41	9067	70.959942602766	28
41	9131	71.50671760722	28
41	9195	72.155473990486	28
41	9259	72.680877036256	28
41	9303	72.834041692344	28
41	9387	73.522344118663	28
41	9451	73.88575694573	28
41	9515	74.630638345824	28
41	9579	75.16499125569	28
41	9623	75.483576628313	28
41	9707	75.875006971815	28
41	9771	76.332306893104	28
41	9835	77.212047921241	28
41	9879	77.468334239655	28
41	9963	77.98704808562	28
41	10007	78.339253183668	28
41	10091	78.965216378429	28
41	10135	79.325669126333	28
41	10219	79.911314875194	28
41	10283	80.624982617729	28
41	10347	81.196667346851	28
41	10411	81.619017637641	28
41	10475	81.954779464965	28
41	10539	82.514837515381	28
41	10603	82.954611985133	28
41	10667	83.390814045751	28
41	10731	83.887412575659	28
41	10795	84.504398329024	28
41	10859	85.168847123374	28
41	10923	85.696665838947	28
41	10967	86.062319085588	28
41	11051	86.557680103675	28
41	11115	87.132475637765	28
41	11179	87.51902845607	28
41	11223	87.839165962049	28
41	11307	88.598657169593	28
41	11371	89.215976496813	28
41	11415	89.425922952154	28
41	11499	90.090654185814	28
41	11563	90.664730515544	28
41	11627	91.119355637328	28
41	11691	91.704813844831	28
41	11755	92.040714912982	28
41	11819	92.403974139345	28
41	11883	92.907995227938	28
41	11947	93.406517685697	28
41	12011	94.046847351295	28
41	12075	94.499861553804	28
41	12139	95.207112612509	28
41	12203	95.591235816226	28
41	12267	95.853136165374	28
41	12331	96.341585272391	28
41	12395	97.014153020949	28
41	12459	97.671419762009	28
41	12523	98.209579694671	28
41	12587	98.566081106224	28
41	12651	99.03601744932	28
41	12715	99.660863371779	28
41	12779	100.116551755489	28
41	12843	100.510456469123	28
41	12907	101.089850569078	28
41	12971	101.561835962933	28
41	13035	102.104896711678	28
41	13079	102.506816813563	28
41	13163	103.001423787911	28
41	13227	103.681585174081	28
41	13271	103.873906106901	28
41	13355	104.410705667761	28
41	13419	105.171652100169	28
41	13483	105.680787929454	28
41	13547	106.077331778434	28
41	13611	106.448891127602	28
41	13675	107.026902415444	28
41	13719	107.319040078697	28
41	13803	107.943762026754	28
41	13867	108.489198553496	28
41	13931	109.173153004264	28
41	13995	109.59096972051	28
41	14039	110.001469847494	28
41	14123	110.512381385573	28
41	14187	111.134513707113	28
41	14231	111.410794670162	28
41	14315	112.171136980345	28
41	14379	112.444494897527	28
41	14443	113.201998280947	28
41	14487	113.507718568881	28
41	14571	114.103651467179	28
41	14635	114.380495659941	28
41	14699	115.111194810764	28
41	14763	115.577523712561	28
41	14827	115.904970233169	28
41	14891	116.393601225995	28
41	14955	117.142050044545	28
41	15019	117.617849726909	28
41	15083	118.088956876592	28
41	15147	118.429775439416	28
41	15211	118.888981487443	28
41	15275	119.600807643243	28
41	15339	120.004278017142	28
41	15403	120.655189352696	28
41	15467	120.900964243178	28
41	15531	121.385001487126	28
41	15595	121.868951162909	28
41	15659	122.607850202852	28
41	15703	122.831199124855	28
41	15787	123.617815633611	28
41	15831	123.856056401999	28
41	15915	124.405998136316	28
41	15979	125.118719705221	28
41	16043	125.61169544191	28
41	16081	126.052808367488	28
41	16119	126.337263792966	28
41	16157	127.203792491955	28
42	42	0.438031780654	28
42	86	0.841703128842	28
42	170	1.428080456358	28
42	234	2.010083983214	28
42	298	2.643885429137	28
42	362	3.011008807112	28
42	426	3.476131855817	28
42	490	4.153449446083	28
42	554	4.453976403204	28
42	618	5.078286689174	28
42	682	5.466314553496	28
42	746	6.201880000279	28
42	790	6.375158249521	28
42	874	7.167052838978	28
42	918	7.508461154559	28
42	1002	8.139382239551	28
42	1066	8.527208930747	28
42	1130	9.090569752016	28
42	1194	9.607270999187	28
42	1258	10.051825855047	28
42	1322	10.533967229844	28
42	1386	11.122464186725	28
42	1431	11.361380981122	28
42	1515	12.008458107644	28
42	1579	12.393550876369	28
42	1643	13.11378520972	28
42	1706	13.405638081235	28
42	1771	13.873105207858	28
42	1835	14.448674340201	28
42	1899	14.878887884066	28
42	1963	15.407946492759	28
42	2027	15.973613529773	28
42	2091	16.680057327104	28
42	2135	16.998997934376	28
42	2219	17.56424332329	28
42	2283	18.179957369835	28
42	2327	18.358730079168	28
42	2411	19.206941565991	28
42	2474	19.580273951431	28
42	2519	19.887381773003	28
42	2603	20.462278806631	28
42	2667	21.119292394099	28
42	2731	21.562150205233	28
42	2795	21.949036829573	28
42	2859	22.334388108765	28
42	2923	23.072727559813	28
42	2987	23.702597646256	28
42	3051	24.080134066128	28
42	3115	24.573041489375	28
42	3179	25.217137764794	28
42	3223	25.551758071435	28
42	3307	25.984765373756	28
42	3371	26.508896940601	28
42	3435	27.068421980952	28
42	3499	27.454220985555	28
42	3563	28.088918867455	28
42	3607	28.445898636458	28
42	3691	29.130356131242	28
42	3755	29.698846359112	28
42	3819	30.084028685772	28
42	3863	30.324446595301	28
42	3947	31.068156375856	28
42	4011	31.588481790972	28
42	4075	32.207795938131	28
42	4119	32.670295325973	28
42	4203	33.02286768726	28
42	4247	33.34130381572	28
42	4331	33.999481624112	28
42	4375	34.327013007485	28
42	4459	34.99570230714	28
42	4523	35.710852630743	28
42	4587	35.962795726144	28
42	4651	36.511375353047	28
42	4715	37.094482413054	28
42	4779	37.671208295812	28
42	4843	38.186312127699	28
42	4907	38.405746791818	28
42	4971	39.045093484809	28
42	5035	39.665058964145	28
42	5099	40.022605522935	28
42	5163	40.685707121183	28
42	5227	41.187480983351	28
42	5271	41.352262933207	28
42	5355	41.930105364163	28
42	5419	42.32276061925	28
42	5483	43.155954770212	28
42	5547	43.577887593982	28
42	5611	44.155572387417	28
42	5675	44.424910004278	28
42	5739	44.978146239211	28
42	5803	45.540146532216	28
42	5867	45.884994122786	28
42	5931	46.466941176848	28
42	5995	46.877594643858	28
42	6059	47.546865300302	28
42	6123	48.10051285087	28
42	6167	48.434408511528	28
42	6251	48.992333164093	28
42	6315	49.621460615125	28
42	6379	49.977457249844	28
42	6443	50.677433294271	28
42	6507	51.074586370614	28
42	6571	51.675639710882	28
42	6615	52.091040167705	28
42	6699	52.498697031316	28
42	6763	53.210446308115	28
42	6807	53.365498702534	28
42	6891	54.125827419599	28
42	6935	54.483745995284	28
42	7019	55.08919356943	28
42	7063	55.418936448571	28
42	7147	55.944305271403	28
42	7211	56.705184425999	28
42	7255	57.054403971908	28
42	7339	57.582885304214	28
42	7403	58.032300439225	28
42	7447	58.411231147804	28
42	7531	58.976965655413	28
42	7595	59.566541362953	28
42	7659	60.008964947172	28
42	7723	60.507070813914	28
42	7787	61.105447751963	28
42	7831	61.434214340084	28
42	7915	61.972402828959	28
42	7979	62.618685872973	28
42	8043	63.170398815003	28
42	8107	63.360163282537	28
42	8171	63.855967493196	28
42	8235	64.460636604325	28
42	8299	65.039744440586	28
42	8343	65.332467976053	28
42	8427	66.206602644947	28
42	8471	66.44741683605	28
42	8555	66.907523011629	28
42	8618	67.375523499706	28
42	8683	67.857921909195	28
42	8747	68.712634832718	28
42	8791	68.923154309978	28
42	8875	69.53382694547	28
42	8939	69.998188408026	28
42	9003	70.35884557248	28
42	9067	70.959942602766	28
42	9131	71.50671760722	28
42	9195	72.155473990486	28
42	9259	72.680877036256	28
42	9303	72.834041692344	28
42	9387	73.522344118663	28
42	9451	73.88575694573	28
42	9515	74.630638345824	28
42	9579	75.16499125569	28
42	9623	75.483576628313	28
42	9707	75.875006971815	28
42	9771	76.332306893104	28
42	9835	77.212047921241	28
42	9879	77.468334239655	28
42	9963	77.98704808562	28
42	10007	78.339253183668	28
42	10091	78.965216378429	28
42	10135	79.325669126333	28
42	10219	79.911314875194	28
42	10283	80.624982617729	28
42	10347	81.196667346851	28
42	10411	81.619017637641	28
42	10475	81.954779464965	28
42	10539	82.514837515381	28
42	10603	82.954611985133	28
42	10667	83.390814045751	28
42	10731	83.887412575659	28
42	10795	84.504398329024	28
42	10859	85.168847123374	28
42	10923	85.696665838947	28
42	10967	86.062319085588	28
42	11051	86.557680103675	28
42	11115	87.132475637765	28
42	11179	87.51902845607	28
42	11223	87.839165962049	28
42	11307	88.598657169593	28
42	11371	89.215976496813	28
42	11415	89.425922952154	28
42	11499	90.090654185814	28
42	11563	90.664730515544	28
42	11627	91.119355637328	28
42	11691	91.704813844831	28
42	11755	92.040714912982	28
42	11819	92.403974139345	28
42	11883	92.907995227938	28
42	11947	93.406517685697	28
42	12011	94.046847351295	28
42	12075	94.499861553804	28
42	12139	95.207112612509	28
42	12203	95.591235816226	28
42	12267	95.853136165374	28
42	12331	96.341585272391	28
42	12395	97.014153020949	28
42	12459	97.671419762009	28
42	12523	98.209579694671	28
42	12587	98.566081106224	28
42	12651	99.03601744932	28
42	12715	99.660863371779	28
42	12779	100.116551755489	28
42	12843	100.510456469123	28
42	12907	101.089850569078	28
42	12971	101.561835962933	28
42	13035	102.104896711678	28
42	13079	102.506816813563	28
42	13163	103.001423787911	28
42	13227	103.681585174081	28
42	13271	103.873906106901	28
42	13355	104.410705667761	28
42	13419	105.171652100169	28
42	13483	105.680787929454	28
42	13547	106.077331778434	28
42	13611	106.448891127602	28
42	13675	107.026902415444	28
42	13719	107.319040078697	28
42	13803	107.943762026754	28
42	13867	108.489198553496	28
42	13931	109.173153004264	28
42	13995	109.59096972051	28
42	14039	110.001469847494	28
42	14123	110.512381385573	28
42	14187	111.134513707113	28
42	14231	111.410794670162	28
42	14315	112.171136980345	28
42	14379	112.444494897527	28
42	14443	113.201998280947	28
42	14487	113.507718568881	28
42	14571	114.103651467179	28
42	14635	114.380495659941	28
42	14699	115.111194810764	28
42	14763	115.577523712561	28
42	14827	115.904970233169	28
42	14891	116.393601225995	28
42	14955	117.142050044545	28
42	15019	117.617849726909	28
42	15083	118.088956876592	28
42	15147	118.429775439416	28
42	15211	118.888981487443	28
42	15275	119.600807643243	28
42	15339	120.004278017142	28
42	15403	120.655189352696	28
42	15467	120.900964243178	28
42	15531	121.385001487126	28
42	15595	121.868951162909	28
42	15659	122.607850202852	28
42	15703	122.831199124855	28
42	15787	123.617815633611	28
42	15831	123.856056401999	28
42	15915	124.405998136316	28
42	15979	125.118719705221	28
42	16043	125.61169544191	28
42	16081	126.052808367488	28
42	16119	126.337263792966	28
42	16157	127.203792491955	28
43	43	0.438031780654	28
43	87	0.841703128842	28
43	171	1.428080456358	28
43	235	2.010083983214	28
43	299	2.643885429137	28
43	363	3.011008807112	28
43	427	3.476131855817	28
43	491	4.153449446083	28
43	555	4.453976403204	28
43	619	5.078286689174	28
43	683	5.466314553496	28
43	747	6.201880000279	28
43	791	6.375158249521	28
43	875	7.167052838978	28
43	919	7.508461154559	28
43	1003	8.139382239551	28
43	1067	8.527208930747	28
43	1131	9.090569752016	28
43	1195	9.607270999187	28
43	1259	10.051825855047	28
43	1323	10.533967229844	28
43	1387	11.122464186725	28
43	1432	11.361380981122	28
43	1516	12.008458107644	28
43	1580	12.393550876369	28
43	1644	13.11378520972	28
43	1707	13.405638081235	28
43	1772	13.873105207858	28
43	1836	14.448674340201	28
43	1900	14.878887884066	28
43	1964	15.407946492759	28
43	2028	15.973613529773	28
43	2092	16.680057327104	28
43	2136	16.998997934376	28
43	2220	17.56424332329	28
43	2284	18.179957369835	28
43	2328	18.358730079168	28
43	2412	19.206941565991	28
43	2475	19.580273951431	28
43	2520	19.887381773003	28
43	2604	20.462278806631	28
43	2668	21.119292394099	28
43	2732	21.562150205233	28
43	2796	21.949036829573	28
43	2860	22.334388108765	28
43	2924	23.072727559813	28
43	2988	23.702597646256	28
43	3052	24.080134066128	28
43	3116	24.573041489375	28
43	3180	25.217137764794	28
43	3224	25.551758071435	28
43	3308	25.984765373756	28
43	3372	26.508896940601	28
43	3436	27.068421980952	28
43	3500	27.454220985555	28
43	3564	28.088918867455	28
43	3608	28.445898636458	28
43	3692	29.130356131242	28
43	3756	29.698846359112	28
43	3820	30.084028685772	28
43	3864	30.324446595301	28
43	3948	31.068156375856	28
43	4012	31.588481790972	28
43	4076	32.207795938131	28
43	4120	32.670295325973	28
43	4204	33.02286768726	28
43	4248	33.34130381572	28
43	4332	33.999481624112	28
43	4376	34.327013007485	28
43	4460	34.99570230714	28
43	4524	35.710852630743	28
43	4588	35.962795726144	28
43	4652	36.511375353047	28
43	4716	37.094482413054	28
43	4780	37.671208295812	28
43	4844	38.186312127699	28
43	4908	38.405746791818	28
43	4972	39.045093484809	28
43	5036	39.665058964145	28
43	5100	40.022605522935	28
43	5164	40.685707121183	28
43	5228	41.187480983351	28
43	5272	41.352262933207	28
43	5356	41.930105364163	28
43	5420	42.32276061925	28
43	5484	43.155954770212	28
43	5548	43.577887593982	28
43	5612	44.155572387417	28
43	5676	44.424910004278	28
43	5740	44.978146239211	28
43	5804	45.540146532216	28
43	5868	45.884994122786	28
43	5932	46.466941176848	28
43	5996	46.877594643858	28
43	6060	47.546865300302	28
43	6124	48.10051285087	28
43	6168	48.434408511528	28
43	6252	48.992333164093	28
43	6316	49.621460615125	28
43	6380	49.977457249844	28
43	6444	50.677433294271	28
43	6508	51.074586370614	28
43	6572	51.675639710882	28
43	6616	52.091040167705	28
43	6700	52.498697031316	28
43	6764	53.210446308115	28
43	6808	53.365498702534	28
43	6892	54.125827419599	28
43	6936	54.483745995284	28
43	7020	55.08919356943	28
43	7064	55.418936448571	28
43	7148	55.944305271403	28
43	7212	56.705184425999	28
43	7256	57.054403971908	28
43	7340	57.582885304214	28
43	7404	58.032300439225	28
43	7448	58.411231147804	28
43	7532	58.976965655413	28
43	7596	59.566541362953	28
43	7660	60.008964947172	28
43	7724	60.507070813914	28
43	7788	61.105447751963	28
43	7832	61.434214340084	28
43	7916	61.972402828959	28
43	7980	62.618685872973	28
43	8044	63.170398815003	28
43	8108	63.360163282537	28
43	8172	63.855967493196	28
43	8236	64.460636604325	28
43	8300	65.039744440586	28
43	8344	65.332467976053	28
43	8428	66.206602644947	28
43	8472	66.44741683605	28
43	8556	66.907523011629	28
43	8619	67.375523499706	28
43	8684	67.857921909195	28
43	8748	68.712634832718	28
43	8792	68.923154309978	28
43	8876	69.53382694547	28
43	8940	69.998188408026	28
43	9004	70.35884557248	28
43	9068	70.959942602766	28
43	9132	71.50671760722	28
43	9196	72.155473990486	28
43	9260	72.680877036256	28
43	9304	72.834041692344	28
43	9388	73.522344118663	28
43	9452	73.88575694573	28
43	9516	74.630638345824	28
43	9580	75.16499125569	28
43	9624	75.483576628313	28
43	9708	75.875006971815	28
43	9772	76.332306893104	28
43	9836	77.212047921241	28
43	9880	77.468334239655	28
43	9964	77.98704808562	28
43	10008	78.339253183668	28
43	10092	78.965216378429	28
43	10136	79.325669126333	28
43	10220	79.911314875194	28
43	10284	80.624982617729	28
43	10348	81.196667346851	28
43	10412	81.619017637641	28
43	10476	81.954779464965	28
43	10540	82.514837515381	28
43	10604	82.954611985133	28
43	10668	83.390814045751	28
43	10732	83.887412575659	28
43	10796	84.504398329024	28
43	10860	85.168847123374	28
43	10924	85.696665838947	28
43	10968	86.062319085588	28
43	11052	86.557680103675	28
43	11116	87.132475637765	28
43	11180	87.51902845607	28
43	11224	87.839165962049	28
43	11308	88.598657169593	28
43	11372	89.215976496813	28
43	11416	89.425922952154	28
43	11500	90.090654185814	28
43	11564	90.664730515544	28
43	11628	91.119355637328	28
43	11692	91.704813844831	28
43	11756	92.040714912982	28
43	11820	92.403974139345	28
43	11884	92.907995227938	28
43	11948	93.406517685697	28
43	12012	94.046847351295	28
43	12076	94.499861553804	28
43	12140	95.207112612509	28
43	12204	95.591235816226	28
43	12268	95.853136165374	28
43	12332	96.341585272391	28
43	12396	97.014153020949	28
43	12460	97.671419762009	28
43	12524	98.209579694671	28
43	12588	98.566081106224	28
43	12652	99.03601744932	28
43	12716	99.660863371779	28
43	12780	100.116551755489	28
43	12844	100.510456469123	28
43	12908	101.089850569078	28
43	12972	101.561835962933	28
43	13036	102.104896711678	28
43	13080	102.506816813563	28
43	13164	103.001423787911	28
43	13228	103.681585174081	28
43	13272	103.873906106901	28
43	13356	104.410705667761	28
43	13420	105.171652100169	28
43	13484	105.680787929454	28
43	13548	106.077331778434	28
43	13612	106.448891127602	28
43	13676	107.026902415444	28
43	13720	107.319040078697	28
43	13804	107.943762026754	28
43	13868	108.489198553496	28
43	13932	109.173153004264	28
43	13996	109.59096972051	28
43	14040	110.001469847494	28
43	14124	110.512381385573	28
43	14188	111.134513707113	28
43	14232	111.410794670162	28
43	14316	112.171136980345	28
43	14380	112.444494897527	28
43	14444	113.201998280947	28
43	14488	113.507718568881	28
43	14572	114.103651467179	28
43	14636	114.380495659941	28
43	14700	115.111194810764	28
43	14764	115.577523712561	28
43	14828	115.904970233169	28
43	14892	116.393601225995	28
43	14956	117.142050044545	28
43	15020	117.617849726909	28
43	15084	118.088956876592	28
43	15148	118.429775439416	28
43	15212	118.888981487443	28
43	15276	119.600807643243	28
43	15340	120.004278017142	28
43	15404	120.655189352696	28
43	15468	120.900964243178	28
43	15532	121.385001487126	28
43	15596	121.868951162909	28
43	15660	122.607850202852	28
43	15704	122.831199124855	28
43	15788	123.617815633611	28
43	15832	123.856056401999	28
43	15916	124.405998136316	28
43	15980	125.118719705221	28
43	16044	125.61169544191	28
43	16082	126.052808367488	28
43	16120	126.337263792966	28
43	16158	127.203792491955	28
45	43	0.438031780654	0
45	87	0.841703128842	0
45	171	1.428080456358	0
45	235	2.010083983214	0
45	299	2.643885429137	0
45	363	3.011008807112	0
45	427	3.476131855817	0
45	491	4.153449446083	0
45	555	4.453976403204	0
45	619	5.078286689174	0
45	683	5.466314553496	0
45	747	6.201880000279	0
45	791	6.375158249521	0
45	875	7.167052838978	0
45	919	7.508461154559	0
45	1003	8.139382239551	0
45	1067	8.527208930747	0
45	1131	9.090569752016	0
45	1195	9.607270999187	0
45	1259	10.051825855047	0
45	1323	10.533967229844	0
45	1387	11.122464186725	0
45	1432	11.361380981122	0
45	1516	12.008458107644	0
45	1580	12.393550876369	0
45	1644	13.11378520972	0
45	1707	13.405638081235	0
45	1772	13.873105207858	0
45	1836	14.448674340201	0
45	1900	14.878887884066	0
45	1964	15.407946492759	0
45	2028	15.973613529773	0
45	2092	16.680057327104	0
45	2136	16.998997934376	0
45	2220	17.56424332329	0
45	2284	18.179957369835	0
45	2328	18.358730079168	0
45	2412	19.206941565991	0
45	2475	19.580273951431	0
45	2520	19.887381773003	0
45	2604	20.462278806631	0
45	2668	21.119292394099	0
45	2732	21.562150205233	0
45	2796	21.949036829573	0
45	2860	22.334388108765	0
45	2924	23.072727559813	0
45	2988	23.702597646256	0
45	3052	24.080134066128	0
45	3116	24.573041489375	0
45	3180	25.217137764794	0
45	3224	25.551758071435	0
45	3308	25.984765373756	0
45	3372	26.508896940601	0
45	3436	27.068421980952	0
45	3500	27.454220985555	0
45	3564	28.088918867455	0
45	3608	28.445898636458	0
45	3692	29.130356131242	0
45	3756	29.698846359112	0
45	3820	30.084028685772	0
45	3864	30.324446595301	0
45	3948	31.068156375856	0
45	4012	31.588481790972	0
45	4076	32.207795938131	0
45	4120	32.670295325973	0
45	4204	33.02286768726	0
45	4248	33.34130381572	0
45	4332	33.999481624112	0
45	4376	34.327013007485	0
45	4460	34.99570230714	0
45	4524	35.710852630743	0
45	4588	35.962795726144	0
45	4652	36.511375353047	0
45	4716	37.094482413054	0
45	4780	37.671208295812	0
45	4844	38.186312127699	0
45	4908	38.405746791818	0
45	4972	39.045093484809	0
45	5036	39.665058964145	0
45	5100	40.022605522935	0
45	5164	40.685707121183	0
45	5228	41.187480983351	0
45	5272	41.352262933207	0
45	5356	41.930105364163	0
45	5420	42.32276061925	0
45	5484	43.155954770212	0
45	5548	43.577887593982	0
45	5612	44.155572387417	0
45	5676	44.424910004278	0
45	5740	44.978146239211	0
45	5804	45.540146532216	0
45	5868	45.884994122786	0
45	5932	46.466941176848	0
45	5996	46.877594643858	0
45	6060	47.546865300302	0
45	6124	48.10051285087	0
45	6168	48.434408511528	0
45	6252	48.992333164093	0
45	6316	49.621460615125	0
45	6380	49.977457249844	0
45	6444	50.677433294271	0
45	6508	51.074586370614	0
45	6572	51.675639710882	0
45	6616	52.091040167705	0
45	6700	52.498697031316	0
45	6764	53.210446308115	0
45	6808	53.365498702534	0
45	6892	54.125827419599	0
45	6936	54.483745995284	0
45	7020	55.08919356943	0
45	7064	55.418936448571	0
45	7148	55.944305271403	0
45	7212	56.705184425999	0
45	7256	57.054403971908	0
45	7340	57.582885304214	0
45	7404	58.032300439225	0
45	7448	58.411231147804	0
45	7532	58.976965655413	0
45	7596	59.566541362953	0
45	7660	60.008964947172	0
45	7724	60.507070813914	0
45	7788	61.105447751963	0
45	7832	61.434214340084	0
45	7916	61.972402828959	0
45	7980	62.618685872973	0
45	8044	63.170398815003	0
45	8108	63.360163282537	0
45	8172	63.855967493196	0
45	8236	64.460636604325	0
45	8300	65.039744440586	0
45	8344	65.332467976053	0
45	8428	66.206602644947	0
45	8472	66.44741683605	0
45	8556	66.907523011629	0
45	8619	67.375523499706	0
45	8684	67.857921909195	0
45	8748	68.712634832718	0
45	8792	68.923154309978	0
45	8876	69.53382694547	0
45	8940	69.998188408026	0
45	9004	70.35884557248	0
45	9068	70.959942602766	0
45	9132	71.50671760722	0
45	9196	72.155473990486	0
45	9260	72.680877036256	0
45	9304	72.834041692344	0
45	9388	73.522344118663	0
45	9452	73.88575694573	0
45	9516	74.630638345824	0
45	9580	75.16499125569	0
45	9624	75.483576628313	0
45	9708	75.875006971815	0
45	9772	76.332306893104	0
45	9836	77.212047921241	0
45	9880	77.468334239655	0
45	9964	77.98704808562	0
45	10008	78.339253183668	0
45	10092	78.965216378429	0
45	10136	79.325669126333	0
45	10220	79.911314875194	0
45	10284	80.624982617729	0
45	10348	81.196667346851	0
45	10412	81.619017637641	0
45	10476	81.954779464965	0
45	10540	82.514837515381	0
45	10604	82.954611985133	0
45	10668	83.390814045751	0
45	10732	83.887412575659	0
45	10796	84.504398329024	0
45	10860	85.168847123374	0
45	10924	85.696665838947	0
45	10968	86.062319085588	0
45	11052	86.557680103675	0
45	11116	87.132475637765	0
45	11180	87.51902845607	0
45	11224	87.839165962049	0
45	11308	88.598657169593	0
45	11372	89.215976496813	0
45	11416	89.425922952154	0
45	11500	90.090654185814	0
45	11564	90.664730515544	0
45	11628	91.119355637328	0
45	11692	91.704813844831	0
45	11756	92.040714912982	0
45	11820	92.403974139345	0
45	11884	92.907995227938	0
45	11948	93.406517685697	0
45	12012	94.046847351295	0
45	12076	94.499861553804	0
45	12140	95.207112612509	0
45	12204	95.591235816226	0
45	12268	95.853136165374	0
45	12332	96.341585272391	0
45	12396	97.014153020949	0
45	12460	97.671419762009	0
45	12524	98.209579694671	0
45	12588	98.566081106224	0
45	12652	99.03601744932	0
45	12716	99.660863371779	0
45	12780	100.116551755489	0
45	12844	100.510456469123	0
45	12908	101.089850569078	0
45	12972	101.561835962933	0
45	13036	102.104896711678	0
45	13080	102.506816813563	0
45	13164	103.001423787911	0
45	13228	103.681585174081	0
45	13272	103.873906106901	0
45	13356	104.410705667761	0
45	13420	105.171652100169	0
45	13484	105.680787929454	0
45	13548	106.077331778434	0
45	13612	106.448891127602	0
45	13676	107.026902415444	0
45	13720	107.319040078697	0
45	13804	107.943762026754	0
45	13868	108.489198553496	0
45	13932	109.173153004264	0
45	13996	109.59096972051	0
45	14040	110.001469847494	0
45	14124	110.512381385573	0
45	14188	111.134513707113	0
45	14232	111.410794670162	0
45	14316	112.171136980345	0
45	14380	112.444494897527	0
45	14444	113.201998280947	0
45	14488	113.507718568881	0
45	14572	114.103651467179	0
45	14636	114.380495659941	0
45	14700	115.111194810764	0
45	14764	115.577523712561	0
45	14828	115.904970233169	0
45	14892	116.393601225995	0
45	14956	117.142050044545	0
45	15020	117.617849726909	0
45	15084	118.088956876592	0
45	15148	118.429775439416	0
45	15212	118.888981487443	0
45	15276	119.600807643243	0
45	15340	120.004278017142	0
45	15404	120.655189352696	0
45	15468	120.900964243178	0
45	15532	121.385001487126	0
45	15596	121.868951162909	0
45	15660	122.607850202852	0
45	15704	122.831199124855	0
45	15788	123.617815633611	0
45	15832	123.856056401999	0
45	15916	124.405998136316	0
45	15980	125.118719705221	0
45	16044	125.61169544191	0
45	16082	126.052808367488	0
45	16120	126.337263792966	0
45	16158	127.203792491955	0
46	0	0	0
47	33	0.219017938552	28
47	77	0.719017938552	28
47	121	0.895189648484	28
47	141	1.219017938552	28
47	161	1.327616901593	28
47	205	1.681905732014	28
47	225	1.719017938552	28
47	269	2.219017938552	28
47	289	2.427222663713	28
47	333	2.719017938552	28
47	353	2.955892064877	28
47	397	3.219017938552	28
47	417	3.338675299742	28
47	461	3.719017938552	28
47	481	3.946819176236	28
47	525	4.219017938552	28
47	545	4.282312536695	28
47	589	4.589276789119	28
47	609	4.719017938552	28
47	653	5.18682271595	28
47	673	5.219017938552	28
47	717	5.719017938552	28
47	737	5.89981115776	28
47	781	6.219017938552	28
47	825	6.613591370162	28
47	845	6.719017938552	28
47	865	6.823611774751	28
47	909	7.219017938552	28
47	953	7.658948843264	28
47	973	7.719017938552	28
47	993	7.928573247221	28
47	1037	8.219017938552	28
47	1057	8.424422651798	28
47	1101	8.719017938552	28
47	1121	8.939869268135	28
47	1165	9.219017938552	28
47	1185	9.238328188647	28
47	1229	9.719017938552	28
47	1249	9.963688073111	28
47	1293	10.209615836375	28
47	1312	10.219017938552	28
47	1357	10.719017938552	28
47	1377	11.012283464418	28
47	1422	11.219017938552	28
47	1466	11.431652185124	28
47	1486	11.627694424697	28
47	1506	11.719017938552	28
47	1550	12.214729019337	28
47	1569	12.219017938552	28
47	1614	12.719017938552	28
47	1634	12.803693018098	28
47	1678	13.219017938552	28
47	1698	13.396694011231	28
47	1742	13.719017938552	28
47	1762	13.733460327693	28
47	1806	13.981069794194	28
47	1826	14.219017938552	28
47	1870	14.719017938552	28
47	1890	14.796177207669	28
47	1934	15.219017938552	28
47	1953	15.224174840179	28
47	1998	15.719017938552	28
47	2018	15.755168759347	28
47	2062	16.219017938552	28
47	2082	16.451561427013	28
47	2126	16.719017938552	28
47	2170	17.05323411337	28
47	2190	17.219017938552	28
47	2210	17.243249762327	28
47	2254	17.719017938552	28
47	2274	17.839504771483	28
47	2318	18.219017938552	28
47	2362	18.483268932895	28
47	2382	18.559458515131	28
47	2402	18.719017938552	28
47	2446	19.219017938552	28
47	2466	19.57409691763	28
47	2510	19.719017938552	28
47	2554	19.948977768038	28
47	2574	20.071983464797	28
47	2594	20.219017938552	28
47	2638	20.614297993098	28
47	2658	20.719017938552	28
47	2702	21.219017938552	28
47	2722	21.345912401089	28
47	2766	21.719017938552	28
47	2786	21.808083181725	28
47	2830	22.219017938552	28
47	2850	22.277564207081	28
47	2894	22.61027738125	28
47	2914	22.719017938552	28
47	2958	23.219017938552	28
47	2978	23.568525759679	28
47	3022	23.719017938552	28
47	3042	23.84386423611	28
47	3086	24.219017938552	28
47	3106	24.264133436688	28
47	3150	24.719017938552	28
47	3170	24.73801396097	28
47	3213	25.219017938552	28
47	3258	25.578829760746	28
47	3278	25.719017938552	28
47	3298	25.753523379089	28
47	3342	26.219017938552	28
47	3362	26.271738350008	28
47	3406	26.70711584295	28
47	3426	26.719017938552	28
47	3470	27.219017938552	28
47	3490	27.232458482672	28
47	3534	27.598819708348	28
47	3554	27.719017938552	28
47	3598	28.219017938552	28
47	3641	28.451899371379	28
47	3662	28.601620483389	28
47	3682	28.719017938552	28
47	3726	29.219017938552	28
47	3746	29.30943774105	28
47	3790	29.719017938552	28
47	3810	29.946785092529	28
47	3854	30.219017938552	28
47	3898	30.463735770889	28
47	3918	30.512874645264	28
47	3938	30.719017938552	28
47	3982	31.219017938552	28
47	4002	31.503783005652	28
47	4046	31.719017938552	28
47	4065	31.727369818547	28
47	4110	32.219017938552	28
47	4154	32.698828391347	28
47	4174	32.719017938552	28
47	4194	32.958204472427	28
47	4238	33.219017938552	28
47	4282	33.514020790708	28
47	4302	33.683690690053	28
47	4322	33.719017938552	28
47	4366	34.219017938552	28
47	4410	34.395635723777	28
47	4430	34.443136790198	28
47	4450	34.719017938552	28
47	4494	35.209273758055	28
47	4513	35.219017938552	28
47	4557	35.719017938552	28
47	4578	35.859379923706	28
47	4622	36.181700472989	28
47	4642	36.219017938552	28
47	4686	36.65931510589	28
47	4706	36.719017938552	28
47	4750	37.219017938552	28
47	4770	37.322124349501	28
47	4814	37.719017938552	28
47	4834	37.937362158288	28
47	4878	38.219017938552	28
47	4898	38.312419795234	28
47	4942	38.719017938552	28
47	4962	38.783184306685	28
47	5006	39.219017938552	28
47	5026	39.37218273132	28
47	5070	39.719017938552	28
47	5090	39.871663427715	28
47	5134	40.219017938552	28
47	5154	40.332353411232	28
47	5198	40.719017938552	28
47	5218	40.823731990707	28
47	5262	41.219017938552	28
47	5306	41.518308248546	28
47	5326	41.719017938552	28
47	5346	41.824430079469	28
47	5390	42.157981613268	28
47	5410	42.219017938552	28
47	5454	42.690173436877	28
47	5474	42.719017938552	28
47	5518	43.219017938552	28
47	5538	43.309122582142	28
47	5582	43.719017938552	28
47	5602	43.964867140249	28
47	5646	44.219017938552	28
47	5666	44.371783490934	28
47	5710	44.598635216792	28
47	5730	44.719017938552	28
47	5774	45.219017938552	28
47	5794	45.313200079546	28
47	5838	45.648638219562	28
47	5858	45.719017938552	28
47	5902	46.219017938552	28
47	5922	46.317018801243	28
47	5966	46.56926803681	28
47	5986	46.719017938552	28
47	6030	47.219017938552	28
47	6050	47.249169926707	28
47	6094	47.719017938552	28
47	6114	47.755317154888	28
47	6158	48.219017938552	28
47	6202	48.495039126173	28
47	6222	48.719017938552	28
47	6242	48.919732596622	28
47	6286	49.19228308712	28
47	6306	49.219017938552	28
47	6350	49.719017938552	28
47	6370	49.952372216609	28
47	6414	50.219017938552	28
47	6434	50.314722687555	28
47	6478	50.719017938552	28
47	6498	51.006782721997	28
47	6542	51.219017938552	28
47	6562	51.264267690003	28
47	6606	51.719017938552	28
47	6650	52.157187981707	28
47	6670	52.219017938552	28
47	6690	52.370338986245	28
47	6734	52.719017938552	28
47	6754	52.937709164888	28
47	6797	53.219017938552	28
47	6842	53.584922150325	28
47	6861	53.590686686234	28
47	6882	53.719017938552	28
47	6926	54.219017938552	28
47	6970	54.551795214591	28
47	6990	54.719017938552	28
47	7010	54.742796957948	28
47	7054	55.219017938552	28
47	7098	55.542083516893	28
47	7118	55.719017938552	28
47	7138	55.751894266055	28
47	7182	56.219017938552	28
47	7202	56.397448082351	28
47	7246	56.719017938552	28
47	7290	57.082645729732	28
47	7310	57.219017938552	28
47	7330	57.444954351605	28
47	7374	57.719017938552	28
47	7394	57.883863724572	28
47	7438	58.219017938552	28
47	7482	58.515182562256	28
47	7502	58.719017938552	28
47	7522	58.76927589354	28
47	7566	59.219017938552	28
47	7586	59.24695634012	28
47	7630	59.719017938552	28
47	7650	59.909547316831	28
47	7694	60.11709089455	28
47	7714	60.219017938552	28
47	7758	60.719017938552	28
47	7777	60.728149407533	28
47	7822	61.219017938552	28
47	7866	61.46996583444	28
47	7886	61.650694051188	28
47	7906	61.719017938552	28
47	7950	62.219017938552	28
47	7970	62.32005766685	28
47	8014	62.719017938552	28
47	8034	62.890642019537	28
47	8078	63.219017938552	28
47	8098	63.325037109562	28
47	8142	63.579924880796	28
47	8162	63.719017938552	28
47	8206	64.184402124946	28
47	8226	64.219017938552	28
47	8270	64.719017938552	28
47	8290	64.797434376636	28
47	8334	65.219017938552	28
47	8378	65.36992321004	28
47	8398	65.694196969353	28
47	8418	65.719017938552	28
47	8462	66.219017938552	28
47	8506	66.567892621819	28
47	8526	66.719017938552	28
47	8545	66.720432876971	28
47	8590	67.219017938552	28
47	8610	67.366590318073	28
47	8654	67.622996915494	28
47	8674	67.719017938552	28
47	8718	68.132716544055	28
47	8738	68.219017938552	28
47	8781	68.719017938552	28
47	8826	69.169852843125	28
47	8846	69.219017938552	28
47	8866	69.346080573824	28
47	8910	69.719017938552	28
47	8930	69.915831046821	28
47	8974	70.138727829782	28
47	8994	70.219017938552	28
47	9038	70.719017938552	28
47	9058	70.8270872848	28
47	9102	71.219017938552	28
47	9122	71.346087789246	28
47	9166	71.719017938552	28
47	9186	72.006705075492	28
47	9230	72.219017938552	28
47	9250	72.315701979481	28
47	9294	72.719017938552	28
47	9338	72.999487532013	28
47	9358	73.128576127616	28
47	9378	73.219017938552	28
47	9422	73.719017938552	28
47	9442	73.869016612776	28
47	9486	74.035733605818	28
47	9506	74.219017938552	28
47	9550	74.719017938552	28
47	9570	75.070290303872	28
47	9614	75.219017938552	28
47	9658	75.588367506944	28
47	9678	75.719017938552	28
47	9698	75.81166559317	28
47	9742	76.138328958013	28
47	9762	76.219017938552	28
47	9806	76.460422356323	28
47	9826	76.719017938552	28
47	9869	77.219017938552	28
47	9914	77.591468097352	28
47	9934	77.719017938552	28
47	9954	77.750199978881	28
47	9998	78.219017938552	28
47	10042	78.376318994806	28
47	10062	78.719017938552	28
47	10082	78.786254781195	28
47	10126	79.219017938552	28
47	10170	79.455873650395	28
47	10190	79.719017938552	28
47	10210	79.768439130661	28
47	10254	80.016449174927	28
47	10274	80.219017938552	28
47	10318	80.719017938552	28
47	10338	80.869422508486	28
47	10382	81.219017938552	28
47	10402	81.589112238669	28
47	10446	81.719017938552	28
47	10466	81.788118175779	28
47	10510	82.219017938552	28
47	10530	82.263642773301	28
47	10574	82.637021376927	28
47	10594	82.719017938552	28
47	10638	83.135059262429	28
47	10658	83.219017938552	28
47	10702	83.498671430526	28
47	10722	83.719017938552	28
47	10766	84.219017938552	28
47	10786	84.305340323773	28
47	10830	84.694416869235	28
47	10850	84.719017938552	28
47	10894	85.219017938552	28
47	10914	85.407436461922	28
47	10958	85.719017938552	28
47	11002	86.168347023138	28
47	11022	86.219017938552	28
47	11042	86.444533512452	28
47	11086	86.670864340373	28
47	11106	86.719017938552	28
47	11150	87.219017938552	28
47	11170	87.298801967492	28
47	11214	87.719017938552	28
47	11258	87.868068485882	28
47	11278	88.17050606328	28
47	11298	88.219017938552	28
47	11342	88.719017938552	28
47	11362	88.794262962685	28
47	11405	89.219017938552	28
47	11450	89.690110764642	28
47	11470	89.719017938552	28
47	11490	89.771958000296	28
47	11534	90.219017938552	28
47	11554	90.405355971855	28
47	11598	90.719017938552	28
47	11618	91.00114317377	28
47	11662	91.219017938552	28
47	11682	91.511853114971	28
47	11726	91.719017938552	28
47	11746	91.930040510175	28
47	11790	92.219017938552	28
47	11810	92.300452007064	28
47	11854	92.5883603081	28
47	11874	92.719017938552	28
47	11918	93.082921097231	28
47	11938	93.219017938552	28
47	11982	93.719017938552	28
47	12002	93.884715308238	28
47	12046	94.219017938552	28
47	12066	94.443116337051	28
47	12110	94.719017938552	28
47	12130	94.796493741673	28
47	12174	95.219017938552	28
47	12194	95.398527131312	28
47	12238	95.719017938552	28
47	12258	95.793427076459	28
47	12302	95.976796497487	28
47	12322	96.219017938552	28
47	12366	96.615800591082	28
47	12386	96.719017938552	28
47	12430	97.219017938552	28
47	12450	97.239320038807	28
47	12494	97.719017938552	28
47	12514	98.050405823429	28
47	12557	98.219017938552	28
47	12578	98.461129096699	28
47	12622	98.719017938552	28
47	12642	98.738371244342	28
47	12686	99.146337607958	28
47	12706	99.219017938552	28
47	12750	99.719017938552	28
47	12770	99.788211891231	28
47	12814	100.219017938552	28
47	12834	100.488757532918	28
47	12878	100.719017938552	28
47	12898	100.792383872055	28
47	12942	101.219017938552	28
47	12962	101.404930919678	28
47	13006	101.719017938552	28
47	13026	102.020953146171	28
47	13070	102.219017938552	28
47	13114	102.601480957203	28
47	13134	102.694024273091	28
47	13154	102.719017938552	28
47	13198	103.219017938552	28
47	13218	103.367103736464	28
47	13262	103.719017938552	28
47	13306	103.887362792426	28
47	13326	103.982615175926	28
47	13346	104.219017938552	28
47	13390	104.719017938552	28
47	13410	104.814505795658	28
47	13454	105.219017938552	28
47	13474	105.400107625209	28
47	13518	105.719017938552	28
47	13538	105.934622153071	28
47	13582	106.219017938552	28
47	13602	106.41310729253	28
47	13646	106.719017938552	28
47	13666	106.88175917779	28
47	13710	107.219017938552	28
47	13754	107.37894382215	28
47	13774	107.719017938552	28
47	13794	107.768549008844	28
47	13838	108.153627507192	28
47	13858	108.219017938552	28
47	13902	108.719017938552	28
47	13922	108.908865952761	28
47	13966	109.219017938552	28
47	13986	109.347856048671	28
47	14030	109.719017938552	28
47	14074	110.07253505093	28
47	14094	110.219017938552	28
47	14114	110.376913823736	28
47	14158	110.699033123803	28
47	14178	110.719017938552	28
47	14222	111.219017938552	28
47	14266	111.613910612081	28
47	14286	111.719017938552	28
47	14306	111.803585658305	28
47	14350	112.219017938552	28
47	14370	112.373162305625	28
47	14414	112.630268354611	28
47	14434	112.719017938552	28
47	14478	113.219017938552	28
47	14521	113.509727232613	28
47	14542	113.618432321389	28
47	14562	113.719017938552	28
47	14606	114.219017938552	28
47	14626	114.287088165794	28
47	14670	114.650818513137	28
47	14690	114.719017938552	28
47	14734	115.219017938552	28
47	14754	115.36131146931	28
47	14798	115.719017938552	28
47	14818	115.863402548794	28
47	14862	116.116470383656	28
47	14882	116.219017938552	28
47	14926	116.719017938552	28
47	14945	116.728763631255	28
47	14990	117.219017938552	28
47	15010	117.588040952188	28
47	15054	117.719017938552	28
47	15074	117.765311137018	28
47	15118	118.219017938552	28
47	15138	118.396357188177	28
47	15182	118.583051350423	28
47	15202	118.719017938552	28
47	15246	119.219017938552	28
47	15266	119.276174026531	28
47	15310	119.719017938552	28
47	15330	119.859680191883	28
47	15374	120.219017938552	28
47	15394	120.330895207346	28
47	15438	120.719017938552	28
47	15458	120.828949955654	28
47	15502	121.059352015321	28
47	15522	121.219017938552	28
47	15566	121.680672668097	28
47	15586	121.719017938552	28
47	15630	122.111644924049	28
47	15650	122.219017938552	28
47	15694	122.719017938552	28
47	15738	123.084471650598	28
47	15758	123.219017938552	28
47	15778	123.237777892955	28
47	15822	123.719017938552	28
47	15866	124.017729750545	28
47	15886	124.219017938552	28
47	15906	124.317992964936	28
47	15950	124.539815777343	28
47	15970	124.719017938552	28
47	16014	125.219017938552	28
47	16034	125.440045360931	28
47	16073	125.719017938552	28
47	16111	126.219017938552	28
47	16149	126.719017938552	28
48	45	0.438031780654	28
48	89	0.841703128842	28
48	173	1.428080456358	28
48	237	2.010083983214	28
48	301	2.643885429137	28
48	365	3.011008807112	28
48	429	3.476131855817	28
48	493	4.153449446083	28
48	557	4.453976403204	28
48	621	5.078286689174	28
48	685	5.466314553496	28
48	749	6.201880000279	28
48	793	6.375158249521	28
48	877	7.167052838978	28
48	921	7.508461154559	28
48	1005	8.139382239551	28
48	1069	8.527208930747	28
48	1133	9.090569752016	28
48	1197	9.607270999187	28
48	1261	10.051825855047	28
48	1325	10.533967229844	28
48	1389	11.122464186725	28
48	1434	11.361380981122	28
48	1518	12.008458107644	28
48	1582	12.393550876369	28
48	1646	13.11378520972	28
48	1709	13.405638081235	28
48	1774	13.873105207858	28
48	1838	14.448674340201	28
48	1902	14.878887884066	28
48	1966	15.407946492759	28
48	2030	15.973613529773	28
48	2094	16.680057327104	28
48	2138	16.998997934376	28
48	2222	17.56424332329	28
48	2286	18.179957369835	28
48	2330	18.358730079168	28
48	2414	19.206941565991	28
48	2477	19.580273951431	28
48	2522	19.887381773003	28
48	2606	20.462278806631	28
48	2670	21.119292394099	28
48	2734	21.562150205233	28
48	2798	21.949036829573	28
48	2862	22.334388108765	28
48	2926	23.072727559813	28
48	2990	23.702597646256	28
48	3054	24.080134066128	28
48	3118	24.573041489375	28
48	3182	25.217137764794	28
48	3226	25.551758071435	28
48	3310	25.984765373756	28
48	3374	26.508896940601	28
48	3438	27.068421980952	28
48	3502	27.454220985555	28
48	3566	28.088918867455	28
48	3610	28.445898636458	28
48	3694	29.130356131242	28
48	3758	29.698846359112	28
48	3822	30.084028685772	28
48	3866	30.324446595301	28
48	3950	31.068156375856	28
48	4014	31.588481790972	28
48	4078	32.207795938131	28
48	4122	32.670295325973	28
48	4206	33.02286768726	28
48	4250	33.34130381572	28
48	4334	33.999481624112	28
48	4378	34.327013007485	28
48	4462	34.99570230714	28
48	4526	35.710852630743	28
48	4590	35.962795726144	28
48	4654	36.511375353047	28
48	4718	37.094482413054	28
48	4782	37.671208295812	28
48	4846	38.186312127699	28
48	4910	38.405746791818	28
48	4974	39.045093484809	28
48	5038	39.665058964145	28
48	5102	40.022605522935	28
48	5166	40.685707121183	28
48	5230	41.187480983351	28
48	5274	41.352262933207	28
48	5358	41.930105364163	28
48	5422	42.32276061925	28
48	5486	43.155954770212	28
48	5550	43.577887593982	28
48	5614	44.155572387417	28
48	5678	44.424910004278	28
48	5742	44.978146239211	28
48	5806	45.540146532216	28
48	5870	45.884994122786	28
48	5934	46.466941176848	28
48	5998	46.877594643858	28
48	6062	47.546865300302	28
48	6126	48.10051285087	28
48	6170	48.434408511528	28
48	6254	48.992333164093	28
48	6318	49.621460615125	28
48	6382	49.977457249844	28
48	6446	50.677433294271	28
48	6510	51.074586370614	28
48	6574	51.675639710882	28
48	6618	52.091040167705	28
48	6702	52.498697031316	28
48	6766	53.210446308115	28
48	6810	53.365498702534	28
48	6894	54.125827419599	28
48	6938	54.483745995284	28
48	7022	55.08919356943	28
48	7066	55.418936448571	28
48	7150	55.944305271403	28
48	7214	56.705184425999	28
48	7258	57.054403971908	28
48	7342	57.582885304214	28
48	7406	58.032300439225	28
48	7450	58.411231147804	28
48	7534	58.976965655413	28
48	7598	59.566541362953	28
48	7662	60.008964947172	28
48	7726	60.507070813914	28
48	7790	61.105447751963	28
48	7834	61.434214340084	28
48	7918	61.972402828959	28
48	7982	62.618685872973	28
48	8046	63.170398815003	28
48	8110	63.360163282537	28
48	8174	63.855967493196	28
48	8238	64.460636604325	28
48	8302	65.039744440586	28
48	8346	65.332467976053	28
48	8430	66.206602644947	28
48	8474	66.44741683605	28
48	8558	66.907523011629	28
48	8621	67.375523499706	28
48	8686	67.857921909195	28
48	8750	68.712634832718	28
48	8794	68.923154309978	28
48	8878	69.53382694547	28
48	8942	69.998188408026	28
48	9006	70.35884557248	28
48	9070	70.959942602766	28
48	9134	71.50671760722	28
48	9198	72.155473990486	28
48	9262	72.680877036256	28
48	9306	72.834041692344	28
48	9390	73.522344118663	28
48	9454	73.88575694573	28
48	9518	74.630638345824	28
48	9582	75.16499125569	28
48	9626	75.483576628313	28
48	9710	75.875006971815	28
48	9774	76.332306893104	28
48	9838	77.212047921241	28
48	9882	77.468334239655	28
48	9966	77.98704808562	28
48	10010	78.339253183668	28
48	10094	78.965216378429	28
48	10138	79.325669126333	28
48	10222	79.911314875194	28
48	10286	80.624982617729	28
48	10350	81.196667346851	28
48	10414	81.619017637641	28
48	10478	81.954779464965	28
48	10542	82.514837515381	28
48	10606	82.954611985133	28
48	10670	83.390814045751	28
48	10734	83.887412575659	28
48	10798	84.504398329024	28
48	10862	85.168847123374	28
48	10926	85.696665838947	28
48	10970	86.062319085588	28
48	11054	86.557680103675	28
48	11118	87.132475637765	28
48	11182	87.51902845607	28
48	11226	87.839165962049	28
48	11310	88.598657169593	28
48	11374	89.215976496813	28
48	11418	89.425922952154	28
48	11502	90.090654185814	28
48	11566	90.664730515544	28
48	11630	91.119355637328	28
48	11694	91.704813844831	28
48	11758	92.040714912982	28
48	11822	92.403974139345	28
48	11886	92.907995227938	28
48	11950	93.406517685697	28
48	12014	94.046847351295	28
48	12078	94.499861553804	28
48	12142	95.207112612509	28
48	12206	95.591235816226	28
48	12270	95.853136165374	28
48	12334	96.341585272391	28
48	12398	97.014153020949	28
48	12462	97.671419762009	28
48	12526	98.209579694671	28
48	12590	98.566081106224	28
48	12654	99.03601744932	28
48	12718	99.660863371779	28
48	12782	100.116551755489	28
48	12846	100.510456469123	28
48	12910	101.089850569078	28
48	12974	101.561835962933	28
48	13038	102.104896711678	28
48	13082	102.506816813563	28
48	13166	103.001423787911	28
48	13230	103.681585174081	28
48	13274	103.873906106901	28
48	13358	104.410705667761	28
48	13422	105.171652100169	28
48	13486	105.680787929454	28
48	13550	106.077331778434	28
48	13614	106.448891127602	28
48	13678	107.026902415444	28
48	13722	107.319040078697	28
48	13806	107.943762026754	28
48	13870	108.489198553496	28
48	13934	109.173153004264	28
48	13998	109.59096972051	28
48	14042	110.001469847494	28
48	14126	110.512381385573	28
48	14190	111.134513707113	28
48	14234	111.410794670162	28
48	14318	112.171136980345	28
48	14382	112.444494897527	28
48	14446	113.201998280947	28
48	14490	113.507718568881	28
48	14574	114.103651467179	28
48	14638	114.380495659941	28
48	14702	115.111194810764	28
48	14766	115.577523712561	28
48	14830	115.904970233169	28
48	14894	116.393601225995	28
48	14958	117.142050044545	28
48	15022	117.617849726909	28
48	15086	118.088956876592	28
48	15150	118.429775439416	28
48	15214	118.888981487443	28
48	15278	119.600807643243	28
48	15342	120.004278017142	28
48	15406	120.655189352696	28
48	15470	120.900964243178	28
48	15534	121.385001487126	28
48	15598	121.868951162909	28
48	15662	122.607850202852	28
48	15706	122.831199124855	28
48	15790	123.617815633611	28
48	15834	123.856056401999	28
48	15918	124.405998136316	28
48	15982	125.118719705221	28
48	16046	125.61169544191	28
48	16084	126.052808367488	28
48	16122	126.337263792966	28
48	16160	127.203792491955	28
49	45	0.438031780654	28
49	89	0.841703128842	28
49	173	1.428080456358	28
49	237	2.010083983214	28
49	301	2.643885429137	28
49	365	3.011008807112	28
49	429	3.476131855817	28
49	493	4.153449446083	28
49	557	4.453976403204	28
49	621	5.078286689174	28
49	685	5.466314553496	28
49	749	6.201880000279	28
49	793	6.375158249521	28
49	877	7.167052838978	28
49	921	7.508461154559	28
49	1005	8.139382239551	28
49	1069	8.527208930747	28
49	1133	9.090569752016	28
49	1197	9.607270999187	28
49	1261	10.051825855047	28
49	1325	10.533967229844	28
49	1389	11.122464186725	28
49	1434	11.361380981122	28
49	1518	12.008458107644	28
49	1582	12.393550876369	28
49	1646	13.11378520972	28
49	1709	13.405638081235	28
49	1774	13.873105207858	28
49	1838	14.448674340201	28
49	1902	14.878887884066	28
49	1966	15.407946492759	28
49	2030	15.973613529773	28
49	2094	16.680057327104	28
49	2138	16.998997934376	28
49	2222	17.56424332329	28
49	2286	18.179957369835	28
49	2330	18.358730079168	28
49	2414	19.206941565991	28
49	2477	19.580273951431	28
49	2522	19.887381773003	28
49	2606	20.462278806631	28
49	2670	21.119292394099	28
49	2734	21.562150205233	28
49	2798	21.949036829573	28
49	2862	22.334388108765	28
49	2926	23.072727559813	28
49	2990	23.702597646256	28
49	3054	24.080134066128	28
49	3118	24.573041489375	28
49	3182	25.217137764794	28
49	3226	25.551758071435	28
49	3310	25.984765373756	28
49	3374	26.508896940601	28
49	3438	27.068421980952	28
49	3502	27.454220985555	28
49	3566	28.088918867455	28
49	3610	28.445898636458	28
49	3694	29.130356131242	28
49	3758	29.698846359112	28
49	3822	30.084028685772	28
49	3866	30.324446595301	28
49	3950	31.068156375856	28
49	4014	31.588481790972	28
49	4078	32.207795938131	28
49	4122	32.670295325973	28
49	4206	33.02286768726	28
49	4250	33.34130381572	28
49	4334	33.999481624112	28
49	4378	34.327013007485	28
49	4462	34.99570230714	28
49	4526	35.710852630743	28
49	4590	35.962795726144	28
49	4654	36.511375353047	28
49	4718	37.094482413054	28
49	4782	37.671208295812	28
49	4846	38.186312127699	28
49	4910	38.405746791818	28
49	4974	39.045093484809	28
49	5038	39.665058964145	28
49	5102	40.022605522935	28
49	5166	40.685707121183	28
49	5230	41.187480983351	28
49	5274	41.352262933207	28
49	5358	41.930105364163	28
49	5422	42.32276061925	28
49	5486	43.155954770212	28
49	5550	43.577887593982	28
49	5614	44.155572387417	28
49	5678	44.424910004278	28
49	5742	44.978146239211	28
49	5806	45.540146532216	28
49	5870	45.884994122786	28
49	5934	46.466941176848	28
49	5998	46.877594643858	28
49	6062	47.546865300302	28
49	6126	48.10051285087	28
49	6170	48.434408511528	28
49	6254	48.992333164093	28
49	6318	49.621460615125	28
49	6382	49.977457249844	28
49	6446	50.677433294271	28
49	6510	51.074586370614	28
49	6574	51.675639710882	28
49	6618	52.091040167705	28
49	6702	52.498697031316	28
49	6766	53.210446308115	28
49	6810	53.365498702534	28
49	6894	54.125827419599	28
49	6938	54.483745995284	28
49	7022	55.08919356943	28
49	7066	55.418936448571	28
49	7150	55.944305271403	28
49	7214	56.705184425999	28
49	7258	57.054403971908	28
49	7342	57.582885304214	28
49	7406	58.032300439225	28
49	7450	58.411231147804	28
49	7534	58.976965655413	28
49	7598	59.566541362953	28
49	7662	60.008964947172	28
49	7726	60.507070813914	28
49	7790	61.105447751963	28
49	7834	61.434214340084	28
49	7918	61.972402828959	28
49	7982	62.618685872973	28
49	8046	63.170398815003	28
49	8110	63.360163282537	28
49	8174	63.855967493196	28
49	8238	64.460636604325	28
49	8302	65.039744440586	28
49	8346	65.332467976053	28
49	8430	66.206602644947	28
49	8474	66.44741683605	28
49	8558	66.907523011629	28
49	8621	67.375523499706	28
49	8686	67.857921909195	28
49	8750	68.712634832718	28
49	8794	68.923154309978	28
49	8878	69.53382694547	28
49	8942	69.998188408026	28
49	9006	70.35884557248	28
49	9070	70.959942602766	28
49	9134	71.50671760722	28
49	9198	72.155473990486	28
49	9262	72.680877036256	28
49	9306	72.834041692344	28
49	9390	73.522344118663	28
49	9454	73.88575694573	28
49	9518	74.630638345824	28
49	9582	75.16499125569	28
49	9626	75.483576628313	28
49	9710	75.875006971815	28
49	9774	76.332306893104	28
49	9838	77.212047921241	28
49	9882	77.468334239655	28
49	9966	77.98704808562	28
49	10010	78.339253183668	28
49	10094	78.965216378429	28
49	10138	79.325669126333	28
49	10222	79.911314875194	28
49	10286	80.624982617729	28
49	10350	81.196667346851	28
49	10414	81.619017637641	28
49	10478	81.954779464965	28
49	10542	82.514837515381	28
49	10606	82.954611985133	28
49	10670	83.390814045751	28
49	10734	83.887412575659	28
49	10798	84.504398329024	28
49	10862	85.168847123374	28
49	10926	85.696665838947	28
49	10970	86.062319085588	28
49	11054	86.557680103675	28
49	11118	87.132475637765	28
49	11182	87.51902845607	28
49	11226	87.839165962049	28
49	11310	88.598657169593	28
49	11374	89.215976496813	28
49	11418	89.425922952154	28
49	11502	90.090654185814	28
49	11566	90.664730515544	28
49	11630	91.119355637328	28
49	11694	91.704813844831	28
49	11758	92.040714912982	28
49	11822	92.403974139345	28
49	11886	92.907995227938	28
49	11950	93.406517685697	28
49	12014	94.046847351295	28
49	12078	94.499861553804	28
49	12142	95.207112612509	28
49	12206	95.591235816226	28
49	12270	95.853136165374	28
49	12334	96.341585272391	28
49	12398	97.014153020949	28
49	12462	97.671419762009	28
49	12526	98.209579694671	28
49	12590	98.566081106224	28
49	12654	99.03601744932	28
49	12718	99.660863371779	28
49	12782	100.116551755489	28
49	12846	100.510456469123	28
49	12910	101.089850569078	28
49	12974	101.561835962933	28
49	13038	102.104896711678	28
49	13082	102.506816813563	28
49	13166	103.001423787911	28
49	13230	103.681585174081	28
49	13274	103.873906106901	28
49	13358	104.410705667761	28
49	13422	105.171652100169	28
49	13486	105.680787929454	28
49	13550	106.077331778434	28
49	13614	106.448891127602	28
49	13678	107.026902415444	28
49	13722	107.319040078697	28
49	13806	107.943762026754	28
49	13870	108.489198553496	28
49	13934	109.173153004264	28
49	13998	109.59096972051	28
49	14042	110.001469847494	28
49	14126	110.512381385573	28
49	14190	111.134513707113	28
49	14234	111.410794670162	28
49	14318	112.171136980345	28
49	14382	112.444494897527	28
49	14446	113.201998280947	28
49	14490	113.507718568881	28
49	14574	114.103651467179	28
49	14638	114.380495659941	28
49	14702	115.111194810764	28
49	14766	115.577523712561	28
49	14830	115.904970233169	28
49	14894	116.393601225995	28
49	14958	117.142050044545	28
49	15022	117.617849726909	28
49	15086	118.088956876592	28
49	15150	118.429775439416	28
49	15214	118.888981487443	28
49	15278	119.600807643243	28
49	15342	120.004278017142	28
49	15406	120.655189352696	28
49	15470	120.900964243178	28
49	15534	121.385001487126	28
49	15598	121.868951162909	28
49	15662	122.607850202852	28
49	15706	122.831199124855	28
49	15790	123.617815633611	28
49	15834	123.856056401999	28
49	15918	124.405998136316	28
49	15982	125.118719705221	28
49	16046	125.61169544191	28
49	16084	126.052808367488	28
49	16122	126.337263792966	28
49	16160	127.203792491955	28
50	33	0.219017938552	28
50	77	0.719017938552	28
50	121	0.895189648484	28
50	141	1.219017938552	28
50	161	1.327616901593	28
50	205	1.681905732014	28
50	225	1.719017938552	28
50	269	2.219017938552	28
50	289	2.427222663713	28
50	333	2.719017938552	28
50	353	2.955892064877	28
50	397	3.219017938552	28
50	417	3.338675299742	28
50	461	3.719017938552	28
50	481	3.946819176236	28
50	525	4.219017938552	28
50	545	4.282312536695	28
50	589	4.589276789119	28
50	609	4.719017938552	28
50	653	5.18682271595	28
50	673	5.219017938552	28
50	717	5.719017938552	28
50	737	5.89981115776	28
50	781	6.219017938552	28
50	825	6.613591370162	28
50	845	6.719017938552	28
50	865	6.823611774751	28
50	909	7.219017938552	28
50	953	7.658948843264	28
50	973	7.719017938552	28
50	993	7.928573247221	28
50	1037	8.219017938552	28
50	1057	8.424422651798	28
50	1101	8.719017938552	28
50	1121	8.939869268135	28
50	1165	9.219017938552	28
50	1185	9.238328188647	28
50	1229	9.719017938552	28
50	1249	9.963688073111	28
50	1293	10.209615836375	28
50	1312	10.219017938552	28
50	1357	10.719017938552	28
50	1377	11.012283464418	28
50	1422	11.219017938552	28
50	1466	11.431652185124	28
50	1486	11.627694424697	28
50	1506	11.719017938552	28
50	1550	12.214729019337	28
50	1569	12.219017938552	28
50	1614	12.719017938552	28
50	1634	12.803693018098	28
50	1678	13.219017938552	28
50	1698	13.396694011231	28
50	1742	13.719017938552	28
50	1762	13.733460327693	28
50	1806	13.981069794194	28
50	1826	14.219017938552	28
50	1870	14.719017938552	28
50	1890	14.796177207669	28
50	1934	15.219017938552	28
50	1953	15.224174840179	28
50	1998	15.719017938552	28
50	2018	15.755168759347	28
50	2062	16.219017938552	28
50	2082	16.451561427013	28
50	2126	16.719017938552	28
50	2170	17.05323411337	28
50	2190	17.219017938552	28
50	2210	17.243249762327	28
50	2254	17.719017938552	28
50	2274	17.839504771483	28
50	2318	18.219017938552	28
50	2362	18.483268932895	28
50	2382	18.559458515131	28
50	2402	18.719017938552	28
50	2446	19.219017938552	28
50	2466	19.57409691763	28
50	2510	19.719017938552	28
50	2554	19.948977768038	28
50	2574	20.071983464797	28
50	2594	20.219017938552	28
50	2638	20.614297993098	28
50	2658	20.719017938552	28
50	2702	21.219017938552	28
50	2722	21.345912401089	28
50	2766	21.719017938552	28
50	2786	21.808083181725	28
50	2830	22.219017938552	28
50	2850	22.277564207081	28
50	2894	22.61027738125	28
50	2914	22.719017938552	28
50	2958	23.219017938552	28
50	2978	23.568525759679	28
50	3022	23.719017938552	28
50	3042	23.84386423611	28
50	3086	24.219017938552	28
50	3106	24.264133436688	28
50	3150	24.719017938552	28
50	3170	24.73801396097	28
50	3213	25.219017938552	28
50	3258	25.578829760746	28
50	3278	25.719017938552	28
50	3298	25.753523379089	28
50	3342	26.219017938552	28
50	3362	26.271738350008	28
50	3406	26.70711584295	28
50	3426	26.719017938552	28
50	3470	27.219017938552	28
50	3490	27.232458482672	28
50	3534	27.598819708348	28
50	3554	27.719017938552	28
50	3598	28.219017938552	28
50	3641	28.451899371379	28
50	3662	28.601620483389	28
50	3682	28.719017938552	28
50	3726	29.219017938552	28
50	3746	29.30943774105	28
50	3790	29.719017938552	28
50	3810	29.946785092529	28
50	3854	30.219017938552	28
50	3898	30.463735770889	28
50	3918	30.512874645264	28
50	3938	30.719017938552	28
50	3982	31.219017938552	28
50	4002	31.503783005652	28
50	4046	31.719017938552	28
50	4065	31.727369818547	28
50	4110	32.219017938552	28
50	4154	32.698828391347	28
50	4174	32.719017938552	28
50	4194	32.958204472427	28
50	4238	33.219017938552	28
50	4282	33.514020790708	28
50	4302	33.683690690053	28
50	4322	33.719017938552	28
50	4366	34.219017938552	28
50	4410	34.395635723777	28
50	4430	34.443136790198	28
50	4450	34.719017938552	28
50	4494	35.209273758055	28
50	4513	35.219017938552	28
50	4557	35.719017938552	28
50	4578	35.859379923706	28
50	4622	36.181700472989	28
50	4642	36.219017938552	28
50	4686	36.65931510589	28
50	4706	36.719017938552	28
50	4750	37.219017938552	28
50	4770	37.322124349501	28
50	4814	37.719017938552	28
50	4834	37.937362158288	28
50	4878	38.219017938552	28
50	4898	38.312419795234	28
50	4942	38.719017938552	28
50	4962	38.783184306685	28
50	5006	39.219017938552	28
50	5026	39.37218273132	28
50	5070	39.719017938552	28
50	5090	39.871663427715	28
50	5134	40.219017938552	28
50	5154	40.332353411232	28
50	5198	40.719017938552	28
50	5218	40.823731990707	28
50	5262	41.219017938552	28
50	5306	41.518308248546	28
50	5326	41.719017938552	28
50	5346	41.824430079469	28
50	5390	42.157981613268	28
50	5410	42.219017938552	28
50	5454	42.690173436877	28
50	5474	42.719017938552	28
50	5518	43.219017938552	28
50	5538	43.309122582142	28
50	5582	43.719017938552	28
50	5602	43.964867140249	28
50	5646	44.219017938552	28
50	5666	44.371783490934	28
50	5710	44.598635216792	28
50	5730	44.719017938552	28
50	5774	45.219017938552	28
50	5794	45.313200079546	28
50	5838	45.648638219562	28
50	5858	45.719017938552	28
50	5902	46.219017938552	28
50	5922	46.317018801243	28
50	5966	46.56926803681	28
50	5986	46.719017938552	28
50	6030	47.219017938552	28
50	6050	47.249169926707	28
50	6094	47.719017938552	28
50	6114	47.755317154888	28
50	6158	48.219017938552	28
50	6202	48.495039126173	28
50	6222	48.719017938552	28
50	6242	48.919732596622	28
50	6286	49.19228308712	28
50	6306	49.219017938552	28
50	6350	49.719017938552	28
50	6370	49.952372216609	28
50	6414	50.219017938552	28
50	6434	50.314722687555	28
50	6478	50.719017938552	28
50	6498	51.006782721997	28
50	6542	51.219017938552	28
50	6562	51.264267690003	28
50	6606	51.719017938552	28
50	6650	52.157187981707	28
50	6670	52.219017938552	28
50	6690	52.370338986245	28
50	6734	52.719017938552	28
50	6754	52.937709164888	28
50	6797	53.219017938552	28
50	6842	53.584922150325	28
50	6861	53.590686686234	28
50	6882	53.719017938552	28
50	6926	54.219017938552	28
50	6970	54.551795214591	28
50	6990	54.719017938552	28
50	7010	54.742796957948	28
50	7054	55.219017938552	28
50	7098	55.542083516893	28
50	7118	55.719017938552	28
50	7138	55.751894266055	28
50	7182	56.219017938552	28
50	7202	56.397448082351	28
50	7246	56.719017938552	28
50	7290	57.082645729732	28
50	7310	57.219017938552	28
50	7330	57.444954351605	28
50	7374	57.719017938552	28
50	7394	57.883863724572	28
50	7438	58.219017938552	28
50	7482	58.515182562256	28
50	7502	58.719017938552	28
50	7522	58.76927589354	28
50	7566	59.219017938552	28
50	7586	59.24695634012	28
50	7630	59.719017938552	28
50	7650	59.909547316831	28
50	7694	60.11709089455	28
50	7714	60.219017938552	28
50	7758	60.719017938552	28
50	7777	60.728149407533	28
50	7822	61.219017938552	28
50	7866	61.46996583444	28
50	7886	61.650694051188	28
50	7906	61.719017938552	28
50	7950	62.219017938552	28
50	7970	62.32005766685	28
50	8014	62.719017938552	28
50	8034	62.890642019537	28
50	8078	63.219017938552	28
50	8098	63.325037109562	28
50	8142	63.579924880796	28
50	8162	63.719017938552	28
50	8206	64.184402124946	28
50	8226	64.219017938552	28
50	8270	64.719017938552	28
50	8290	64.797434376636	28
50	8334	65.219017938552	28
50	8378	65.36992321004	28
50	8398	65.694196969353	28
50	8418	65.719017938552	28
50	8462	66.219017938552	28
50	8506	66.567892621819	28
50	8526	66.719017938552	28
50	8545	66.720432876971	28
50	8590	67.219017938552	28
50	8610	67.366590318073	28
50	8654	67.622996915494	28
50	8674	67.719017938552	28
50	8718	68.132716544055	28
50	8738	68.219017938552	28
50	8781	68.719017938552	28
50	8826	69.169852843125	28
50	8846	69.219017938552	28
50	8866	69.346080573824	28
50	8910	69.719017938552	28
50	8930	69.915831046821	28
50	8974	70.138727829782	28
50	8994	70.219017938552	28
50	9038	70.719017938552	28
50	9058	70.8270872848	28
50	9102	71.219017938552	28
50	9122	71.346087789246	28
50	9166	71.719017938552	28
50	9186	72.006705075492	28
50	9230	72.219017938552	28
50	9250	72.315701979481	28
50	9294	72.719017938552	28
50	9338	72.999487532013	28
50	9358	73.128576127616	28
50	9378	73.219017938552	28
50	9422	73.719017938552	28
50	9442	73.869016612776	28
50	9486	74.035733605818	28
50	9506	74.219017938552	28
50	9550	74.719017938552	28
50	9570	75.070290303872	28
50	9614	75.219017938552	28
50	9658	75.588367506944	28
50	9678	75.719017938552	28
50	9698	75.81166559317	28
50	9742	76.138328958013	28
50	9762	76.219017938552	28
50	9806	76.460422356323	28
50	9826	76.719017938552	28
50	9869	77.219017938552	28
50	9914	77.591468097352	28
50	9934	77.719017938552	28
50	9954	77.750199978881	28
50	9998	78.219017938552	28
50	10042	78.376318994806	28
50	10062	78.719017938552	28
50	10082	78.786254781195	28
50	10126	79.219017938552	28
50	10170	79.455873650395	28
50	10190	79.719017938552	28
50	10210	79.768439130661	28
50	10254	80.016449174927	28
50	10274	80.219017938552	28
50	10318	80.719017938552	28
50	10338	80.869422508486	28
50	10382	81.219017938552	28
50	10402	81.589112238669	28
50	10446	81.719017938552	28
50	10466	81.788118175779	28
50	10510	82.219017938552	28
50	10530	82.263642773301	28
50	10574	82.637021376927	28
50	10594	82.719017938552	28
50	10638	83.135059262429	28
50	10658	83.219017938552	28
50	10702	83.498671430526	28
50	10722	83.719017938552	28
50	10766	84.219017938552	28
50	10786	84.305340323773	28
50	10830	84.694416869235	28
50	10850	84.719017938552	28
50	10894	85.219017938552	28
50	10914	85.407436461922	28
50	10958	85.719017938552	28
50	11002	86.168347023138	28
50	11022	86.219017938552	28
50	11042	86.444533512452	28
50	11086	86.670864340373	28
50	11106	86.719017938552	28
50	11150	87.219017938552	28
50	11170	87.298801967492	28
50	11214	87.719017938552	28
50	11258	87.868068485882	28
50	11278	88.17050606328	28
50	11298	88.219017938552	28
50	11342	88.719017938552	28
50	11362	88.794262962685	28
50	11405	89.219017938552	28
50	11450	89.690110764642	28
50	11470	89.719017938552	28
50	11490	89.771958000296	28
50	11534	90.219017938552	28
50	11554	90.405355971855	28
50	11598	90.719017938552	28
50	11618	91.00114317377	28
50	11662	91.219017938552	28
50	11682	91.511853114971	28
50	11726	91.719017938552	28
50	11746	91.930040510175	28
50	11790	92.219017938552	28
50	11810	92.300452007064	28
50	11854	92.5883603081	28
50	11874	92.719017938552	28
50	11918	93.082921097231	28
50	11938	93.219017938552	28
50	11982	93.719017938552	28
50	12002	93.884715308238	28
50	12046	94.219017938552	28
50	12066	94.443116337051	28
50	12110	94.719017938552	28
50	12130	94.796493741673	28
50	12174	95.219017938552	28
50	12194	95.398527131312	28
50	12238	95.719017938552	28
50	12258	95.793427076459	28
50	12302	95.976796497487	28
50	12322	96.219017938552	28
50	12366	96.615800591082	28
50	12386	96.719017938552	28
50	12430	97.219017938552	28
50	12450	97.239320038807	28
50	12494	97.719017938552	28
50	12514	98.050405823429	28
50	12557	98.219017938552	28
50	12578	98.461129096699	28
50	12622	98.719017938552	28
50	12642	98.738371244342	28
50	12686	99.146337607958	28
50	12706	99.219017938552	28
50	12750	99.719017938552	28
50	12770	99.788211891231	28
50	12814	100.219017938552	28
50	12834	100.488757532918	28
50	12878	100.719017938552	28
50	12898	100.792383872055	28
50	12942	101.219017938552	28
50	12962	101.404930919678	28
50	13006	101.719017938552	28
50	13026	102.020953146171	28
50	13070	102.219017938552	28
50	13114	102.601480957203	28
50	13134	102.694024273091	28
50	13154	102.719017938552	28
50	13198	103.219017938552	28
50	13218	103.367103736464	28
50	13262	103.719017938552	28
50	13306	103.887362792426	28
50	13326	103.982615175926	28
50	13346	104.219017938552	28
50	13390	104.719017938552	28
50	13410	104.814505795658	28
50	13454	105.219017938552	28
50	13474	105.400107625209	28
50	13518	105.719017938552	28
50	13538	105.934622153071	28
50	13582	106.219017938552	28
50	13602	106.41310729253	28
50	13646	106.719017938552	28
50	13666	106.88175917779	28
50	13710	107.219017938552	28
50	13754	107.37894382215	28
50	13774	107.719017938552	28
50	13794	107.768549008844	28
50	13838	108.153627507192	28
50	13858	108.219017938552	28
50	13902	108.719017938552	28
50	13922	108.908865952761	28
50	13966	109.219017938552	28
50	13986	109.347856048671	28
50	14030	109.719017938552	28
50	14074	110.07253505093	28
50	14094	110.219017938552	28
50	14114	110.376913823736	28
50	14158	110.699033123803	28
50	14178	110.719017938552	28
50	14222	111.219017938552	28
50	14266	111.613910612081	28
50	14286	111.719017938552	28
50	14306	111.803585658305	28
50	14350	112.219017938552	28
50	14370	112.373162305625	28
50	14414	112.630268354611	28
50	14434	112.719017938552	28
50	14478	113.219017938552	28
50	14521	113.509727232613	28
50	14542	113.618432321389	28
50	14562	113.719017938552	28
50	14606	114.219017938552	28
50	14626	114.287088165794	28
50	14670	114.650818513137	28
50	14690	114.719017938552	28
50	14734	115.219017938552	28
50	14754	115.36131146931	28
50	14798	115.719017938552	28
50	14818	115.863402548794	28
50	14862	116.116470383656	28
50	14882	116.219017938552	28
50	14926	116.719017938552	28
50	14945	116.728763631255	28
50	14990	117.219017938552	28
50	15010	117.588040952188	28
50	15054	117.719017938552	28
50	15074	117.765311137018	28
50	15118	118.219017938552	28
50	15138	118.396357188177	28
50	15182	118.583051350423	28
50	15202	118.719017938552	28
50	15246	119.219017938552	28
50	15266	119.276174026531	28
50	15310	119.719017938552	28
50	15330	119.859680191883	28
50	15374	120.219017938552	28
50	15394	120.330895207346	28
50	15438	120.719017938552	28
50	15458	120.828949955654	28
50	15502	121.059352015321	28
50	15522	121.219017938552	28
50	15566	121.680672668097	28
50	15586	121.719017938552	28
50	15630	122.111644924049	28
50	15650	122.219017938552	28
50	15694	122.719017938552	28
50	15738	123.084471650598	28
50	15758	123.219017938552	28
50	15778	123.237777892955	28
50	15822	123.719017938552	28
50	15866	124.017729750545	28
50	15886	124.219017938552	28
50	15906	124.317992964936	28
50	15950	124.539815777343	28
50	15970	124.719017938552	28
50	16014	125.219017938552	28
50	16034	125.440045360931	28
50	16073	125.719017938552	28
50	16111	126.219017938552	28
50	16149	126.719017938552	28
52	0	0	0
52	0	0	4
53	0	0	1
53	29	0.218793938552	4
53	32	0.219017938552	1
53	73	0.718793938552	4
53	76	0.719017938552	1
53	117	0.894965648484	4
53	120	0.895189648484	1
53	137	1.218793938552	4
53	140	1.219017938552	1
53	157	1.327392901593	4
53	160	1.327616901593	1
53	201	1.681681732014	4
53	204	1.681905732014	1
53	221	1.718793938552	4
53	224	1.719017938552	1
53	265	2.218793938552	4
53	268	2.219017938552	1
53	285	2.426998663713	4
53	288	2.427222663713	1
53	329	2.718793938552	4
53	332	2.719017938552	1
53	349	2.955668064877	4
53	352	2.955892064877	1
53	393	3.218793938552	4
53	396	3.219017938552	1
53	413	3.338451299742	4
53	416	3.338675299742	1
53	457	3.718793938552	4
53	460	3.719017938552	1
53	477	3.946595176236	4
53	480	3.946819176236	1
53	521	4.218793938552	4
53	524	4.219017938552	1
53	541	4.282088536695	4
53	544	4.282312536695	1
53	585	4.589052789119	4
53	588	4.589276789119	1
53	605	4.718793938552	4
53	608	4.719017938552	1
53	649	5.18659871595	4
53	652	5.18682271595	1
53	669	5.218793938552	4
53	672	5.219017938552	1
53	713	5.718793938552	4
53	716	5.719017938552	1
53	733	5.89958715776	4
53	736	5.89981115776	1
53	777	6.218793938552	4
53	780	6.219017938552	1
53	821	6.613367370162	4
53	824	6.613591370162	1
53	841	6.718793938552	4
53	844	6.719017938552	1
53	861	6.823387774751	4
53	864	6.823611774751	1
53	905	7.218793938552	4
53	908	7.219017938552	1
53	949	7.658724843264	4
53	952	7.658948843264	1
53	969	7.718793938552	4
53	972	7.719017938552	1
53	989	7.928349247221	4
53	992	7.928573247221	1
53	1033	8.218793938552	4
53	1036	8.219017938552	1
53	1053	8.424198651798	4
53	1056	8.424422651798	1
53	1097	8.718793938552	4
53	1100	8.719017938552	1
53	1117	8.939645268135	4
53	1120	8.939869268135	1
53	1161	9.218793938552	4
53	1164	9.219017938552	1
53	1181	9.238104188647	4
53	1184	9.238328188647	1
53	1225	9.718793938552	4
53	1228	9.719017938552	1
53	1245	9.963464073111	4
53	1248	9.963688073111	1
53	1289	10.209391836375	4
53	1292	10.209615836375	1
53	1308	10.218793938552	4
53	1311	10.219017938552	1
53	1353	10.718793938552	4
53	1356	10.719017938552	1
53	1373	11.012059464418	4
53	1376	11.012283464418	1
53	1418	11.218793938552	4
53	1421	11.219017938552	1
53	1462	11.431428185124	4
53	1465	11.431652185124	1
53	1482	11.627470424697	4
53	1485	11.627694424697	1
53	1502	11.718793938552	4
53	1505	11.719017938552	1
53	1546	12.214505019337	4
53	1549	12.214729019337	1
53	1565	12.218793938552	4
53	1568	12.219017938552	1
53	1610	12.718793938552	4
53	1613	12.719017938552	1
53	1630	12.803469018098	4
53	1633	12.803693018098	1
53	1674	13.218793938552	4
53	1677	13.219017938552	1
53	1694	13.396470011231	4
53	1697	13.396694011231	1
53	1738	13.718793938552	4
53	1741	13.719017938552	1
53	1758	13.733236327693	4
53	1761	13.733460327693	1
53	1802	13.980845794194	4
53	1805	13.981069794194	1
53	1822	14.218793938552	4
53	1825	14.219017938552	1
53	1866	14.718793938552	4
53	1869	14.719017938552	1
53	1886	14.795953207669	4
53	1889	14.796177207669	1
53	1930	15.218793938552	4
53	1933	15.219017938552	1
53	1949	15.223950840179	4
53	1952	15.224174840179	1
53	1994	15.718793938552	4
53	1997	15.719017938552	1
53	2014	15.754944759347	4
53	2017	15.755168759347	1
53	2058	16.218793938552	4
53	2061	16.219017938552	1
53	2078	16.451337427013	4
53	2081	16.451561427013	1
53	2122	16.718793938552	4
53	2125	16.719017938552	1
53	2166	17.05301011337	4
53	2169	17.05323411337	1
53	2186	17.218793938552	4
53	2189	17.219017938552	1
53	2206	17.243025762327	4
53	2209	17.243249762327	1
53	2250	17.718793938552	4
53	2253	17.719017938552	1
53	2270	17.839280771483	4
53	2273	17.839504771483	1
53	2314	18.218793938552	4
53	2317	18.219017938552	1
53	2358	18.483044932895	4
53	2361	18.483268932895	1
53	2378	18.559234515131	4
53	2381	18.559458515131	1
53	2398	18.718793938552	4
53	2401	18.719017938552	1
53	2442	19.218793938552	4
53	2445	19.219017938552	1
53	2462	19.57387291763	4
53	2465	19.57409691763	1
53	2506	19.718793938552	4
53	2509	19.719017938552	1
53	2550	19.948753768038	4
53	2553	19.948977768038	1
53	2570	20.071759464797	4
53	2573	20.071983464797	1
53	2590	20.218793938552	4
53	2593	20.219017938552	1
53	2634	20.614073993098	4
53	2637	20.614297993098	1
53	2654	20.718793938552	4
53	2657	20.719017938552	1
53	2698	21.218793938552	4
53	2701	21.219017938552	1
53	2718	21.345688401089	4
53	2721	21.345912401089	1
53	2762	21.718793938552	4
53	2765	21.719017938552	1
53	2782	21.807859181725	4
53	2785	21.808083181725	1
53	2826	22.218793938552	4
53	2829	22.219017938552	1
53	2846	22.277340207081	4
53	2849	22.277564207081	1
53	2890	22.61005338125	4
53	2893	22.61027738125	1
53	2910	22.718793938552	4
53	2913	22.719017938552	1
53	2954	23.218793938552	4
53	2957	23.219017938552	1
53	2974	23.568301759679	4
53	2977	23.568525759679	1
53	3018	23.718793938552	4
53	3021	23.719017938552	1
53	3038	23.84364023611	4
53	3041	23.84386423611	1
53	3082	24.218793938552	4
53	3085	24.219017938552	1
53	3102	24.263909436688	4
53	3105	24.264133436688	1
53	3146	24.718793938552	4
53	3149	24.719017938552	1
53	3166	24.73778996097	4
53	3169	24.73801396097	1
53	3209	25.218793938552	4
53	3212	25.219017938552	1
53	3254	25.578605760746	4
53	3257	25.578829760746	1
53	3274	25.718793938552	4
53	3277	25.719017938552	1
53	3294	25.753299379089	4
53	3297	25.753523379089	1
53	3338	26.218793938552	4
53	3341	26.219017938552	1
53	3358	26.271514350008	4
53	3361	26.271738350008	1
53	3402	26.70689184295	4
53	3405	26.70711584295	1
53	3422	26.718793938552	4
53	3425	26.719017938552	1
53	3466	27.218793938552	4
53	3469	27.219017938552	1
53	3486	27.232234482672	4
53	3489	27.232458482672	1
53	3530	27.598595708348	4
53	3533	27.598819708348	1
53	3550	27.718793938552	4
53	3553	27.719017938552	1
53	3594	28.218793938552	4
53	3597	28.219017938552	1
53	3637	28.451675371379	4
53	3640	28.451899371379	1
53	3658	28.601396483389	4
53	3661	28.601620483389	1
53	3678	28.718793938552	4
53	3681	28.719017938552	1
53	3722	29.218793938552	4
53	3725	29.219017938552	1
53	3742	29.30921374105	4
53	3745	29.30943774105	1
53	3786	29.718793938552	4
53	3789	29.719017938552	1
53	3806	29.946561092529	4
53	3809	29.946785092529	1
53	3850	30.218793938552	4
53	3853	30.219017938552	1
53	3894	30.463511770889	4
53	3897	30.463735770889	1
53	3914	30.512650645264	4
53	3917	30.512874645264	1
53	3934	30.718793938552	4
53	3937	30.719017938552	1
53	3978	31.218793938552	4
53	3981	31.219017938552	1
53	3998	31.503559005652	4
53	4001	31.503783005652	1
53	4042	31.718793938552	4
53	4045	31.719017938552	1
53	4061	31.727145818547	4
53	4064	31.727369818547	1
53	4106	32.218793938552	4
53	4109	32.219017938552	1
53	4150	32.698604391347	4
53	4153	32.698828391347	1
53	4170	32.718793938552	4
53	4173	32.719017938552	1
53	4190	32.957980472427	4
53	4193	32.958204472427	1
53	4234	33.218793938552	4
53	4237	33.219017938552	1
53	4278	33.513796790708	4
53	4281	33.514020790708	1
53	4298	33.683466690053	4
53	4301	33.683690690053	1
53	4318	33.718793938552	4
53	4321	33.719017938552	1
53	4362	34.218793938552	4
53	4365	34.219017938552	1
53	4406	34.395411723777	4
53	4409	34.395635723777	1
53	4426	34.442912790198	4
53	4429	34.443136790198	1
53	4446	34.718793938552	4
53	4449	34.719017938552	1
53	4490	35.209049758055	4
53	4493	35.209273758055	1
53	4509	35.218793938552	4
53	4512	35.219017938552	1
53	4553	35.718793938552	4
53	4556	35.719017938552	1
53	4574	35.859155923706	4
53	4577	35.859379923706	1
53	4618	36.181476472989	4
53	4621	36.181700472989	1
53	4638	36.218793938552	4
53	4641	36.219017938552	1
53	4682	36.65909110589	4
53	4685	36.65931510589	1
53	4702	36.718793938552	4
53	4705	36.719017938552	1
53	4746	37.218793938552	4
53	4749	37.219017938552	1
53	4766	37.321900349501	4
53	4769	37.322124349501	1
53	4810	37.718793938552	4
53	4813	37.719017938552	1
53	4830	37.937138158288	4
53	4833	37.937362158288	1
53	4874	38.218793938552	4
53	4877	38.219017938552	1
53	4894	38.312195795234	4
53	4897	38.312419795234	1
53	4938	38.718793938552	4
53	4941	38.719017938552	1
53	4958	38.782960306685	4
53	4961	38.783184306685	1
53	5002	39.218793938552	4
53	5005	39.219017938552	1
53	5022	39.37195873132	4
53	5025	39.37218273132	1
53	5066	39.718793938552	4
53	5069	39.719017938552	1
53	5086	39.871439427715	4
53	5089	39.871663427715	1
53	5130	40.218793938552	4
53	5133	40.219017938552	1
53	5150	40.332129411232	4
53	5153	40.332353411232	1
53	5194	40.718793938552	4
53	5197	40.719017938552	1
53	5214	40.823507990707	4
53	5217	40.823731990707	1
53	5258	41.218793938552	4
53	5261	41.219017938552	1
53	5302	41.518084248546	4
53	5305	41.518308248546	1
53	5322	41.718793938552	4
53	5325	41.719017938552	1
53	5342	41.824206079469	4
53	5345	41.824430079469	1
53	5386	42.157757613268	4
53	5389	42.157981613268	1
53	5406	42.218793938552	4
53	5409	42.219017938552	1
53	5450	42.689949436877	4
53	5453	42.690173436877	1
53	5470	42.718793938552	4
53	5473	42.719017938552	1
53	5514	43.218793938552	4
53	5517	43.219017938552	1
53	5534	43.308898582142	4
53	5537	43.309122582142	1
53	5578	43.718793938552	4
53	5581	43.719017938552	1
53	5598	43.964643140249	4
53	5601	43.964867140249	1
53	5642	44.218793938552	4
53	5645	44.219017938552	1
53	5662	44.371559490934	4
53	5665	44.371783490934	1
53	5706	44.598411216792	4
53	5709	44.598635216792	1
53	5726	44.718793938552	4
53	5729	44.719017938552	1
53	5770	45.218793938552	4
53	5773	45.219017938552	1
53	5790	45.312976079546	4
53	5793	45.313200079546	1
53	5834	45.648414219562	4
53	5837	45.648638219562	1
53	5854	45.718793938552	4
53	5857	45.719017938552	1
53	5898	46.218793938552	4
53	5901	46.219017938552	1
53	5918	46.316794801243	4
53	5921	46.317018801243	1
53	5962	46.56904403681	4
53	5965	46.56926803681	1
53	5982	46.718793938552	4
53	5985	46.719017938552	1
53	6026	47.218793938552	4
53	6029	47.219017938552	1
53	6046	47.248945926707	4
53	6049	47.249169926707	1
53	6090	47.718793938552	4
53	6093	47.719017938552	1
53	6110	47.755093154888	4
53	6113	47.755317154888	1
53	6154	48.218793938552	4
53	6157	48.219017938552	1
53	6198	48.494815126173	4
53	6201	48.495039126173	1
53	6218	48.718793938552	4
53	6221	48.719017938552	1
53	6238	48.919508596622	4
53	6241	48.919732596622	1
53	6282	49.19205908712	4
53	6285	49.19228308712	1
53	6302	49.218793938552	4
53	6305	49.219017938552	1
53	6346	49.718793938552	4
53	6349	49.719017938552	1
53	6366	49.952148216609	4
53	6369	49.952372216609	1
53	6410	50.218793938552	4
53	6413	50.219017938552	1
53	6430	50.314498687555	4
53	6433	50.314722687555	1
53	6474	50.718793938552	4
53	6477	50.719017938552	1
53	6494	51.006558721997	4
53	6497	51.006782721997	1
53	6538	51.218793938552	4
53	6541	51.219017938552	1
53	6558	51.264043690003	4
53	6561	51.264267690003	1
53	6602	51.718793938552	4
53	6605	51.719017938552	1
53	6646	52.156963981707	4
53	6649	52.157187981707	1
53	6666	52.218793938552	4
53	6669	52.219017938552	1
53	6686	52.370114986245	4
53	6689	52.370338986245	1
53	6730	52.718793938552	4
53	6733	52.719017938552	1
53	6750	52.937485164888	4
53	6753	52.937709164888	1
53	6793	53.218793938552	4
53	6796	53.219017938552	1
53	6838	53.584698150325	4
53	6841	53.584922150325	1
53	6857	53.590462686234	4
53	6860	53.590686686234	1
53	6878	53.718793938552	4
53	6881	53.719017938552	1
53	6922	54.218793938552	4
53	6925	54.219017938552	1
53	6966	54.551571214591	4
53	6969	54.551795214591	1
53	6986	54.718793938552	4
53	6989	54.719017938552	1
53	7006	54.742572957948	4
53	7009	54.742796957948	1
53	7050	55.218793938552	4
53	7053	55.219017938552	1
53	7094	55.541859516893	4
53	7097	55.542083516893	1
53	7114	55.718793938552	4
53	7117	55.719017938552	1
53	7134	55.751670266055	4
53	7137	55.751894266055	1
53	7178	56.218793938552	4
53	7181	56.219017938552	1
53	7198	56.397224082351	4
53	7201	56.397448082351	1
53	7242	56.718793938552	4
53	7245	56.719017938552	1
53	7286	57.082421729732	4
53	7289	57.082645729732	1
53	7306	57.218793938552	4
53	7309	57.219017938552	1
53	7326	57.444730351605	4
53	7329	57.444954351605	1
53	7370	57.718793938552	4
53	7373	57.719017938552	1
53	7390	57.883639724572	4
53	7393	57.883863724572	1
53	7434	58.218793938552	4
53	7437	58.219017938552	1
53	7478	58.514958562256	4
53	7481	58.515182562256	1
53	7498	58.718793938552	4
53	7501	58.719017938552	1
53	7518	58.76905189354	4
53	7521	58.76927589354	1
53	7562	59.218793938552	4
53	7565	59.219017938552	1
53	7582	59.24673234012	4
53	7585	59.24695634012	1
53	7626	59.718793938552	4
53	7629	59.719017938552	1
53	7646	59.909323316831	4
53	7649	59.909547316831	1
53	7690	60.11686689455	4
53	7693	60.11709089455	1
53	7710	60.218793938552	4
53	7713	60.219017938552	1
53	7754	60.718793938552	4
53	7757	60.719017938552	1
53	7773	60.727925407533	4
53	7776	60.728149407533	1
53	7818	61.218793938552	4
53	7821	61.219017938552	1
53	7862	61.46974183444	4
53	7865	61.46996583444	1
53	7882	61.650470051188	4
53	7885	61.650694051188	1
53	7902	61.718793938552	4
53	7905	61.719017938552	1
53	7946	62.218793938552	4
53	7949	62.219017938552	1
53	7966	62.31983366685	4
53	7969	62.32005766685	1
53	8010	62.718793938552	4
53	8013	62.719017938552	1
53	8030	62.890418019537	4
53	8033	62.890642019537	1
53	8074	63.218793938552	4
53	8077	63.219017938552	1
53	8094	63.324813109562	4
53	8097	63.325037109562	1
53	8138	63.579700880796	4
53	8141	63.579924880796	1
53	8158	63.718793938552	4
53	8161	63.719017938552	1
53	8202	64.184178124946	4
53	8205	64.184402124946	1
53	8222	64.218793938552	4
53	8225	64.219017938552	1
53	8266	64.718793938552	4
53	8269	64.719017938552	1
53	8286	64.797210376636	4
53	8289	64.797434376636	1
53	8330	65.218793938552	4
53	8333	65.219017938552	1
53	8374	65.36969921004	4
53	8377	65.36992321004	1
53	8394	65.693972969353	4
53	8397	65.694196969353	1
53	8414	65.718793938552	4
53	8417	65.719017938552	1
53	8458	66.218793938552	4
53	8461	66.219017938552	1
53	8502	66.567668621819	4
53	8505	66.567892621819	1
53	8522	66.718793938552	4
53	8525	66.719017938552	1
53	8541	66.720208876971	4
53	8544	66.720432876971	1
53	8586	67.218793938552	4
53	8589	67.219017938552	1
53	8606	67.366366318073	4
53	8609	67.366590318073	1
53	8650	67.622772915494	4
53	8653	67.622996915494	1
53	8670	67.718793938552	4
53	8673	67.719017938552	1
53	8714	68.132492544055	4
53	8717	68.132716544055	1
53	8734	68.218793938552	4
53	8737	68.219017938552	1
53	8777	68.718793938552	4
53	8780	68.719017938552	1
53	8822	69.169628843125	4
53	8825	69.169852843125	1
53	8842	69.218793938552	4
53	8845	69.219017938552	1
53	8862	69.345856573824	4
53	8865	69.346080573824	1
53	8906	69.718793938552	4
53	8909	69.719017938552	1
53	8926	69.915607046821	4
53	8929	69.915831046821	1
53	8970	70.138503829782	4
53	8973	70.138727829782	1
53	8990	70.218793938552	4
53	8993	70.219017938552	1
53	9034	70.718793938552	4
53	9037	70.719017938552	1
53	9054	70.8268632848	4
53	9057	70.8270872848	1
53	9098	71.218793938552	4
53	9101	71.219017938552	1
53	9118	71.345863789246	4
53	9121	71.346087789246	1
53	9162	71.718793938552	4
53	9165	71.719017938552	1
53	9182	72.006481075492	4
53	9185	72.006705075492	1
53	9226	72.218793938552	4
53	9229	72.219017938552	1
53	9246	72.315477979481	4
53	9249	72.315701979481	1
53	9290	72.718793938552	4
53	9293	72.719017938552	1
53	9334	72.999263532013	4
53	9337	72.999487532013	1
53	9354	73.128352127616	4
53	9357	73.128576127616	1
53	9374	73.218793938552	4
53	9377	73.219017938552	1
53	9418	73.718793938552	4
53	9421	73.719017938552	1
53	9438	73.868792612776	4
53	9441	73.869016612776	1
53	9482	74.035509605818	4
53	9485	74.035733605818	1
53	9502	74.218793938552	4
53	9505	74.219017938552	1
53	9546	74.718793938552	4
53	9549	74.719017938552	1
53	9566	75.070066303872	4
53	9569	75.070290303872	1
53	9610	75.218793938552	4
53	9613	75.219017938552	1
53	9654	75.588143506944	4
53	9657	75.588367506944	1
53	9674	75.718793938552	4
53	9677	75.719017938552	1
53	9694	75.81144159317	4
53	9697	75.81166559317	1
53	9738	76.138104958013	4
53	9741	76.138328958013	1
53	9758	76.218793938552	4
53	9761	76.219017938552	1
53	9802	76.460198356323	4
53	9805	76.460422356323	1
53	9822	76.718793938552	4
53	9825	76.719017938552	1
53	9865	77.218793938552	4
53	9868	77.219017938552	1
53	9910	77.591244097352	4
53	9913	77.591468097352	1
53	9930	77.718793938552	4
53	9933	77.719017938552	1
53	9950	77.749975978881	4
53	9953	77.750199978881	1
53	9994	78.218793938552	4
53	9997	78.219017938552	1
53	10038	78.376094994806	4
53	10041	78.376318994806	1
53	10058	78.718793938552	4
53	10061	78.719017938552	1
53	10078	78.786030781195	4
53	10081	78.786254781195	1
53	10122	79.218793938552	4
53	10125	79.219017938552	1
53	10166	79.455649650395	4
53	10169	79.455873650395	1
53	10186	79.718793938552	4
53	10189	79.719017938552	1
53	10206	79.768215130661	4
53	10209	79.768439130661	1
53	10250	80.016225174927	4
53	10253	80.016449174927	1
53	10270	80.218793938552	4
53	10273	80.219017938552	1
53	10314	80.718793938552	4
53	10317	80.719017938552	1
53	10334	80.869198508486	4
53	10337	80.869422508486	1
53	10378	81.218793938552	4
53	10381	81.219017938552	1
53	10398	81.588888238669	4
53	10401	81.589112238669	1
53	10442	81.718793938552	4
53	10445	81.719017938552	1
53	10462	81.787894175779	4
53	10465	81.788118175779	1
53	10506	82.218793938552	4
53	10509	82.219017938552	1
53	10526	82.263418773301	4
53	10529	82.263642773301	1
53	10570	82.636797376927	4
53	10573	82.637021376927	1
53	10590	82.718793938552	4
53	10593	82.719017938552	1
53	10634	83.134835262429	4
53	10637	83.135059262429	1
53	10654	83.218793938552	4
53	10657	83.219017938552	1
53	10698	83.498447430526	4
53	10701	83.498671430526	1
53	10718	83.718793938552	4
53	10721	83.719017938552	1
53	10762	84.218793938552	4
53	10765	84.219017938552	1
53	10782	84.305116323773	4
53	10785	84.305340323773	1
53	10826	84.694192869235	4
53	10829	84.694416869235	1
53	10846	84.718793938552	4
53	10849	84.719017938552	1
53	10890	85.218793938552	4
53	10893	85.219017938552	1
53	10910	85.407212461922	4
53	10913	85.407436461922	1
53	10954	85.718793938552	4
53	10957	85.719017938552	1
53	10998	86.168123023138	4
53	11001	86.168347023138	1
53	11018	86.218793938552	4
53	11021	86.219017938552	1
53	11038	86.444309512452	4
53	11041	86.444533512452	1
53	11082	86.670640340373	4
53	11085	86.670864340373	1
53	11102	86.718793938552	4
53	11105	86.719017938552	1
53	11146	87.218793938552	4
53	11149	87.219017938552	1
53	11166	87.298577967492	4
53	11169	87.298801967492	1
53	11210	87.718793938552	4
53	11213	87.719017938552	1
53	11254	87.867844485882	4
53	11257	87.868068485882	1
53	11274	88.17028206328	4
53	11277	88.17050606328	1
53	11294	88.218793938552	4
53	11297	88.219017938552	1
53	11338	88.718793938552	4
53	11341	88.719017938552	1
53	11358	88.794038962685	4
53	11361	88.794262962685	1
53	11401	89.218793938552	4
53	11404	89.219017938552	1
53	11446	89.689886764642	4
53	11449	89.690110764642	1
53	11466	89.718793938552	4
53	11469	89.719017938552	1
53	11486	89.771734000296	4
53	11489	89.771958000296	1
53	11530	90.218793938552	4
53	11533	90.219017938552	1
53	11550	90.405131971855	4
53	11553	90.405355971855	1
53	11594	90.718793938552	4
53	11597	90.719017938552	1
53	11614	91.00091917377	4
53	11617	91.00114317377	1
53	11658	91.218793938552	4
53	11661	91.219017938552	1
53	11678	91.511629114971	4
53	11681	91.511853114971	1
53	11722	91.718793938552	4
53	11725	91.719017938552	1
53	11742	91.929816510175	4
53	11745	91.930040510175	1
53	11786	92.218793938552	4
53	11789	92.219017938552	1
53	11806	92.300228007064	4
53	11809	92.300452007064	1
53	11850	92.5881363081	4
53	11853	92.5883603081	1
53	11870	92.718793938552	4
53	11873	92.719017938552	1
53	11914	93.082697097231	4
53	11917	93.082921097231	1
53	11934	93.218793938552	4
53	11937	93.219017938552	1
53	11978	93.718793938552	4
53	11981	93.719017938552	1
53	11998	93.884491308238	4
53	12001	93.884715308238	1
53	12042	94.218793938552	4
53	12045	94.219017938552	1
53	12062	94.442892337051	4
53	12065	94.443116337051	1
53	12106	94.718793938552	4
53	12109	94.719017938552	1
53	12126	94.796269741673	4
53	12129	94.796493741673	1
53	12170	95.218793938552	4
53	12173	95.219017938552	1
53	12190	95.398303131312	4
53	12193	95.398527131312	1
53	12234	95.718793938552	4
53	12237	95.719017938552	1
53	12254	95.793203076459	4
53	12257	95.793427076459	1
53	12298	95.976572497487	4
53	12301	95.976796497487	1
53	12318	96.218793938552	4
53	12321	96.219017938552	1
53	12362	96.615576591082	4
53	12365	96.615800591082	1
53	12382	96.718793938552	4
53	12385	96.719017938552	1
53	12426	97.218793938552	4
53	12429	97.219017938552	1
53	12446	97.239096038807	4
53	12449	97.239320038807	1
53	12490	97.718793938552	4
53	12493	97.719017938552	1
53	12510	98.050181823429	4
53	12513	98.050405823429	1
53	12553	98.218793938552	4
53	12556	98.219017938552	1
53	12574	98.460905096699	4
53	12577	98.461129096699	1
53	12618	98.718793938552	4
53	12621	98.719017938552	1
53	12638	98.738147244342	4
53	12641	98.738371244342	1
53	12682	99.146113607958	4
53	12685	99.146337607958	1
53	12702	99.218793938552	4
53	12705	99.219017938552	1
53	12746	99.718793938552	4
53	12749	99.719017938552	1
53	12766	99.787987891231	4
53	12769	99.788211891231	1
53	12810	100.218793938552	4
53	12813	100.219017938552	1
53	12830	100.488533532918	4
53	12833	100.488757532918	1
53	12874	100.718793938552	4
53	12877	100.719017938552	1
53	12894	100.792159872055	4
53	12897	100.792383872055	1
53	12938	101.218793938552	4
53	12941	101.219017938552	1
53	12958	101.404706919678	4
53	12961	101.404930919678	1
53	13002	101.718793938552	4
53	13005	101.719017938552	1
53	13022	102.020729146171	4
53	13025	102.020953146171	1
53	13066	102.218793938552	4
53	13069	102.219017938552	1
53	13110	102.601256957203	4
53	13113	102.601480957203	1
53	13130	102.693800273091	4
53	13133	102.694024273091	1
53	13150	102.718793938552	4
53	13153	102.719017938552	1
53	13194	103.218793938552	4
53	13197	103.219017938552	1
53	13214	103.366879736464	4
53	13217	103.367103736464	1
53	13258	103.718793938552	4
53	13261	103.719017938552	1
53	13302	103.887138792426	4
53	13305	103.887362792426	1
53	13322	103.982391175926	4
53	13325	103.982615175926	1
53	13342	104.218793938552	4
53	13345	104.219017938552	1
53	13386	104.718793938552	4
53	13389	104.719017938552	1
53	13406	104.814281795658	4
53	13409	104.814505795658	1
53	13450	105.218793938552	4
53	13453	105.219017938552	1
53	13470	105.399883625209	4
53	13473	105.400107625209	1
53	13514	105.718793938552	4
53	13517	105.719017938552	1
53	13534	105.934398153071	4
53	13537	105.934622153071	1
53	13578	106.218793938552	4
53	13581	106.219017938552	1
53	13598	106.41288329253	4
53	13601	106.41310729253	1
53	13642	106.718793938552	4
53	13645	106.719017938552	1
53	13662	106.88153517779	4
53	13665	106.88175917779	1
53	13706	107.218793938552	4
53	13709	107.219017938552	1
53	13750	107.37871982215	4
53	13753	107.37894382215	1
53	13770	107.718793938552	4
53	13773	107.719017938552	1
53	13790	107.768325008844	4
53	13793	107.768549008844	1
53	13834	108.153403507192	4
53	13837	108.153627507192	1
53	13854	108.218793938552	4
53	13857	108.219017938552	1
53	13898	108.718793938552	4
53	13901	108.719017938552	1
53	13918	108.908641952761	4
53	13921	108.908865952761	1
53	13962	109.218793938552	4
53	13965	109.219017938552	1
53	13982	109.347632048671	4
53	13985	109.347856048671	1
53	14026	109.718793938552	4
53	14029	109.719017938552	1
53	14070	110.07231105093	4
53	14073	110.07253505093	1
53	14090	110.218793938552	4
53	14093	110.219017938552	1
53	14110	110.376689823736	4
53	14113	110.376913823736	1
53	14154	110.698809123803	4
53	14157	110.699033123803	1
53	14174	110.718793938552	4
53	14177	110.719017938552	1
53	14218	111.218793938552	4
53	14221	111.219017938552	1
53	14262	111.613686612081	4
53	14265	111.613910612081	1
53	14282	111.718793938552	4
53	14285	111.719017938552	1
53	14302	111.803361658305	4
53	14305	111.803585658305	1
53	14346	112.218793938552	4
53	14349	112.219017938552	1
53	14366	112.372938305625	4
53	14369	112.373162305625	1
53	14410	112.630044354611	4
53	14413	112.630268354611	1
53	14430	112.718793938552	4
53	14433	112.719017938552	1
53	14474	113.218793938552	4
53	14477	113.219017938552	1
53	14517	113.509503232613	4
53	14520	113.509727232613	1
53	14538	113.618208321389	4
53	14541	113.618432321389	1
53	14558	113.718793938552	4
53	14561	113.719017938552	1
53	14602	114.218793938552	4
53	14605	114.219017938552	1
53	14622	114.286864165794	4
53	14625	114.287088165794	1
53	14666	114.650594513137	4
53	14669	114.650818513137	1
53	14686	114.718793938552	4
53	14689	114.719017938552	1
53	14730	115.218793938552	4
53	14733	115.219017938552	1
53	14750	115.36108746931	4
53	14753	115.36131146931	1
53	14794	115.718793938552	4
53	14797	115.719017938552	1
53	14814	115.863178548794	4
53	14817	115.863402548794	1
53	14858	116.116246383656	4
53	14861	116.116470383656	1
53	14878	116.218793938552	4
53	14881	116.219017938552	1
53	14922	116.718793938552	4
53	14925	116.719017938552	1
53	14941	116.728539631255	4
53	14944	116.728763631255	1
53	14986	117.218793938552	4
53	14989	117.219017938552	1
53	15006	117.587816952188	4
53	15009	117.588040952188	1
53	15050	117.718793938552	4
53	15053	117.719017938552	1
53	15070	117.765087137018	4
53	15073	117.765311137018	1
53	15114	118.218793938552	4
53	15117	118.219017938552	1
53	15134	118.396133188177	4
53	15137	118.396357188177	1
53	15178	118.582827350423	4
53	15181	118.583051350423	1
53	15198	118.718793938552	4
53	15201	118.719017938552	1
53	15242	119.218793938552	4
53	15245	119.219017938552	1
53	15262	119.275950026531	4
53	15265	119.276174026531	1
53	15306	119.718793938552	4
53	15309	119.719017938552	1
53	15326	119.859456191883	4
53	15329	119.859680191883	1
53	15370	120.218793938552	4
53	15373	120.219017938552	1
53	15390	120.330671207346	4
53	15393	120.330895207346	1
53	15434	120.718793938552	4
53	15437	120.719017938552	1
53	15454	120.828725955654	4
53	15457	120.828949955654	1
53	15498	121.059128015321	4
53	15501	121.059352015321	1
53	15518	121.218793938552	4
53	15521	121.219017938552	1
53	15562	121.680448668097	4
53	15565	121.680672668097	1
53	15582	121.718793938552	4
53	15585	121.719017938552	1
53	15626	122.111420924049	4
53	15629	122.111644924049	1
53	15646	122.218793938552	4
53	15649	122.219017938552	1
53	15690	122.718793938552	4
53	15693	122.719017938552	1
53	15734	123.084247650598	4
53	15737	123.084471650598	1
53	15754	123.218793938552	4
53	15757	123.219017938552	1
53	15774	123.237553892955	4
53	15777	123.237777892955	1
53	15818	123.718793938552	4
53	15821	123.719017938552	1
53	15862	124.017505750545	4
53	15865	124.017729750545	1
53	15882	124.218793938552	4
53	15885	124.219017938552	1
53	15902	124.317768964936	4
53	15905	124.317992964936	1
53	15946	124.539591777343	4
53	15949	124.539815777343	1
53	15966	124.718793938552	4
53	15969	124.719017938552	1
53	16010	125.218793938552	4
53	16013	125.219017938552	1
53	16030	125.439821360931	4
53	16033	125.440045360931	1
53	16069	125.718793938552	4
53	16072	125.719017938552	1
53	16107	126.218793938552	4
53	16110	126.219017938552	1
53	16145	126.718793938552	4
53	16148	126.719017938552	1
54	0	0	1
54	47	0.438031780654	2
54	51	0.438255780654	1
54	91	0.841703128842	2
54	95	0.841927128842	1
54	175	1.428080456358	2
54	179	1.428304456358	1
54	239	2.010083983214	2
54	243	2.010307983214	1
54	303	2.643885429137	2
54	307	2.644109429137	1
54	367	3.011008807112	2
54	371	3.011232807112	1
54	431	3.476131855817	2
54	435	3.476355855817	1
54	495	4.153449446083	2
54	499	4.153673446083	1
54	559	4.453976403204	2
54	563	4.454200403204	1
54	623	5.078286689174	2
54	627	5.078510689174	1
54	687	5.466314553496	2
54	691	5.466538553496	1
54	751	6.201880000279	2
54	755	6.202104000279	1
54	795	6.375158249521	2
54	799	6.375382249521	1
54	879	7.167052838978	2
54	883	7.167276838978	1
54	923	7.508461154559	2
54	927	7.508685154559	1
54	1007	8.139382239551	2
54	1011	8.139606239551	1
54	1071	8.527208930747	2
54	1075	8.527432930747	1
54	1135	9.090569752016	2
54	1139	9.090793752016	1
54	1199	9.607270999187	2
54	1203	9.607494999187	1
54	1263	10.051825855047	2
54	1267	10.052049855047	1
54	1327	10.533967229844	2
54	1331	10.534191229844	1
54	1391	11.122464186725	2
54	1396	11.122688186725	1
54	1436	11.361380981122	2
54	1440	11.361604981122	1
54	1520	12.008458107644	2
54	1524	12.008682107644	1
54	1584	12.393550876369	2
54	1588	12.393774876369	1
54	1648	13.11378520972	2
54	1652	13.11400920972	1
54	1711	13.405638081235	2
54	1715	13.405862081235	1
54	1776	13.873105207858	2
54	1780	13.873329207858	1
54	1840	14.448674340201	2
54	1844	14.448898340201	1
54	1904	14.878887884066	2
54	1908	14.879111884066	1
54	1968	15.407946492759	2
54	1972	15.408170492759	1
54	2032	15.973613529773	2
54	2036	15.973837529773	1
54	2096	16.680057327104	2
54	2100	16.680281327104	1
54	2140	16.998997934376	2
54	2144	16.999221934376	1
54	2224	17.56424332329	2
54	2228	17.56446732329	1
54	2288	18.179957369835	2
54	2292	18.180181369835	1
54	2332	18.358730079168	2
54	2336	18.358954079168	1
54	2416	19.206941565991	2
54	2420	19.207165565991	1
54	2479	19.580273951431	2
54	2483	19.580497951431	1
54	2524	19.887381773003	2
54	2528	19.887605773003	1
54	2608	20.462278806631	2
54	2612	20.462502806631	1
54	2672	21.119292394099	2
54	2676	21.119516394099	1
54	2736	21.562150205233	2
54	2740	21.562374205233	1
54	2800	21.949036829573	2
54	2804	21.949260829573	1
54	2864	22.334388108765	2
54	2868	22.334612108765	1
54	2928	23.072727559813	2
54	2932	23.072951559813	1
54	2992	23.702597646256	2
54	2996	23.702821646256	1
54	3056	24.080134066128	2
54	3060	24.080358066128	1
54	3120	24.573041489375	2
54	3124	24.573265489375	1
54	3184	25.217137764794	2
54	3188	25.217361764794	1
54	3228	25.551758071435	2
54	3232	25.551982071435	1
54	3312	25.984765373756	2
54	3316	25.984989373756	1
54	3376	26.508896940601	2
54	3380	26.509120940601	1
54	3440	27.068421980952	2
54	3444	27.068645980952	1
54	3504	27.454220985555	2
54	3508	27.454444985555	1
54	3568	28.088918867455	2
54	3572	28.089142867455	1
54	3612	28.445898636458	2
54	3616	28.446122636458	1
54	3696	29.130356131242	2
54	3700	29.130580131242	1
54	3760	29.698846359112	2
54	3764	29.699070359112	1
54	3824	30.084028685772	2
54	3828	30.084252685772	1
54	3868	30.324446595301	2
54	3872	30.324670595301	1
54	3952	31.068156375856	2
54	3956	31.068380375856	1
54	4016	31.588481790972	2
54	4020	31.588705790972	1
54	4080	32.207795938131	2
54	4084	32.208019938131	1
54	4124	32.670295325973	2
54	4128	32.670519325973	1
54	4208	33.02286768726	2
54	4212	33.02309168726	1
54	4252	33.34130381572	2
54	4256	33.34152781572	1
54	4336	33.999481624112	2
54	4340	33.999705624112	1
54	4380	34.327013007485	2
54	4384	34.327237007485	1
54	4464	34.99570230714	2
54	4468	34.99592630714	1
54	4528	35.710852630743	2
54	4532	35.711076630743	1
54	4592	35.962795726144	2
54	4596	35.963019726144	1
54	4656	36.511375353047	2
54	4660	36.511599353047	1
54	4720	37.094482413054	2
54	4724	37.094706413054	1
54	4784	37.671208295812	2
54	4788	37.671432295812	1
54	4848	38.186312127699	2
54	4852	38.186536127699	1
54	4912	38.405746791818	2
54	4916	38.405970791818	1
54	4976	39.045093484809	2
54	4980	39.045317484809	1
54	5040	39.665058964145	2
54	5044	39.665282964145	1
54	5104	40.022605522935	2
54	5108	40.022829522935	1
54	5168	40.685707121183	2
54	5172	40.685931121183	1
54	5232	41.187480983351	2
54	5236	41.187704983351	1
54	5276	41.352262933207	2
54	5280	41.352486933207	1
54	5360	41.930105364163	2
54	5364	41.930329364163	1
54	5424	42.32276061925	2
54	5428	42.32298461925	1
54	5488	43.155954770212	2
54	5492	43.156178770212	1
54	5552	43.577887593982	2
54	5556	43.578111593982	1
54	5616	44.155572387417	2
54	5620	44.155796387417	1
54	5680	44.424910004278	2
54	5684	44.425134004278	1
54	5744	44.978146239211	2
54	5748	44.978370239211	1
54	5808	45.540146532216	2
54	5812	45.540370532216	1
54	5872	45.884994122786	2
54	5876	45.885218122786	1
54	5936	46.466941176848	2
54	5940	46.467165176848	1
54	6000	46.877594643858	2
54	6004	46.877818643858	1
54	6064	47.546865300302	2
54	6068	47.547089300302	1
54	6128	48.10051285087	2
54	6132	48.10073685087	1
54	6172	48.434408511528	2
54	6176	48.434632511528	1
54	6256	48.992333164093	2
54	6260	48.992557164093	1
54	6320	49.621460615125	2
54	6324	49.621684615125	1
54	6384	49.977457249844	2
54	6388	49.977681249844	1
54	6448	50.677433294271	2
54	6452	50.677657294271	1
54	6512	51.074586370614	2
54	6516	51.074810370614	1
54	6576	51.675639710882	2
54	6580	51.675863710882	1
54	6620	52.091040167705	2
54	6624	52.091264167705	1
54	6704	52.498697031316	2
54	6708	52.498921031316	1
54	6768	53.210446308115	2
54	6772	53.210670308115	1
54	6812	53.365498702534	2
54	6816	53.365722702534	1
54	6896	54.125827419599	2
54	6900	54.126051419599	1
54	6940	54.483745995284	2
54	6944	54.483969995284	1
54	7024	55.08919356943	2
54	7028	55.08941756943	1
54	7068	55.418936448571	2
54	7072	55.419160448571	1
54	7152	55.944305271403	2
54	7156	55.944529271403	1
54	7216	56.705184425999	2
54	7220	56.705408425999	1
54	7260	57.054403971908	2
54	7264	57.054627971908	1
54	7344	57.582885304214	2
54	7348	57.583109304214	1
54	7408	58.032300439225	2
54	7412	58.032524439225	1
54	7452	58.411231147804	2
54	7456	58.411455147804	1
54	7536	58.976965655413	2
54	7540	58.977189655413	1
54	7600	59.566541362953	2
54	7604	59.566765362953	1
54	7664	60.008964947172	2
54	7668	60.009188947172	1
54	7728	60.507070813914	2
54	7732	60.507294813914	1
54	7792	61.105447751963	2
54	7796	61.105671751963	1
54	7836	61.434214340084	2
54	7840	61.434438340084	1
54	7920	61.972402828959	2
54	7924	61.972626828959	1
54	7984	62.618685872973	2
54	7988	62.618909872973	1
54	8048	63.170398815003	2
54	8052	63.170622815003	1
54	8112	63.360163282537	2
54	8116	63.360387282537	1
54	8176	63.855967493196	2
54	8180	63.856191493196	1
54	8240	64.460636604325	2
54	8244	64.460860604325	1
54	8304	65.039744440586	2
54	8308	65.039968440586	1
54	8348	65.332467976053	2
54	8352	65.332691976053	1
54	8432	66.206602644947	2
54	8436	66.206826644947	1
54	8476	66.44741683605	2
54	8480	66.44764083605	1
54	8560	66.907523011629	2
54	8564	66.907747011629	1
54	8623	67.375523499706	2
54	8627	67.375747499706	1
54	8688	67.857921909195	2
54	8692	67.858145909195	1
54	8752	68.712634832718	2
54	8756	68.712858832718	1
54	8796	68.923154309978	2
54	8800	68.923378309978	1
54	8880	69.53382694547	2
54	8884	69.53405094547	1
54	8944	69.998188408026	2
54	8948	69.998412408026	1
54	9008	70.35884557248	2
54	9012	70.35906957248	1
54	9072	70.959942602766	2
54	9076	70.960166602766	1
54	9136	71.50671760722	2
54	9140	71.50694160722	1
54	9200	72.155473990486	2
54	9204	72.155697990486	1
54	9264	72.680877036256	2
54	9268	72.681101036256	1
54	9308	72.834041692344	2
54	9312	72.834265692344	1
54	9392	73.522344118663	2
54	9396	73.522568118663	1
54	9456	73.88575694573	2
54	9460	73.88598094573	1
54	9520	74.630638345824	2
54	9524	74.630862345824	1
54	9584	75.16499125569	2
54	9588	75.16521525569	1
54	9628	75.483576628313	2
54	9632	75.483800628313	1
54	9712	75.875006971815	2
54	9716	75.875230971815	1
54	9776	76.332306893104	2
54	9780	76.332530893104	1
54	9840	77.212047921241	2
54	9844	77.212271921241	1
54	9884	77.468334239655	2
54	9888	77.468558239655	1
54	9968	77.98704808562	2
54	9972	77.98727208562	1
54	10012	78.339253183668	2
54	10016	78.339477183668	1
54	10096	78.965216378429	2
54	10100	78.965440378429	1
54	10140	79.325669126333	2
54	10144	79.325893126333	1
54	10224	79.911314875194	2
54	10228	79.911538875194	1
54	10288	80.624982617729	2
54	10292	80.625206617729	1
54	10352	81.196667346851	2
54	10356	81.196891346851	1
54	10416	81.619017637641	2
54	10420	81.619241637641	1
54	10480	81.954779464965	2
54	10484	81.955003464965	1
54	10544	82.514837515381	2
54	10548	82.515061515381	1
54	10608	82.954611985133	2
54	10612	82.954835985133	1
54	10672	83.390814045751	2
54	10676	83.391038045751	1
54	10736	83.887412575659	2
54	10740	83.887636575659	1
54	10800	84.504398329024	2
54	10804	84.504622329024	1
54	10864	85.168847123374	2
54	10868	85.169071123374	1
54	10928	85.696665838947	2
54	10932	85.696889838947	1
54	10972	86.062319085588	2
54	10976	86.062543085588	1
54	11056	86.557680103675	2
54	11060	86.557904103675	1
54	11120	87.132475637765	2
54	11124	87.132699637765	1
54	11184	87.51902845607	2
54	11188	87.51925245607	1
54	11228	87.839165962049	2
54	11232	87.839389962049	1
54	11312	88.598657169593	2
54	11316	88.598881169593	1
54	11376	89.215976496813	2
54	11380	89.216200496813	1
54	11420	89.425922952154	2
54	11424	89.426146952154	1
54	11504	90.090654185814	2
54	11508	90.090878185814	1
54	11568	90.664730515544	2
54	11572	90.664954515544	1
54	11632	91.119355637328	2
54	11636	91.119579637328	1
54	11696	91.704813844831	2
54	11700	91.705037844831	1
54	11760	92.040714912982	2
54	11764	92.040938912982	1
54	11824	92.403974139345	2
54	11828	92.404198139345	1
54	11888	92.907995227938	2
54	11892	92.908219227938	1
54	11952	93.406517685697	2
54	11956	93.406741685697	1
54	12016	94.046847351295	2
54	12020	94.047071351295	1
54	12080	94.499861553804	2
54	12084	94.500085553804	1
54	12144	95.207112612509	2
54	12148	95.207336612509	1
54	12208	95.591235816226	2
54	12212	95.591459816226	1
54	12272	95.853136165374	2
54	12276	95.853360165374	1
54	12336	96.341585272391	2
54	12340	96.341809272391	1
54	12400	97.014153020949	2
54	12404	97.014377020949	1
54	12464	97.671419762009	2
54	12468	97.671643762009	1
54	12528	98.209579694671	2
54	12532	98.209803694671	1
54	12592	98.566081106224	2
54	12596	98.566305106224	1
54	12656	99.03601744932	2
54	12660	99.03624144932	1
54	12720	99.660863371779	2
54	12724	99.661087371779	1
54	12784	100.116551755489	2
54	12788	100.116775755489	1
54	12848	100.510456469123	2
54	12852	100.510680469123	1
54	12912	101.089850569078	2
54	12916	101.090074569078	1
54	12976	101.561835962933	2
54	12980	101.562059962933	1
54	13040	102.104896711678	2
54	13044	102.105120711678	1
54	13084	102.506816813563	2
54	13088	102.507040813563	1
54	13168	103.001423787911	2
54	13172	103.001647787911	1
54	13232	103.681585174081	2
54	13236	103.681809174081	1
54	13276	103.873906106901	2
54	13280	103.874130106901	1
54	13360	104.410705667761	2
54	13364	104.410929667761	1
54	13424	105.171652100169	2
54	13428	105.171876100169	1
54	13488	105.680787929454	2
54	13492	105.681011929454	1
54	13552	106.077331778434	2
54	13556	106.077555778434	1
54	13616	106.448891127602	2
54	13620	106.449115127602	1
54	13680	107.026902415444	2
54	13684	107.027126415444	1
54	13724	107.319040078697	2
54	13728	107.319264078697	1
54	13808	107.943762026754	2
54	13812	107.943986026754	1
54	13872	108.489198553496	2
54	13876	108.489422553496	1
54	13936	109.173153004264	2
54	13940	109.173377004264	1
54	14000	109.59096972051	2
54	14004	109.59119372051	1
54	14044	110.001469847494	2
54	14048	110.001693847494	1
54	14128	110.512381385573	2
54	14132	110.512605385573	1
54	14192	111.134513707113	2
54	14196	111.134737707113	1
54	14236	111.410794670162	2
54	14240	111.411018670162	1
54	14320	112.171136980345	2
54	14324	112.171360980345	1
54	14384	112.444494897527	2
54	14388	112.444718897527	1
54	14448	113.201998280947	2
54	14452	113.202222280947	1
54	14492	113.507718568881	2
54	14496	113.507942568881	1
54	14576	114.103651467179	2
54	14580	114.103875467179	1
54	14640	114.380495659941	2
54	14644	114.380719659941	1
54	14704	115.111194810764	2
54	14708	115.111418810764	1
54	14768	115.577523712561	2
54	14772	115.577747712561	1
54	14832	115.904970233169	2
54	14836	115.905194233169	1
54	14896	116.393601225995	2
54	14900	116.393825225995	1
54	14960	117.142050044545	2
54	14964	117.142274044545	1
54	15024	117.617849726909	2
54	15028	117.618073726909	1
54	15088	118.088956876592	2
54	15092	118.089180876592	1
54	15152	118.429775439416	2
54	15156	118.429999439416	1
54	15216	118.888981487443	2
54	15220	118.889205487443	1
54	15280	119.600807643243	2
54	15284	119.601031643243	1
54	15344	120.004278017142	2
54	15348	120.004502017142	1
54	15408	120.655189352696	2
54	15412	120.655413352696	1
54	15472	120.900964243178	2
54	15476	120.901188243178	1
54	15536	121.385001487126	2
54	15540	121.385225487126	1
54	15600	121.868951162909	2
54	15604	121.869175162909	1
54	15664	122.607850202852	2
54	15668	122.608074202852	1
54	15708	122.831199124855	2
54	15712	122.831423124855	1
54	15792	123.617815633611	2
54	15796	123.618039633611	1
54	15836	123.856056401999	2
54	15840	123.856280401999	1
54	15920	124.405998136316	2
54	15924	124.406222136316	1
54	15984	125.118719705221	2
54	15988	125.118943705221	1
54	16048	125.61169544191	2
54	16052	125.61191944191	1
54	16086	126.052808367488	2
54	16090	126.053032367488	1
54	16124	126.337263792966	2
54	16128	126.337487792966	1
54	16162	127.203792491955	2
54	16166	127.204016491955	1
56	0	0	0
58	0	0	5
58	53	0.438256114218	4.9956174388578
58	97	0.841927462406	4.9915807253759
58	119	0.89518931492	4.9875860864374
58	159	1.327616568029	4.9551540424542
58	181	1.428304789922	4.9541471602353
58	203	1.68190539845	4.9351271145957
58	245	2.010308316778	4.9318430854124
58	287	2.427222330149	4.9005745344096
58	309	2.644109762701	4.8984056600841
58	351	2.955891731313	4.8750220124382
58	373	3.011233140676	4.8744685983445
58	415	3.338674966178	4.8499104614319
58	437	3.476356189381	4.8485336491999
58	479	3.946818842672	4.813248950203
58	501	4.153673779647	4.8111804008333
58	543	4.282312203131	4.801532519072
58	565	4.454200736768	4.7998136337356
58	587	4.589276455555	4.7896829548266
58	629	5.078511022738	4.7847906091548
58	651	5.186822382386	4.7766672571812
58	693	5.46653888706	4.7738700921344
58	735	5.899810824196	4.7413746968492
58	757	6.202104333843	4.7383517617527
58	801	6.375382583085	4.7366189792603
58	823	6.613591036598	4.7187533452468
58	863	6.823611441187	4.7030018149027
58	885	7.167277172542	4.6995651575891
58	929	7.508685488123	4.6961510744333
58	951	7.6589485097	4.684881347815
58	991	7.928572913657	4.6646595175183
58	1013	8.139606573115	4.6625491809237
58	1055	8.424422318234	4.6411880000398
58	1077	8.527433264311	4.640157890579
58	1119	8.939868934571	4.6092252153095
58	1141	9.09079408558	4.6077159637994
58	1183	9.238327855083	4.5966509310867
58	1205	9.607495332751	4.59295925631
58	1247	9.963687739547	4.5662448258003
58	1269	10.052050188611	4.5653612013097
58	1291	10.209615502811	4.5535438027447
58	1333	10.534191563408	4.5502980421387
58	1375	11.012283130854	4.5144411745802
58	1398	11.122688520289	4.5133371206859
58	1442	11.361605314686	4.5109479527419
58	1464	11.43165185156	4.5056944624764
58	1484	11.627694091133	4.4909912945084
58	1526	12.008682441208	4.4871814110076
58	1548	12.214728685773	4.4717279426653
58	1590	12.393775209933	4.4699374774237
58	1632	12.803692684534	4.4391936668286
58	1654	13.114009543284	4.4360904982411
58	1696	13.396693677667	4.4148891881624
58	1717	13.405862414799	4.414797500791
58	1760	13.733459994129	4.3902276823413
58	1782	13.873329541422	4.3888289868684
58	1804	13.98106946063	4.3807484929278
58	1846	14.448898673765	4.3760702007964
58	1888	14.796176874105	4.3500243357709
58	1910	14.87911221763	4.3491949823357
58	1951	15.224174506615	4.3233153106618
58	1974	15.408170826323	4.3214753474647
58	2016	15.755168425783	4.2954505275052
58	2038	15.973837863337	4.2932638331297
58	2080	16.451561093449	4.2574345908713
58	2102	16.680281660668	4.2551473851991
58	2146	16.99922226794	4.2519579791264
58	2168	17.053233779806	4.2479071157364
58	2208	17.243249428763	4.2336559420646
58	2230	17.564467656854	4.2304437597837
58	2272	17.839504437919	4.2098160012038
58	2294	18.180181703399	4.206409228549
58	2338	18.358954412732	4.2046215014557
58	2360	18.483268599331	4.1952979374608
58	2380	18.559458181567	4.1895837187931
58	2422	19.207165899555	4.1831066416132
58	2464	19.574096584066	4.1555868402749
58	2485	19.580498284995	4.1555228232656
58	2530	19.887606106567	4.1524517450499
58	2552	19.948977434474	4.1478488954569
58	2572	20.071983131233	4.1386234681999
58	2614	20.462503140195	4.1347182681103
58	2636	20.614297659534	4.1233336791599
58	2678	21.119516727663	4.1182814884786
58	2720	21.345912067525	4.1013018379889
58	2742	21.562374538797	4.0991372132762
58	2784	21.808082848161	4.0807090900739
58	2806	21.949261163137	4.0792973069242
58	2848	22.277563873517	4.0546746036457
58	2870	22.334612442329	4.0541041179575
58	2892	22.610277047686	4.0334292725558
58	2934	23.072951893377	4.0288025240989
58	2976	23.568525426115	3.9916345091435
58	2998	23.70282197982	3.9902915436065
58	3040	23.843863902546	3.979713399402
58	3062	24.080358399692	3.9773484544305
58	3104	24.264133103124	3.9635653516731
58	3126	24.573265822939	3.960474024475
58	3168	24.738013627406	3.94811793914
58	3190	25.217362098358	3.9433244544305
58	3234	25.551982404999	3.939978251364
58	3256	25.578829427182	3.9379647247003
58	3296	25.753523045525	3.9248627033246
58	3318	25.98498970732	3.9225480367066
58	3360	26.271738016444	3.9010419135223
58	3382	26.509121274165	3.8986680809451
58	3404	26.707115509386	3.8838185133036
58	3446	27.068646314516	3.8802032052523
58	3488	27.232458149108	3.8679173176579
58	3510	27.454445319119	3.8656974459577
58	3532	27.598819374784	3.8548693917829
58	3574	28.089143201019	3.8499661535205
58	3618	28.446122970022	3.8463963558305
58	3639	28.451899037815	3.845963150746
58	3660	28.601620149825	3.8347340673453
58	3702	29.130580464806	3.8294444641955
58	3744	29.309437407486	3.8160301934945
58	3766	29.699070692676	3.8121338606426
58	3808	29.946784758965	3.7935553056709
58	3830	30.084253019336	3.7921806230672
58	3874	30.324670928865	3.7897764439719
58	3896	30.463735437325	3.7793466058374
58	3916	30.5128743117	3.7756611902593
58	3958	31.06838070942	3.7701061262821
58	4000	31.503782672088	3.737450979082
58	4022	31.588706124536	3.7366017445575
58	4063	31.727369484983	3.726201992524
58	4086	32.208020271695	3.7213954846568
58	4130	32.670519659537	3.7167704907784
58	4152	32.698828057783	3.71464736091
58	4192	32.958204138863	3.695194154829
58	4214	33.023092020824	3.6945452760094
58	4258	33.341528149284	3.6913609147248
58	4280	33.514020457144	3.6784239916353
58	4300	33.683690356489	3.6656987491844
58	4342	33.999705957676	3.6625385931725
58	4386	34.327237341049	3.6592632793388
58	4408	34.395635390213	3.6541334256515
58	4428	34.443136456634	3.6505708456699
58	4470	34.995926640704	3.6450429438292
58	4492	35.209273424491	3.6290419350452
58	4534	35.711076964307	3.624023899647
58	4576	35.859379590142	3.6129012027094
58	4598	35.963020059708	3.6118647980137
58	4620	36.181700139425	3.595463792035
58	4662	36.511599686611	3.5921647965631
58	4684	36.659314772326	3.5810861651345
58	4726	37.094706746618	3.5767322453916
58	4768	37.322124015937	3.5596759501926
58	4790	37.671432629376	3.5561828640582
58	4832	37.937361824724	3.5362381744071
58	4854	38.186536461263	3.5337464280417
58	4896	38.31241946167	3.5243052030112
58	4918	38.405971125382	3.5233696863741
58	4960	38.783183973121	3.4950787227937
58	4982	39.045317818373	3.4924573843412
58	5024	39.372182397756	3.4679425408874
58	5046	39.665283297709	3.4650115318879
58	5088	39.871663094151	3.4495330471548
58	5110	40.022829856499	3.4480213795313
58	5152	40.332353077668	3.4248071379436
58	5174	40.685931454747	3.4212713541728
58	5216	40.823731657143	3.4109363389931
58	5238	41.187705316915	3.4072966023954
58	5282	41.352487266771	3.4056487828968
58	5304	41.518307914982	3.393212234281
58	5344	41.824429745905	3.3702530969618
58	5366	41.930329697727	3.3691940974436
58	5388	42.157981279704	3.3521202287953
58	5430	42.322984952814	3.3504701920642
58	5452	42.690173103313	3.3229310807768
58	5494	43.156179103776	3.3182710207721
58	5536	43.309122248578	3.306800284912
58	5558	43.578111927546	3.3041103881223
58	5600	43.964866806685	3.2751037721869
58	5622	44.155796720981	3.2731944730439
58	5664	44.37178315737	3.2569954903147
58	5686	44.425134337842	3.25646197851
58	5708	44.598634883228	3.2434494376061
58	5750	44.978370572775	3.2396520807106
58	5792	45.313199745982	3.2145398927201
58	5814	45.54037086578	3.2122681815221
58	5836	45.648637885998	3.2041481550057
58	5878	45.88521845635	3.2017823493022
58	5920	46.317018467679	3.1693973484525
58	5942	46.467165510412	3.1678958780252
58	5964	46.569267703246	3.1602382135627
58	6006	46.877818977422	3.1571527008209
58	6048	47.249169593143	3.1293014046418
58	6070	47.547089633866	3.1263222042346
58	6112	47.755316821324	3.1107051651753
58	6134	48.100737184434	3.1072509615442
58	6178	48.434632845092	3.1039120049376
58	6200	48.495038792609	3.0993815588738
58	6240	48.919732263058	3.0675295485901
58	6262	48.992557497657	3.0668012962441
58	6284	49.192282753556	3.0518219020517
58	6326	49.621684948689	3.0475278801004
58	6368	49.952371883045	3.0227263600237
58	6390	49.977681583408	3.02247326302
58	6432	50.314722353991	2.9971952052263
58	6454	50.677657627835	2.9935658524879
58	6496	51.006782388433	2.968881495443
58	6518	51.074810704178	2.9682012122856
58	6560	51.264267356439	2.953991963366
58	6582	51.675864044446	2.9498759964859
58	6626	52.091264501269	2.9457219919177
58	6648	52.157187648143	2.9407777559022
58	6688	52.370338652681	2.9247914305618
58	6710	52.49892136488	2.9235056034398
58	6752	52.937708831324	2.8905965434565
58	6774	53.210670641679	2.887866925353
58	6818	53.365723036098	2.8863164014088
58	6840	53.584921816761	2.8698764928591
58	6859	53.59068635267	2.8694441526659
58	6902	54.126051753163	2.8640904986609
58	6946	54.483970328848	2.8605113129041
58	6968	54.551794881027	2.8554244714907
58	7008	54.742796624384	2.8410993407389
58	7030	55.089417902994	2.8376331279528
58	7074	55.419160782135	2.8343356991614
58	7096	55.542083183329	2.8251165190718
58	7136	55.751893932491	2.8093807128847
58	7158	55.944529604967	2.8074543561599
58	7200	56.397447748787	2.7734854953734
58	7222	56.705408759563	2.7704058852657
58	7266	57.054628305472	2.7669136898066
58	7288	57.082645396168	2.7648124080044
58	7328	57.444954018041	2.7376392613639
58	7350	57.583109637778	2.7362577051665
58	7392	57.883863391008	2.7137011736743
58	7414	58.032524772789	2.7122145598565
58	7458	58.411455481368	2.7084252527707
58	7480	58.515182228692	2.7006457467214
58	7520	58.769275559976	2.6815887468751
58	7542	58.977189988977	2.6795096025851
58	7584	59.246956006556	2.6592771512666
58	7606	59.566765696517	2.656079054367
58	7648	59.909546983267	2.6303704578608
58	7670	60.009189280736	2.6293740348861
58	7692	60.117090560986	2.6212814388673
58	7734	60.507295147478	2.6173793930024
58	7775	60.728149073969	2.6008153485156
58	7798	61.105672085527	2.5970401184
58	7842	61.434438673648	2.5937524525188
58	7864	61.469965500876	2.5910879404767
58	7884	61.650693717624	2.5775333242206
58	7926	61.972627162523	2.5743139897716
58	7968	62.320057333286	2.5482567269644
58	7990	62.618910206537	2.5452681982319
58	8032	62.890641685973	2.5248883372742
58	8054	63.170623148567	2.5220885226482
58	8096	63.325036775998	2.5105075005909
58	8118	63.360387616101	2.5101539921899
58	8140	63.579924547232	2.4936887223551
58	8182	63.85619182676	2.4909260495598
58	8204	64.184401791382	2.4663103022131
58	8246	64.460860937889	2.4635457107481
58	8288	64.797434043072	2.4383027278593
58	8310	65.03996877415	2.4358773805486
58	8354	65.332692309617	2.4329501451939
58	8376	65.369922876476	2.4301578526795
58	8396	65.694196635789	2.405837320731
58	8438	66.206826978511	2.4007110173038
58	8482	66.447641169614	2.3983028753927
58	8504	66.567892288255	2.3892840414947
58	8543	66.720432543407	2.3778435223583
58	8566	66.907747345193	2.3759703743404
58	8608	67.366589984509	2.3415571763917
58	8629	67.37574783327	2.3414655979041
58	8652	67.62299658193	2.3229219417546
58	8694	67.858146242759	2.3205704451463
58	8716	68.132716210491	2.2999776975664
58	8758	68.712859166282	2.2941762680085
58	8802	68.923378643542	2.2920710732359
58	8824	69.169852509561	2.2735855332845
58	8864	69.34608024026	2.260368453482
58	8886	69.534051279034	2.2584887430943
58	8928	69.915830713257	2.2298552855276
58	8950	69.99841274159	2.2290294652443
58	8972	70.138727496218	2.2185058586472
58	9014	70.359069906044	2.2163024345489
58	9056	70.827086951236	2.1812011561595
58	9078	70.96016693633	2.1798703563086
58	9120	71.346087455682	2.1509263173572
58	9142	71.506941940784	2.1493177725061
58	9184	72.006704741928	2.1118355624203
58	9206	72.15569832405	2.1103456265991
58	9248	72.315701645917	2.0983453774591
58	9270	72.68110136982	2.0946913802201
58	9314	72.834266025908	2.0931597336592
58	9336	72.999487198449	2.0807681457186
58	9356	73.128575794052	2.0710865010484
58	9398	73.522568452227	2.0671465744666
58	9440	73.869016279212	2.0411629874428
58	9462	73.885981279294	2.0409933374419
58	9484	74.035733272254	2.0297619379699
58	9526	74.630862679388	2.0238106438986
58	9568	75.070289970308	1.9908535970796
58	9590	75.165215589254	1.9899043408901
58	9634	75.483800961877	1.9867184871639
58	9656	75.58836717338	1.9788760213012
58	9696	75.811665259606	1.9621286648342
58	9718	75.875231305379	1.9614930043765
58	9740	76.138328624449	1.9417607054462
58	9782	76.332531226668	1.9398186794241
58	9804	76.460422022759	1.9302268697172
58	9846	77.212272254805	1.9227083673968
58	9890	77.468558573219	1.9201455042126
58	9912	77.591467763788	1.91092731492
58	9952	77.750199645317	1.8990224238053
58	9974	77.987272419184	1.8966516960666
58	10018	78.339477517232	1.8931296450861
58	10040	78.376318661242	1.8903665592854
58	10080	78.786254447631	1.8596213753062
58	10102	78.965440711993	1.8578295126626
58	10146	79.325893459897	1.8542249851835
58	10168	79.455873316831	1.8444764959135
58	10208	79.768438797097	1.8210340848935
58	10230	79.911539208758	1.8196030807769
58	10252	80.016448841363	1.8117348583316
58	10294	80.625206951293	1.8056472772323
58	10336	80.869422174922	1.7873311354601
58	10358	81.196891680415	1.7840564404052
58	10400	81.589111905105	1.7546399235534
58	10422	81.619241971205	1.7543386228924
58	10464	81.788117842215	1.7416729325667
58	10486	81.955003798529	1.7400040730035
58	10528	82.263642439737	1.7168561749129
58	10550	82.515061848945	1.7143419808208
58	10572	82.637021043363	1.7051950412395
58	10614	82.954836318697	1.7020168884861
58	10636	83.135058928865	1.6885001927235
58	10678	83.391038379315	1.685940398219
58	10700	83.498671096962	1.6778679443955
58	10742	83.887636909223	1.6739782862729
58	10784	84.305339990209	1.642650555199
58	10806	84.504622662588	1.6406577284752
58	10828	84.694416535671	1.6264231879939
58	10870	85.169071456938	1.6216766387813
58	10912	85.407436128358	1.6037992884248
58	10934	85.696890172511	1.6009047479832
58	10978	86.062543419152	1.5972482155168
58	11000	86.168346689574	1.5893129702352
58	11040	86.444533178888	1.5685989835366
58	11062	86.557904437239	1.5674652709531
58	11084	86.670864006809	1.5589933032354
58	11126	87.132699971329	1.5543749435902
58	11168	87.298801633928	1.5419173188953
58	11190	87.519252789634	1.5397128073382
58	11234	87.839390295613	1.5365114322784
58	11256	87.868068152318	1.5343605930255
58	11276	88.170505729716	1.5116777747207
58	11318	88.598881503157	1.5073940169863
58	11360	88.794262629121	1.492740432539
58	11382	89.216200830377	1.4885210505264
58	11426	89.426147285718	1.486421585973
58	11448	89.690110431078	1.466624350071
58	11488	89.771957666732	1.4604858073969
58	11510	90.090878519378	1.4572965988705
58	11552	90.405355638291	1.433710814952
58	11574	90.664954849108	1.4311148228438
58	11616	91.001142840206	1.4059007235115
58	11638	91.119579970892	1.4047163522046
58	11680	91.511852781407	1.375295891416
58	11702	91.705038178395	1.3733640374461
58	11744	91.930040176611	1.3564888875799
58	11766	92.040939246546	1.3553798968806
58	11808	92.3004516735	1.335916464859
58	11830	92.404198472909	1.3348789968649
58	11852	92.588359974536	1.3210668842429
58	11894	92.908219561502	1.3178682883733
58	11916	93.082920763667	1.3047656982109
58	11958	93.406742019261	1.3015274856549
58	12000	93.884714974674	1.265679513999
58	12022	94.047071684859	1.2640559468971
58	12064	94.443116003487	1.234352623
58	12086	94.500085887368	1.2337829241612
58	12128	94.796493408109	1.2115523601056
58	12150	95.207336946073	1.207443924726
58	12192	95.398526797748	1.1931046858504
58	12214	95.59146014979	1.1911753523299
58	12256	95.793426742895	1.1760278578471
58	12278	95.853360498938	1.1754285202866
58	12300	95.976796163923	1.1661708454128
58	12342	96.341809605955	1.1625207109924
58	12364	96.615800257518	1.1419714121252
58	12406	97.014377354513	1.1379856411553
58	12448	97.239319705243	1.1211149648505
58	12470	97.671644095573	1.1167917209472
58	12512	98.050405489865	1.0883846163753
58	12534	98.209804028235	1.0867906309916
58	12576	98.461128763135	1.0679412758741
58	12598	98.566305439788	1.0668895091076
58	12640	98.738370910778	1.0539845987833
58	12662	99.036241782884	1.0510058900623
58	12684	99.146337274394	1.042748728199
58	12726	99.661087705343	1.0376012238895
58	12768	99.788211557667	1.0280669349652
58	12790	100.116776089053	1.0247812896514
58	12832	100.488757199354	0.9968827063788
58	12854	100.510680802687	0.99666347034547
58	12896	100.792383538491	0.97553576516017
58	12918	101.090074902642	0.97255885151866
58	12960	101.404930586114	0.94894467525826
58	12982	101.562060296497	0.94737337815443
58	13024	102.020952812607	0.91295643944618
58	13046	102.105121045242	0.91211475711983
58	13090	102.507041147127	0.90809555610098
58	13112	102.601480623639	0.90101259536258
58	13132	102.694023939527	0.89407184667098
58	13174	103.001648121475	0.8909956048515
58	13216	103.3671034029	0.86358645874463
58	13238	103.681809507645	0.86043939769718
58	13282	103.874130440465	0.85851618836898
58	13304	103.887362458862	0.8575237869892
58	13324	103.982614842362	0.8503798582267
58	13366	104.410930001325	0.84609670663707
58	13408	104.814505462094	0.8158285470794
58	13430	105.171876433733	0.81225483736301
58	13472	105.400107291645	0.79513752301961
58	13494	105.681012263018	0.79232847330588
58	13536	105.934621819507	0.7733077565692
58	13558	106.077556111998	0.77187841364429
58	13600	106.413106958966	0.74671210012169
58	13622	106.449115461166	0.74635201509969
58	13664	106.881758844226	0.71390376137019
58	13686	107.027126749008	0.71245008232237
58	13730	107.319264412261	0.70952870568984
58	13752	107.378943488586	0.70505277496547
58	13792	107.76854867528	0.67583238596342
58	13814	107.943986360318	0.67407800911304
58	13836	108.153627173628	0.65835494811479
58	13878	108.48942288706	0.65499699098047
58	13920	108.908865619197	0.62353878607019
58	13942	109.173377337828	0.62089366888388
58	13984	109.347855715107	0.60780779058796
58	14006	109.591194054074	0.60537440719829
58	14050	110.001694181058	0.60126940592845
58	14072	110.072534717366	0.59595636570535
58	14112	110.376913490172	0.5731279577449
58	14134	110.512605719137	0.57177103545525
58	14156	110.699032790239	0.5577890051226
58	14198	111.134738040677	0.55343195261822
58	14242	111.411019003726	0.55066914298773
58	14264	111.613910278517	0.5354522973784
58	14304	111.803585324741	0.5212266689116
58	14326	112.171361313909	0.51754890901992
58	14368	112.373161972061	0.50241385965852
58	14390	112.444719231091	0.50169828706822
58	14412	112.630268021047	0.48778212782152
58	14454	113.202222614511	0.48206258188688
58	14498	113.507942902445	0.47900537900754
58	14519	113.509726899049	0.47887157926224
58	14540	113.618431987825	0.47071869760404
58	14582	114.103875800743	0.46586425947486
58	14624	114.28708783223	0.45212335711334
58	14646	114.380719993505	0.45118703550059
58	14668	114.650818179573	0.43092967154549
58	14710	115.111419144328	0.42632366189794
58	14752	115.361311135746	0.40758176254159
58	14774	115.577748046125	0.4054173934378
58	14816	115.86340221523	0.38399333075492
58	14838	115.905194566733	0.38357540723989
58	14860	116.116470050092	0.36772974598797
58	14902	116.393825559559	0.3649561908933
58	14943	116.728763297691	0.3398358605334
58	14966	117.142274378109	0.33570074972922
58	15008	117.588040618624	0.30226828169059
58	15030	117.618074060473	0.3019679472721
58	15072	117.765310803454	0.29092519154853
58	15094	118.089181210156	0.28768648748151
58	15136	118.396356854613	0.26464831414723
58	15158	118.42999977298	0.26431188496356
58	15180	118.583051016859	0.25283304167264
58	15222	118.889205821007	0.24977149363116
58	15264	119.276173692967	0.22074890323416
58	15286	119.601031976807	0.21750032039576
58	15328	119.859679858319	0.19810172928236
58	15350	120.004502350706	0.19665350435849
58	15392	120.330894873782	0.17217406512779
58	15414	120.65541368626	0.16892887700301
58	15456	120.82894962209	0.15591368181576
58	15478	120.901188576742	0.15519129226924
58	15500	121.059351681757	0.14332905939311
58	15542	121.38522582069	0.14007031800378
58	15564	121.680672334533	0.11791182946556
58	15606	121.869175496473	0.11602679784616
58	15628	122.111644590485	0.097841615795259
58	15670	122.608074536416	0.092877316335949
58	15714	122.831423458419	0.090643827115919
58	15736	123.084471317034	0.071665237719794
58	15776	123.237777559391	0.060167269543019
58	15798	123.618039967175	0.056364645465179
58	15842	123.856280735563	0.053982237781299
58	15864	124.017729416981	0.041873586674949
58	15904	124.317992631372	0.019353845595624
58	15926	124.40622246988	0.018471547210544
58	15948	124.539815443779	0.0084520741681186
58	15990	125.118944038785	0.0026607882180586
58	16032	125.440045027367	0
60	107	0.89496531492	1
60	147	1.327392568029	2
60	191	1.68168139845	3
60	275	2.426998330149	4
60	339	2.955667731313	5
60	403	3.338450966178	6
60	467	3.946594842672	7
60	531	4.282088203131	8
60	575	4.589052455555	9
60	639	5.186598382386	10
60	723	5.899586824196	11
60	811	6.613367036598	12
60	851	6.823387441187	13
60	939	7.6587245097	14
60	979	7.928348913657	15
60	1043	8.424198318234	16
60	1107	8.939644934571	17
60	1171	9.238103855083	18
60	1235	9.963463739547	19
60	1279	10.209391502811	20
60	1363	11.012059130854	21
60	1452	11.43142785156	22
60	1472	11.627470091133	23
60	1536	12.214504685773	24
60	1620	12.803468684534	25
60	1684	13.396469677667	26
60	1748	13.733235994129	27
60	1792	13.98084546063	28
60	1876	14.795952874105	29
60	1939	15.223950506615	30
60	2004	15.754944425783	31
60	2068	16.451337093449	32
60	2156	17.053009779806	33
60	2196	17.243025428763	34
60	2260	17.839280437919	35
60	2348	18.483044599331	37
60	2368	18.559234181567	36
60	2452	19.573872584066	38
60	2540	19.948753434474	39
60	2560	20.071759131233	40
60	2624	20.614073659534	41
60	2708	21.345688067525	42
60	2772	21.807858848161	43
60	2836	22.277339873517	44
60	2880	22.610053047686	45
60	2964	23.568301426115	46
60	3028	23.843639902546	47
60	3092	24.263909103124	48
60	3156	24.737789627406	49
60	3244	25.578605427182	50
60	3284	25.753299045525	51
60	3348	26.271514016444	52
60	3392	26.706891509386	53
60	3476	27.232234149108	54
60	3520	27.598595374784	55
60	3627	28.451675037815	56
60	3648	28.601396149825	57
60	3732	29.309213407486	58
60	3796	29.946560758965	59
60	3884	30.463511437325	61
60	3904	30.5126503117	60
60	3988	31.503558672088	62
60	4051	31.727145484983	63
60	4140	32.698604057783	64
60	4180	32.957980138863	65
60	4268	33.513796457144	66
60	4288	33.683466356489	67
60	4396	34.395411390213	68
60	4416	34.442912456634	69
60	4480	35.209049424491	70
60	4564	35.859155590142	71
60	4608	36.181476139425	72
60	4672	36.659090772326	73
60	4756	37.321900015937	74
60	4820	37.937137824724	75
60	4884	38.31219546167	76
60	4948	38.782959973121	77
60	5012	39.371958397756	78
60	5076	39.871439094151	79
60	5140	40.332129077668	80
60	5204	40.823507657143	81
60	5292	41.518083914982	82
60	5332	41.824205745905	83
60	5376	42.157757279704	84
60	5440	42.689949103313	85
60	5524	43.308898248578	86
60	5588	43.964642806685	87
60	5652	44.37155915737	88
60	5696	44.598410883228	89
60	5780	45.312975745982	90
60	5824	45.648413885998	91
60	5908	46.316794467679	92
60	5952	46.569043703246	93
60	6036	47.248945593143	94
60	6100	47.755092821324	95
60	6188	48.494814792609	96
60	6228	48.919508263058	97
60	6272	49.192058753556	98
60	6356	49.952147883045	99
60	6420	50.314498353991	100
60	6484	51.006558388433	101
60	6548	51.264043356439	102
60	6636	52.156963648143	103
60	6676	52.370114652681	104
60	6740	52.937484831324	105
60	6828	53.584697816761	107
60	6847	53.59046235267	106
60	6956	54.551570881027	108
60	6996	54.742572624384	109
60	7084	55.541859183329	110
60	7124	55.751669932491	111
60	7188	56.397223748787	112
60	7276	57.082421396168	113
60	7316	57.444730018041	114
60	7380	57.883639391008	115
60	7468	58.514958228692	116
60	7508	58.769051559976	117
60	7572	59.246732006556	118
60	7636	59.909322983267	119
60	7680	60.116866560986	120
60	7763	60.727925073969	121
60	7852	61.469741500876	122
60	7872	61.650469717624	123
60	7956	62.319833333286	124
60	8020	62.890417685973	125
60	8084	63.324812775998	126
60	8128	63.579700547232	127
60	8192	64.184177791382	128
60	8276	64.797210043072	129
60	8364	65.369698876476	130
60	8384	65.693972635789	131
60	8492	66.567668288255	132
60	8531	66.720208543407	133
60	8596	67.366365984509	134
60	8640	67.62277258193	135
60	8704	68.132492210491	136
60	8812	69.169628509561	137
60	8852	69.34585624026	138
60	8916	69.915606713257	139
60	8960	70.138503496218	140
60	9044	70.826862951236	141
60	9108	71.345863455682	142
60	9172	72.006480741928	143
60	9236	72.315477645917	144
60	9324	72.999263198449	146
60	9344	73.128351794052	145
60	9428	73.868792279212	147
60	9472	74.035509272254	148
60	9556	75.070065970308	149
60	9644	75.58814317338	150
60	9684	75.811441259606	151
60	9728	76.138104624449	152
60	9792	76.460198022759	153
60	9900	77.591243763788	154
60	9940	77.749975645317	155
60	10028	78.376094661242	156
60	10068	78.786030447631	157
60	10156	79.455649316831	158
60	10196	79.768214797097	159
60	10240	80.016224841363	160
60	10324	80.869198174922	161
60	10388	81.588887905105	162
60	10452	81.787893842215	163
60	10516	82.263418439737	164
60	10560	82.636797043363	165
60	10624	83.134834928865	166
60	10688	83.498447096962	167
60	10772	84.305115990209	168
60	10816	84.694192535671	169
60	10900	85.407212128358	170
60	10988	86.168122689574	171
60	11028	86.444309178888	172
60	11072	86.670640006809	173
60	11156	87.298577633928	174
60	11244	87.867844152318	175
60	11264	88.170281729716	176
60	11348	88.794038629121	177
60	11436	89.689886431078	178
60	11476	89.771733666732	179
60	11540	90.405131638291	180
60	11604	91.000918840206	181
60	11668	91.511628781407	182
60	11732	91.929816176611	183
60	11796	92.3002276735	184
60	11840	92.588135974536	185
60	11904	93.082696763667	186
60	11988	93.884490974674	187
60	12052	94.442892003487	188
60	12116	94.796269408109	189
60	12180	95.398302797748	190
60	12244	95.793202742895	191
60	12288	95.976572163923	192
60	12352	96.615576257518	193
60	12436	97.239095705243	194
60	12500	98.050181489865	195
60	12564	98.460904763135	196
60	12628	98.738146910778	197
60	12672	99.146113274394	198
60	12756	99.787987557667	199
60	12820	100.488533199354	200
60	12884	100.792159538491	201
60	12948	101.404706586114	202
60	13012	102.020728812607	203
60	13100	102.601256623639	204
60	13120	102.693799939527	205
60	13204	103.3668794029	206
60	13292	103.887138458862	207
60	13312	103.982390842362	208
60	13396	104.814281462094	209
60	13460	105.399883291645	210
60	13524	105.934397819507	211
60	13588	106.412882958966	212
60	13652	106.881534844226	213
60	13740	107.378719488586	214
60	13780	107.76832467528	215
60	13824	108.153403173628	216
60	13908	108.908641619197	217
60	13972	109.347631715107	218
60	14060	110.072310717366	219
60	14100	110.376689490172	220
60	14144	110.698808790239	221
60	14252	111.613686278517	222
60	14292	111.803361324741	223
60	14356	112.372937972061	224
60	14400	112.630044021047	225
60	14507	113.509502899049	226
60	14528	113.618207987825	227
60	14612	114.28686383223	228
60	14656	114.650594179573	229
60	14740	115.361087135746	230
60	14804	115.86317821523	231
60	14848	116.116246050092	232
60	14931	116.728539297691	233
60	14996	117.587816618624	234
60	15060	117.765086803454	235
60	15124	118.396132854613	236
60	15168	118.582827016859	237
60	15252	119.275949692967	238
60	15316	119.859455858319	239
60	15380	120.330670873782	240
60	15444	120.82872562209	241
60	15488	121.059127681757	242
60	15552	121.680448334533	243
60	15616	122.111420590485	244
60	15724	123.084247317034	245
60	15764	123.237553559391	246
60	15852	124.017505416981	247
60	15892	124.317768631372	248
60	15936	124.539591443779	249
60	16020	125.439821027367	250
61	53	0.438256114218	4.9956174388578
61	97	0.841927462406	4.9915807253759
61	119	0.89518931492	4.9875860864374
61	159	1.327616568029	4.9551540424542
61	181	1.428304789922	4.9541471602353
61	203	1.68190539845	4.9351271145957
61	245	2.010308316778	4.9318430854124
61	287	2.427222330149	4.9005745344096
61	309	2.644109762701	4.8984056600841
61	351	2.955891731313	4.8750220124382
61	373	3.011233140676	4.8744685983445
61	415	3.338674966178	4.8499104614319
61	437	3.476356189381	4.8485336491999
61	479	3.946818842672	4.813248950203
61	501	4.153673779647	4.8111804008333
61	543	4.282312203131	4.801532519072
61	565	4.454200736768	4.7998136337356
61	587	4.589276455555	4.7896829548266
61	629	5.078511022738	4.7847906091548
61	651	5.186822382386	4.7766672571812
61	693	5.46653888706	4.7738700921344
61	735	5.899810824196	4.7413746968492
61	757	6.202104333843	4.7383517617527
61	801	6.375382583085	4.7366189792603
61	823	6.613591036598	4.7187533452468
61	863	6.823611441187	4.7030018149027
61	885	7.167277172542	4.6995651575891
61	929	7.508685488123	4.6961510744333
61	951	7.6589485097	4.684881347815
61	991	7.928572913657	4.6646595175183
61	1013	8.139606573115	4.6625491809237
61	1055	8.424422318234	4.6411880000398
61	1077	8.527433264311	4.640157890579
61	1119	8.939868934571	4.6092252153095
61	1141	9.09079408558	4.6077159637994
61	1183	9.238327855083	4.5966509310867
61	1205	9.607495332751	4.59295925631
61	1247	9.963687739547	4.5662448258003
61	1269	10.052050188611	4.5653612013097
61	1291	10.209615502811	4.5535438027447
61	1333	10.534191563408	4.5502980421387
61	1375	11.012283130854	4.5144411745802
61	1398	11.122688520289	4.5133371206859
61	1442	11.361605314686	4.5109479527419
61	1464	11.43165185156	4.5056944624764
61	1484	11.627694091133	4.4909912945084
61	1526	12.008682441208	4.4871814110076
61	1548	12.214728685773	4.4717279426653
61	1590	12.393775209933	4.4699374774237
61	1632	12.803692684534	4.4391936668286
61	1654	13.114009543284	4.4360904982411
61	1696	13.396693677667	4.4148891881624
61	1717	13.405862414799	4.414797500791
61	1760	13.733459994129	4.3902276823413
61	1782	13.873329541422	4.3888289868684
61	1804	13.98106946063	4.3807484929278
61	1846	14.448898673765	4.3760702007964
61	1888	14.796176874105	4.3500243357709
61	1910	14.87911221763	4.3491949823357
61	1951	15.224174506615	4.3233153106618
61	1974	15.408170826323	4.3214753474647
61	2016	15.755168425783	4.2954505275052
61	2038	15.973837863337	4.2932638331297
61	2080	16.451561093449	4.2574345908713
61	2102	16.680281660668	4.2551473851991
61	2146	16.99922226794	4.2519579791264
61	2168	17.053233779806	4.2479071157364
61	2208	17.243249428763	4.2336559420646
61	2230	17.564467656854	4.2304437597837
61	2272	17.839504437919	4.2098160012038
61	2294	18.180181703399	4.206409228549
61	2338	18.358954412732	4.2046215014557
61	2360	18.483268599331	4.1952979374608
61	2380	18.559458181567	4.1895837187931
61	2422	19.207165899555	4.1831066416132
61	2464	19.574096584066	4.1555868402749
61	2485	19.580498284995	4.1555228232656
61	2530	19.887606106567	4.1524517450499
61	2552	19.948977434474	4.1478488954569
61	2572	20.071983131233	4.1386234681999
61	2614	20.462503140195	4.1347182681103
61	2636	20.614297659534	4.1233336791599
61	2678	21.119516727663	4.1182814884786
61	2720	21.345912067525	4.1013018379889
61	2742	21.562374538797	4.0991372132762
61	2784	21.808082848161	4.0807090900739
61	2806	21.949261163137	4.0792973069242
61	2848	22.277563873517	4.0546746036457
61	2870	22.334612442329	4.0541041179575
61	2892	22.610277047686	4.0334292725558
61	2934	23.072951893377	4.0288025240989
61	2976	23.568525426115	3.9916345091435
61	2998	23.70282197982	3.9902915436065
61	3040	23.843863902546	3.979713399402
61	3062	24.080358399692	3.9773484544305
61	3104	24.264133103124	3.9635653516731
61	3126	24.573265822939	3.960474024475
61	3168	24.738013627406	3.94811793914
61	3190	25.217362098358	3.9433244544305
61	3234	25.551982404999	3.939978251364
61	3256	25.578829427182	3.9379647247003
61	3296	25.753523045525	3.9248627033246
61	3318	25.98498970732	3.9225480367066
61	3360	26.271738016444	3.9010419135223
61	3382	26.509121274165	3.8986680809451
61	3404	26.707115509386	3.8838185133036
61	3446	27.068646314516	3.8802032052523
61	3488	27.232458149108	3.8679173176579
61	3510	27.454445319119	3.8656974459577
61	3532	27.598819374784	3.8548693917829
61	3574	28.089143201019	3.8499661535205
61	3618	28.446122970022	3.8463963558305
61	3639	28.451899037815	3.845963150746
61	3660	28.601620149825	3.8347340673453
61	3702	29.130580464806	3.8294444641955
61	3744	29.309437407486	3.8160301934945
61	3766	29.699070692676	3.8121338606426
61	3808	29.946784758965	3.7935553056709
61	3830	30.084253019336	3.7921806230672
61	3874	30.324670928865	3.7897764439719
61	3896	30.463735437325	3.7793466058374
61	3916	30.5128743117	3.7756611902593
61	3958	31.06838070942	3.7701061262821
61	4000	31.503782672088	3.737450979082
61	4022	31.588706124536	3.7366017445575
61	4063	31.727369484983	3.726201992524
61	4086	32.208020271695	3.7213954846568
61	4130	32.670519659537	3.7167704907784
61	4152	32.698828057783	3.71464736091
61	4192	32.958204138863	3.695194154829
61	4214	33.023092020824	3.6945452760094
61	4258	33.341528149284	3.6913609147248
61	4280	33.514020457144	3.6784239916353
61	4300	33.683690356489	3.6656987491844
61	4342	33.999705957676	3.6625385931725
61	4386	34.327237341049	3.6592632793388
61	4408	34.395635390213	3.6541334256515
61	4428	34.443136456634	3.6505708456699
61	4470	34.995926640704	3.6450429438292
61	4492	35.209273424491	3.6290419350452
61	4534	35.711076964307	3.624023899647
61	4576	35.859379590142	3.6129012027094
61	4598	35.963020059708	3.6118647980137
61	4620	36.181700139425	3.595463792035
61	4662	36.511599686611	3.5921647965631
61	4684	36.659314772326	3.5810861651345
61	4726	37.094706746618	3.5767322453916
61	4768	37.322124015937	3.5596759501926
61	4790	37.671432629376	3.5561828640582
61	4832	37.937361824724	3.5362381744071
61	4854	38.186536461263	3.5337464280417
61	4896	38.31241946167	3.5243052030112
61	4918	38.405971125382	3.5233696863741
61	4960	38.783183973121	3.4950787227937
61	4982	39.045317818373	3.4924573843412
61	5024	39.372182397756	3.4679425408874
61	5046	39.665283297709	3.4650115318879
61	5088	39.871663094151	3.4495330471548
61	5110	40.022829856499	3.4480213795313
61	5152	40.332353077668	3.4248071379436
61	5174	40.685931454747	3.4212713541728
61	5216	40.823731657143	3.4109363389931
61	5238	41.187705316915	3.4072966023954
61	5282	41.352487266771	3.4056487828968
61	5304	41.518307914982	3.393212234281
61	5344	41.824429745905	3.3702530969618
61	5366	41.930329697727	3.3691940974436
61	5388	42.157981279704	3.3521202287953
61	5430	42.322984952814	3.3504701920642
61	5452	42.690173103313	3.3229310807768
61	5494	43.156179103776	3.3182710207721
61	5536	43.309122248578	3.306800284912
61	5558	43.578111927546	3.3041103881223
61	5600	43.964866806685	3.2751037721869
61	5622	44.155796720981	3.2731944730439
61	5664	44.37178315737	3.2569954903147
61	5686	44.425134337842	3.25646197851
61	5708	44.598634883228	3.2434494376061
61	5750	44.978370572775	3.2396520807106
61	5792	45.313199745982	3.2145398927201
61	5814	45.54037086578	3.2122681815221
61	5836	45.648637885998	3.2041481550057
61	5878	45.88521845635	3.2017823493022
61	5920	46.317018467679	3.1693973484525
61	5942	46.467165510412	3.1678958780252
61	5964	46.569267703246	3.1602382135627
61	6006	46.877818977422	3.1571527008209
61	6048	47.249169593143	3.1293014046418
61	6070	47.547089633866	3.1263222042346
61	6112	47.755316821324	3.1107051651753
61	6134	48.100737184434	3.1072509615442
61	6178	48.434632845092	3.1039120049376
61	6200	48.495038792609	3.0993815588738
61	6240	48.919732263058	3.0675295485901
61	6262	48.992557497657	3.0668012962441
61	6284	49.192282753556	3.0518219020517
61	6326	49.621684948689	3.0475278801004
61	6368	49.952371883045	3.0227263600237
61	6390	49.977681583408	3.02247326302
61	6432	50.314722353991	2.9971952052263
61	6454	50.677657627835	2.9935658524879
61	6496	51.006782388433	2.968881495443
61	6518	51.074810704178	2.9682012122856
61	6560	51.264267356439	2.953991963366
61	6582	51.675864044446	2.9498759964859
61	6626	52.091264501269	2.9457219919177
61	6648	52.157187648143	2.9407777559022
61	6688	52.370338652681	2.9247914305618
61	6710	52.49892136488	2.9235056034398
61	6752	52.937708831324	2.8905965434565
61	6774	53.210670641679	2.887866925353
61	6818	53.365723036098	2.8863164014088
61	6840	53.584921816761	2.8698764928591
61	6859	53.59068635267	2.8694441526659
61	6902	54.126051753163	2.8640904986609
61	6946	54.483970328848	2.8605113129041
61	6968	54.551794881027	2.8554244714907
61	7008	54.742796624384	2.8410993407389
61	7030	55.089417902994	2.8376331279528
61	7074	55.419160782135	2.8343356991614
61	7096	55.542083183329	2.8251165190718
61	7136	55.751893932491	2.8093807128847
61	7158	55.944529604967	2.8074543561599
61	7200	56.397447748787	2.7734854953734
61	7222	56.705408759563	2.7704058852657
61	7266	57.054628305472	2.7669136898066
61	7288	57.082645396168	2.7648124080044
61	7328	57.444954018041	2.7376392613639
61	7350	57.583109637778	2.7362577051665
61	7392	57.883863391008	2.7137011736743
61	7414	58.032524772789	2.7122145598565
61	7458	58.411455481368	2.7084252527707
61	7480	58.515182228692	2.7006457467214
61	7520	58.769275559976	2.6815887468751
61	7542	58.977189988977	2.6795096025851
61	7584	59.246956006556	2.6592771512666
61	7606	59.566765696517	2.656079054367
61	7648	59.909546983267	2.6303704578608
61	7670	60.009189280736	2.6293740348861
61	7692	60.117090560986	2.6212814388673
61	7734	60.507295147478	2.6173793930024
61	7775	60.728149073969	2.6008153485156
61	7798	61.105672085527	2.5970401184
61	7842	61.434438673648	2.5937524525188
61	7864	61.469965500876	2.5910879404767
61	7884	61.650693717624	2.5775333242206
61	7926	61.972627162523	2.5743139897716
61	7968	62.320057333286	2.5482567269644
61	7990	62.618910206537	2.5452681982319
61	8032	62.890641685973	2.5248883372742
61	8054	63.170623148567	2.5220885226482
61	8096	63.325036775998	2.5105075005909
61	8118	63.360387616101	2.5101539921899
61	8140	63.579924547232	2.4936887223551
61	8182	63.85619182676	2.4909260495598
61	8204	64.184401791382	2.4663103022131
61	8246	64.460860937889	2.4635457107481
61	8288	64.797434043072	2.4383027278593
61	8310	65.03996877415	2.4358773805486
61	8354	65.332692309617	2.4329501451939
61	8376	65.369922876476	2.4301578526795
61	8396	65.694196635789	2.405837320731
61	8438	66.206826978511	2.4007110173038
61	8482	66.447641169614	2.3983028753927
61	8504	66.567892288255	2.3892840414947
61	8543	66.720432543407	2.3778435223583
61	8566	66.907747345193	2.3759703743404
61	8608	67.366589984509	2.3415571763917
61	8629	67.37574783327	2.3414655979041
61	8652	67.62299658193	2.3229219417546
61	8694	67.858146242759	2.3205704451463
61	8716	68.132716210491	2.2999776975664
61	8758	68.712859166282	2.2941762680085
61	8802	68.923378643542	2.2920710732359
61	8824	69.169852509561	2.2735855332845
61	8864	69.34608024026	2.260368453482
61	8886	69.534051279034	2.2584887430943
61	8928	69.915830713257	2.2298552855276
61	8950	69.99841274159	2.2290294652443
61	8972	70.138727496218	2.2185058586472
61	9014	70.359069906044	2.2163024345489
61	9056	70.827086951236	2.1812011561595
61	9078	70.96016693633	2.1798703563086
61	9120	71.346087455682	2.1509263173572
61	9142	71.506941940784	2.1493177725061
61	9184	72.006704741928	2.1118355624203
61	9206	72.15569832405	2.1103456265991
61	9248	72.315701645917	2.0983453774591
61	9270	72.68110136982	2.0946913802201
61	9314	72.834266025908	2.0931597336592
61	9336	72.999487198449	2.0807681457186
61	9356	73.128575794052	2.0710865010484
61	9398	73.522568452227	2.0671465744666
61	9440	73.869016279212	2.0411629874428
61	9462	73.885981279294	2.0409933374419
61	9484	74.035733272254	2.0297619379699
61	9526	74.630862679388	2.0238106438986
61	9568	75.070289970308	1.9908535970796
61	9590	75.165215589254	1.9899043408901
61	9634	75.483800961877	1.9867184871639
61	9656	75.58836717338	1.9788760213012
61	9696	75.811665259606	1.9621286648342
61	9718	75.875231305379	1.9614930043765
61	9740	76.138328624449	1.9417607054462
61	9782	76.332531226668	1.9398186794241
61	9804	76.460422022759	1.9302268697172
61	9846	77.212272254805	1.9227083673968
61	9890	77.468558573219	1.9201455042126
61	9912	77.591467763788	1.91092731492
61	9952	77.750199645317	1.8990224238053
61	9974	77.987272419184	1.8966516960666
61	10018	78.339477517232	1.8931296450861
61	10040	78.376318661242	1.8903665592854
61	10080	78.786254447631	1.8596213753062
61	10102	78.965440711993	1.8578295126626
61	10146	79.325893459897	1.8542249851835
61	10168	79.455873316831	1.8444764959135
61	10208	79.768438797097	1.8210340848935
61	10230	79.911539208758	1.8196030807769
61	10252	80.016448841363	1.8117348583316
61	10294	80.625206951293	1.8056472772323
61	10336	80.869422174922	1.7873311354601
61	10358	81.196891680415	1.7840564404052
61	10400	81.589111905105	1.7546399235534
61	10422	81.619241971205	1.7543386228924
61	10464	81.788117842215	1.7416729325667
61	10486	81.955003798529	1.7400040730035
61	10528	82.263642439737	1.7168561749129
61	10550	82.515061848945	1.7143419808208
61	10572	82.637021043363	1.7051950412395
61	10614	82.954836318697	1.7020168884861
61	10636	83.135058928865	1.6885001927235
61	10678	83.391038379315	1.685940398219
61	10700	83.498671096962	1.6778679443955
61	10742	83.887636909223	1.6739782862729
61	10784	84.305339990209	1.642650555199
61	10806	84.504622662588	1.6406577284752
61	10828	84.694416535671	1.6264231879939
61	10870	85.169071456938	1.6216766387813
61	10912	85.407436128358	1.6037992884248
61	10934	85.696890172511	1.6009047479832
61	10978	86.062543419152	1.5972482155168
61	11000	86.168346689574	1.5893129702352
61	11040	86.444533178888	1.5685989835366
61	11062	86.557904437239	1.5674652709531
61	11084	86.670864006809	1.5589933032354
61	11126	87.132699971329	1.5543749435902
61	11168	87.298801633928	1.5419173188953
61	11190	87.519252789634	1.5397128073382
61	11234	87.839390295613	1.5365114322784
61	11256	87.868068152318	1.5343605930255
61	11276	88.170505729716	1.5116777747207
61	11318	88.598881503157	1.5073940169863
61	11360	88.794262629121	1.492740432539
61	11382	89.216200830377	1.4885210505264
61	11426	89.426147285718	1.486421585973
61	11448	89.690110431078	1.466624350071
61	11488	89.771957666732	1.4604858073969
61	11510	90.090878519378	1.4572965988705
61	11552	90.405355638291	1.433710814952
61	11574	90.664954849108	1.4311148228438
61	11616	91.001142840206	1.4059007235115
61	11638	91.119579970892	1.4047163522046
61	11680	91.511852781407	1.375295891416
61	11702	91.705038178395	1.3733640374461
61	11744	91.930040176611	1.3564888875799
61	11766	92.040939246546	1.3553798968806
61	11808	92.3004516735	1.335916464859
61	11830	92.404198472909	1.3348789968649
61	11852	92.588359974536	1.3210668842429
61	11894	92.908219561502	1.3178682883733
61	11916	93.082920763667	1.3047656982109
61	11958	93.406742019261	1.3015274856549
61	12000	93.884714974674	1.265679513999
61	12022	94.047071684859	1.2640559468971
61	12064	94.443116003487	1.234352623
61	12086	94.500085887368	1.2337829241612
61	12128	94.796493408109	1.2115523601056
61	12150	95.207336946073	1.207443924726
61	12192	95.398526797748	1.1931046858504
61	12214	95.59146014979	1.1911753523299
61	12256	95.793426742895	1.1760278578471
61	12278	95.853360498938	1.1754285202866
61	12300	95.976796163923	1.1661708454128
61	12342	96.341809605955	1.1625207109924
61	12364	96.615800257518	1.1419714121252
61	12406	97.014377354513	1.1379856411553
61	12448	97.239319705243	1.1211149648505
61	12470	97.671644095573	1.1167917209472
61	12512	98.050405489865	1.0883846163753
61	12534	98.209804028235	1.0867906309916
61	12576	98.461128763135	1.0679412758741
61	12598	98.566305439788	1.0668895091076
61	12640	98.738370910778	1.0539845987833
61	12662	99.036241782884	1.0510058900623
61	12684	99.146337274394	1.042748728199
61	12726	99.661087705343	1.0376012238895
61	12768	99.788211557667	1.0280669349652
61	12790	100.116776089053	1.0247812896514
61	12832	100.488757199354	0.9968827063788
61	12854	100.510680802687	0.99666347034547
61	12896	100.792383538491	0.97553576516017
61	12918	101.090074902642	0.97255885151866
61	12960	101.404930586114	0.94894467525826
61	12982	101.562060296497	0.94737337815443
61	13024	102.020952812607	0.91295643944618
61	13046	102.105121045242	0.91211475711983
61	13090	102.507041147127	0.90809555610098
61	13112	102.601480623639	0.90101259536258
61	13132	102.694023939527	0.89407184667098
61	13174	103.001648121475	0.8909956048515
61	13216	103.3671034029	0.86358645874463
61	13238	103.681809507645	0.86043939769718
61	13282	103.874130440465	0.85851618836898
61	13304	103.887362458862	0.8575237869892
61	13324	103.982614842362	0.8503798582267
61	13366	104.410930001325	0.84609670663707
61	13408	104.814505462094	0.8158285470794
61	13430	105.171876433733	0.81225483736301
61	13472	105.400107291645	0.79513752301961
61	13494	105.681012263018	0.79232847330588
61	13536	105.934621819507	0.7733077565692
61	13558	106.077556111998	0.77187841364429
61	13600	106.413106958966	0.74671210012169
61	13622	106.449115461166	0.74635201509969
61	13664	106.881758844226	0.71390376137019
61	13686	107.027126749008	0.71245008232237
61	13730	107.319264412261	0.70952870568984
61	13752	107.378943488586	0.70505277496547
61	13792	107.76854867528	0.67583238596342
61	13814	107.943986360318	0.67407800911304
61	13836	108.153627173628	0.65835494811479
61	13878	108.48942288706	0.65499699098047
61	13920	108.908865619197	0.62353878607019
61	13942	109.173377337828	0.62089366888388
61	13984	109.347855715107	0.60780779058796
61	14006	109.591194054074	0.60537440719829
61	14050	110.001694181058	0.60126940592845
61	14072	110.072534717366	0.59595636570535
61	14112	110.376913490172	0.5731279577449
61	14134	110.512605719137	0.57177103545525
61	14156	110.699032790239	0.5577890051226
61	14198	111.134738040677	0.55343195261822
61	14242	111.411019003726	0.55066914298773
61	14264	111.613910278517	0.5354522973784
61	14304	111.803585324741	0.5212266689116
61	14326	112.171361313909	0.51754890901992
61	14368	112.373161972061	0.50241385965852
61	14390	112.444719231091	0.50169828706822
61	14412	112.630268021047	0.48778212782152
61	14454	113.202222614511	0.48206258188688
61	14498	113.507942902445	0.47900537900754
61	14519	113.509726899049	0.47887157926224
61	14540	113.618431987825	0.47071869760404
61	14582	114.103875800743	0.46586425947486
61	14624	114.28708783223	0.45212335711334
61	14646	114.380719993505	0.45118703550059
61	14668	114.650818179573	0.43092967154549
61	14710	115.111419144328	0.42632366189794
61	14752	115.361311135746	0.40758176254159
61	14774	115.577748046125	0.4054173934378
61	14816	115.86340221523	0.38399333075492
61	14838	115.905194566733	0.38357540723989
61	14860	116.116470050092	0.36772974598797
61	14902	116.393825559559	0.3649561908933
61	14943	116.728763297691	0.3398358605334
61	14966	117.142274378109	0.33570074972922
61	15008	117.588040618624	0.30226828169059
61	15030	117.618074060473	0.3019679472721
61	15072	117.765310803454	0.29092519154853
61	15094	118.089181210156	0.28768648748151
61	15136	118.396356854613	0.26464831414723
61	15158	118.42999977298	0.26431188496356
61	15180	118.583051016859	0.25283304167264
61	15222	118.889205821007	0.24977149363116
61	15264	119.276173692967	0.22074890323416
61	15286	119.601031976807	0.21750032039576
61	15328	119.859679858319	0.19810172928236
61	15350	120.004502350706	0.19665350435849
61	15392	120.330894873782	0.17217406512779
61	15414	120.65541368626	0.16892887700301
61	15456	120.82894962209	0.15591368181576
61	15478	120.901188576742	0.15519129226924
61	15500	121.059351681757	0.14332905939311
61	15542	121.38522582069	0.14007031800378
61	15564	121.680672334533	0.11791182946556
61	15606	121.869175496473	0.11602679784616
61	15628	122.111644590485	0.097841615795259
61	15670	122.608074536416	0.092877316335949
61	15714	122.831423458419	0.090643827115919
61	15736	123.084471317034	0.071665237719794
61	15776	123.237777559391	0.060167269543019
61	15798	123.618039967175	0.056364645465179
61	15842	123.856280735563	0.053982237781299
61	15864	124.017729416981	0.041873586674949
61	15904	124.317992631372	0.019353845595624
61	15926	124.40622246988	0.018471547210544
61	15948	124.539815443779	0.0084520741681186
61	15990	125.118944038785	0.0026607882180586
61	16032	125.440045027367	0
62	61	0.438256114218	1
62	105	0.841927462406	2
62	116	0.89496531492	1
62	156	1.327392568029	2
62	189	1.428304789922	3
62	200	1.68168139845	3
62	253	2.010308316778	4
62	284	2.426998330149	4
62	317	2.644109762701	5
62	348	2.955667731313	5
62	381	3.011233140676	6
62	412	3.338450966178	6
62	445	3.476356189381	7
62	476	3.946594842672	7
62	509	4.153673779647	8
62	540	4.282088203131	8
62	573	4.454200736768	9
62	584	4.589052455555	9
62	637	5.078511022738	10
62	648	5.186598382386	10
62	701	5.46653888706	11
62	732	5.899586824196	11
62	765	6.202104333843	12
62	809	6.375382583085	13
62	820	6.613367036598	12
62	860	6.823387441187	13
62	893	7.167277172542	14
62	937	7.508685488123	15
62	948	7.6587245097	14
62	988	7.928348913657	15
62	1021	8.139606573115	16
62	1052	8.424198318234	16
62	1085	8.527433264311	17
62	1116	8.939644934571	17
62	1149	9.09079408558	18
62	1180	9.238103855083	18
62	1213	9.607495332751	19
62	1244	9.963463739547	19
62	1277	10.052050188611	20
62	1288	10.209391502811	20
62	1341	10.534191563408	21
62	1372	11.012059130854	21
62	1406	11.122688520289	22
62	1450	11.361605314686	23
62	1461	11.43142785156	22
62	1481	11.627470091133	23
62	1534	12.008682441208	24
62	1545	12.214504685773	24
62	1598	12.393775209933	25
62	1629	12.803468684534	25
62	1662	13.114009543284	26
62	1693	13.396469677667	26
62	1725	13.405862414799	27
62	1757	13.733235994129	27
62	1790	13.873329541422	28
62	1801	13.98084546063	28
62	1854	14.448898673765	29
62	1885	14.795952874105	29
62	1918	14.87911221763	30
62	1948	15.223950506615	30
62	1982	15.408170826323	31
62	2013	15.754944425783	31
62	2046	15.973837863337	32
62	2077	16.451337093449	32
62	2110	16.680281660668	33
62	2154	16.99922226794	34
62	2165	17.053009779806	33
62	2205	17.243025428763	34
62	2238	17.564467656854	35
62	2269	17.839280437919	35
62	2302	18.180181703399	36
62	2346	18.358954412732	37
62	2357	18.483044599331	37
62	2377	18.559234181567	36
62	2430	19.207165899555	38
62	2461	19.573872584066	38
62	2493	19.580498284995	39
62	2538	19.887606106567	40
62	2549	19.948753434474	39
62	2569	20.071759131233	40
62	2622	20.462503140195	41
62	2633	20.614073659534	41
62	2686	21.119516727663	42
62	2717	21.345688067525	42
62	2750	21.562374538797	43
62	2781	21.807858848161	43
62	2814	21.949261163137	44
62	2845	22.277339873517	44
62	2878	22.334612442329	45
62	2889	22.610053047686	45
62	2942	23.072951893377	46
62	2973	23.568301426115	46
62	3006	23.70282197982	47
62	3037	23.843639902546	47
62	3070	24.080358399692	48
62	3101	24.263909103124	48
62	3134	24.573265822939	49
62	3165	24.737789627406	49
62	3198	25.217362098358	50
62	3242	25.551982404999	51
62	3253	25.578605427182	50
62	3293	25.753299045525	51
62	3326	25.98498970732	52
62	3357	26.271514016444	52
62	3390	26.509121274165	53
62	3401	26.706891509386	53
62	3454	27.068646314516	54
62	3485	27.232234149108	54
62	3518	27.454445319119	55
62	3529	27.598595374784	55
62	3582	28.089143201019	56
62	3626	28.446122970022	57
62	3636	28.451675037815	56
62	3657	28.601396149825	57
62	3710	29.130580464806	58
62	3741	29.309213407486	58
62	3774	29.699070692676	59
62	3805	29.946560758965	59
62	3838	30.084253019336	60
62	3882	30.324670928865	61
62	3893	30.463511437325	61
62	3913	30.5126503117	60
62	3966	31.06838070942	62
62	3997	31.503558672088	62
62	4030	31.588706124536	63
62	4060	31.727145484983	63
62	4094	32.208020271695	64
62	4138	32.670519659537	65
62	4149	32.698604057783	64
62	4189	32.957980138863	65
62	4222	33.023092020824	66
62	4266	33.341528149284	67
62	4277	33.513796457144	66
62	4297	33.683466356489	67
62	4350	33.999705957676	68
62	4394	34.327237341049	69
62	4405	34.395411390213	68
62	4425	34.442912456634	69
62	4478	34.995926640704	70
62	4489	35.209049424491	70
62	4542	35.711076964307	71
62	4573	35.859155590142	71
62	4606	35.963020059708	72
62	4617	36.181476139425	72
62	4670	36.511599686611	73
62	4681	36.659090772326	73
62	4734	37.094706746618	74
62	4765	37.321900015937	74
62	4798	37.671432629376	75
62	4829	37.937137824724	75
62	4862	38.186536461263	76
62	4893	38.31219546167	76
62	4926	38.405971125382	77
62	4957	38.782959973121	77
62	4990	39.045317818373	78
62	5021	39.371958397756	78
62	5054	39.665283297709	79
62	5085	39.871439094151	79
62	5118	40.022829856499	80
62	5149	40.332129077668	80
62	5182	40.685931454747	81
62	5213	40.823507657143	81
62	5246	41.187705316915	82
62	5290	41.352487266771	83
62	5301	41.518083914982	82
62	5341	41.824205745905	83
62	5374	41.930329697727	84
62	5385	42.157757279704	84
62	5438	42.322984952814	85
62	5449	42.689949103313	85
62	5502	43.156179103776	86
62	5533	43.308898248578	86
62	5566	43.578111927546	87
62	5597	43.964642806685	87
62	5630	44.155796720981	88
62	5661	44.37155915737	88
62	5694	44.425134337842	89
62	5705	44.598410883228	89
62	5758	44.978370572775	90
62	5789	45.312975745982	90
62	5822	45.54037086578	91
62	5833	45.648413885998	91
62	5886	45.88521845635	92
62	5917	46.316794467679	92
62	5950	46.467165510412	93
62	5961	46.569043703246	93
62	6014	46.877818977422	94
62	6045	47.248945593143	94
62	6078	47.547089633866	95
62	6109	47.755092821324	95
62	6142	48.100737184434	96
62	6186	48.434632845092	97
62	6197	48.494814792609	96
62	6237	48.919508263058	97
62	6270	48.992557497657	98
62	6281	49.192058753556	98
62	6334	49.621684948689	99
62	6365	49.952147883045	99
62	6398	49.977681583408	100
62	6429	50.314498353991	100
62	6462	50.677657627835	101
62	6493	51.006558388433	101
62	6526	51.074810704178	102
62	6557	51.264043356439	102
62	6590	51.675864044446	103
62	6634	52.091264501269	104
62	6645	52.156963648143	103
62	6685	52.370114652681	104
62	6718	52.49892136488	105
62	6749	52.937484831324	105
62	6782	53.210670641679	106
62	6826	53.365723036098	107
62	6837	53.584697816761	107
62	6856	53.59046235267	106
62	6910	54.126051753163	108
62	6954	54.483970328848	109
62	6965	54.551570881027	108
62	7005	54.742572624384	109
62	7038	55.089417902994	110
62	7082	55.419160782135	111
62	7093	55.541859183329	110
62	7133	55.751669932491	111
62	7166	55.944529604967	112
62	7197	56.397223748787	112
62	7230	56.705408759563	113
62	7274	57.054628305472	114
62	7285	57.082421396168	113
62	7325	57.444730018041	114
62	7358	57.583109637778	115
62	7389	57.883639391008	115
62	7422	58.032524772789	116
62	7466	58.411455481368	117
62	7477	58.514958228692	116
62	7517	58.769051559976	117
62	7550	58.977189988977	118
62	7581	59.246732006556	118
62	7614	59.566765696517	119
62	7645	59.909322983267	119
62	7678	60.009189280736	120
62	7689	60.116866560986	120
62	7742	60.507295147478	121
62	7772	60.727925073969	121
62	7806	61.105672085527	122
62	7850	61.434438673648	123
62	7861	61.469741500876	122
62	7881	61.650469717624	123
62	7934	61.972627162523	124
62	7965	62.319833333286	124
62	7998	62.618910206537	125
62	8029	62.890417685973	125
62	8062	63.170623148567	126
62	8093	63.324812775998	126
62	8126	63.360387616101	127
62	8137	63.579700547232	127
62	8190	63.85619182676	128
62	8201	64.184177791382	128
62	8254	64.460860937889	129
62	8285	64.797210043072	129
62	8318	65.03996877415	130
62	8362	65.332692309617	131
62	8373	65.369698876476	130
62	8393	65.693972635789	131
62	8446	66.206826978511	132
62	8490	66.447641169614	133
62	8501	66.567668288255	132
62	8540	66.720208543407	133
62	8574	66.907747345193	134
62	8605	67.366365984509	134
62	8637	67.37574783327	135
62	8649	67.62277258193	135
62	8702	67.858146242759	136
62	8713	68.132492210491	136
62	8766	68.712859166282	137
62	8810	68.923378643542	138
62	8821	69.169628509561	137
62	8861	69.34585624026	138
62	8894	69.534051279034	139
62	8925	69.915606713257	139
62	8958	69.99841274159	140
62	8969	70.138503496218	140
62	9022	70.359069906044	141
62	9053	70.826862951236	141
62	9086	70.96016693633	142
62	9117	71.345863455682	142
62	9150	71.506941940784	143
62	9181	72.006480741928	143
62	9214	72.15569832405	144
62	9245	72.315477645917	144
62	9278	72.68110136982	145
62	9322	72.834266025908	146
62	9333	72.999263198449	146
62	9353	73.128351794052	145
62	9406	73.522568452227	147
62	9437	73.868792279212	147
62	9470	73.885981279294	148
62	9481	74.035509272254	148
62	9534	74.630862679388	149
62	9565	75.070065970308	149
62	9598	75.165215589254	150
62	9642	75.483800961877	151
62	9653	75.58814317338	150
62	9693	75.811441259606	151
62	9726	75.875231305379	152
62	9737	76.138104624449	152
62	9790	76.332531226668	153
62	9801	76.460198022759	153
62	9854	77.212272254805	154
62	9898	77.468558573219	155
62	9909	77.591243763788	154
62	9949	77.749975645317	155
62	9982	77.987272419184	156
62	10026	78.339477517232	157
62	10037	78.376094661242	156
62	10077	78.786030447631	157
62	10110	78.965440711993	158
62	10154	79.325893459897	159
62	10165	79.455649316831	158
62	10205	79.768214797097	159
62	10238	79.911539208758	160
62	10249	80.016224841363	160
62	10302	80.625206951293	161
62	10333	80.869198174922	161
62	10366	81.196891680415	162
62	10397	81.588887905105	162
62	10430	81.619241971205	163
62	10461	81.787893842215	163
62	10494	81.955003798529	164
62	10525	82.263418439737	164
62	10558	82.515061848945	165
62	10569	82.636797043363	165
62	10622	82.954836318697	166
62	10633	83.134834928865	166
62	10686	83.391038379315	167
62	10697	83.498447096962	167
62	10750	83.887636909223	168
62	10781	84.305115990209	168
62	10814	84.504622662588	169
62	10825	84.694192535671	169
62	10878	85.169071456938	170
62	10909	85.407212128358	170
62	10942	85.696890172511	171
62	10986	86.062543419152	172
62	10997	86.168122689574	171
62	11037	86.444309178888	172
62	11070	86.557904437239	173
62	11081	86.670640006809	173
62	11134	87.132699971329	174
62	11165	87.298577633928	174
62	11198	87.519252789634	175
62	11242	87.839390295613	176
62	11253	87.867844152318	175
62	11273	88.170281729716	176
62	11326	88.598881503157	177
62	11357	88.794038629121	177
62	11390	89.216200830377	178
62	11434	89.426147285718	179
62	11445	89.689886431078	178
62	11485	89.771733666732	179
62	11518	90.090878519378	180
62	11549	90.405131638291	180
62	11582	90.664954849108	181
62	11613	91.000918840206	181
62	11646	91.119579970892	182
62	11677	91.511628781407	182
62	11710	91.705038178395	183
62	11741	91.929816176611	183
62	11774	92.040939246546	184
62	11805	92.3002276735	184
62	11838	92.404198472909	185
62	11849	92.588135974536	185
62	11902	92.908219561502	186
62	11913	93.082696763667	186
62	11966	93.406742019261	187
62	11997	93.884490974674	187
62	12030	94.047071684859	188
62	12061	94.442892003487	188
62	12094	94.500085887368	189
62	12125	94.796269408109	189
62	12158	95.207336946073	190
62	12189	95.398302797748	190
62	12222	95.59146014979	191
62	12253	95.793202742895	191
62	12286	95.853360498938	192
62	12297	95.976572163923	192
62	12350	96.341809605955	193
62	12361	96.615576257518	193
62	12414	97.014377354513	194
62	12445	97.239095705243	194
62	12478	97.671644095573	195
62	12509	98.050181489865	195
62	12542	98.209804028235	196
62	12573	98.460904763135	196
62	12606	98.566305439788	197
62	12637	98.738146910778	197
62	12670	99.036241782884	198
62	12681	99.146113274394	198
62	12734	99.661087705343	199
62	12765	99.787987557667	199
62	12798	100.116776089053	200
62	12829	100.488533199354	200
62	12862	100.510680802687	201
62	12893	100.792159538491	201
62	12926	101.090074902642	202
62	12957	101.404706586114	202
62	12990	101.562060296497	203
62	13021	102.020728812607	203
62	13054	102.105121045242	204
62	13098	102.507041147127	205
62	13109	102.601256623639	204
62	13129	102.693799939527	205
62	13182	103.001648121475	206
62	13213	103.3668794029	206
62	13246	103.681809507645	207
62	13290	103.874130440465	208
62	13301	103.887138458862	207
62	13321	103.982390842362	208
62	13374	104.410930001325	209
62	13405	104.814281462094	209
62	13438	105.171876433733	210
62	13469	105.399883291645	210
62	13502	105.681012263018	211
62	13533	105.934397819507	211
62	13566	106.077556111998	212
62	13597	106.412882958966	212
62	13630	106.449115461166	213
62	13661	106.881534844226	213
62	13694	107.027126749008	214
62	13738	107.319264412261	215
62	13749	107.378719488586	214
62	13789	107.76832467528	215
62	13822	107.943986360318	216
62	13833	108.153403173628	216
62	13886	108.48942288706	217
62	13917	108.908641619197	217
62	13950	109.173377337828	218
62	13981	109.347631715107	218
62	14014	109.591194054074	219
62	14058	110.001694181058	220
62	14069	110.072310717366	219
62	14109	110.376689490172	220
62	14142	110.512605719137	221
62	14153	110.698808790239	221
62	14206	111.134738040677	222
62	14250	111.411019003726	223
62	14261	111.613686278517	222
62	14301	111.803361324741	223
62	14334	112.171361313909	224
62	14365	112.372937972061	224
62	14398	112.444719231091	225
62	14409	112.630044021047	225
62	14462	113.202222614511	226
62	14506	113.507942902445	227
62	14516	113.509502899049	226
62	14537	113.618207987825	227
62	14590	114.103875800743	228
62	14621	114.28686383223	228
62	14654	114.380719993505	229
62	14665	114.650594179573	229
62	14718	115.111419144328	230
62	14749	115.361087135746	230
62	14782	115.577748046125	231
62	14813	115.86317821523	231
62	14846	115.905194566733	232
62	14857	116.116246050092	232
62	14910	116.393825559559	233
62	14940	116.728539297691	233
62	14974	117.142274378109	234
62	15005	117.587816618624	234
62	15038	117.618074060473	235
62	15069	117.765086803454	235
62	15102	118.089181210156	236
62	15133	118.396132854613	236
62	15166	118.42999977298	237
62	15177	118.582827016859	237
62	15230	118.889205821007	238
62	15261	119.275949692967	238
62	15294	119.601031976807	239
62	15325	119.859455858319	239
62	15358	120.004502350706	240
62	15389	120.330670873782	240
62	15422	120.65541368626	241
62	15453	120.82872562209	241
62	15486	120.901188576742	242
62	15497	121.059127681757	242
62	15550	121.38522582069	243
62	15561	121.680448334533	243
62	15614	121.869175496473	244
62	15625	122.111420590485	244
62	15678	122.608074536416	245
62	15722	122.831423458419	246
62	15733	123.084247317034	245
62	15773	123.237553559391	246
62	15806	123.618039967175	247
62	15850	123.856280735563	248
62	15861	124.017505416981	247
62	15901	124.317768631372	248
62	15934	124.40622246988	249
62	15945	124.539591443779	249
62	15998	125.118944038785	250
62	16029	125.439821027367	250
63	108	0.89496531492	8
63	148	1.327392568029	8
63	192	1.68168139845	8
63	276	2.426998330149	8
63	340	2.955667731313	8
63	404	3.338450966178	8
63	468	3.946594842672	8
63	532	4.282088203131	8
63	576	4.589052455555	8
63	640	5.186598382386	8
63	724	5.899586824196	8
63	812	6.613367036598	8
63	852	6.823387441187	8
63	940	7.6587245097	8
63	980	7.928348913657	8
63	1044	8.424198318234	8
63	1108	8.939644934571	8
63	1172	9.238103855083	8
63	1236	9.963463739547	8
63	1280	10.209391502811	8
63	1364	11.012059130854	8
63	1453	11.43142785156	8
63	1473	11.627470091133	8
63	1537	12.214504685773	8
63	1621	12.803468684534	8
63	1685	13.396469677667	8
63	1749	13.733235994129	8
63	1793	13.98084546063	8
63	1877	14.795952874105	8
63	1940	15.223950506615	8
63	2005	15.754944425783	8
63	2069	16.451337093449	8
63	2157	17.053009779806	8
63	2197	17.243025428763	8
63	2261	17.839280437919	8
63	2349	18.483044599331	8
63	2369	18.559234181567	8
63	2453	19.573872584066	8
63	2541	19.948753434474	8
63	2561	20.071759131233	8
63	2625	20.614073659534	8
63	2709	21.345688067525	8
63	2773	21.807858848161	8
63	2837	22.277339873517	8
63	2881	22.610053047686	8
63	2965	23.568301426115	8
63	3029	23.843639902546	8
63	3093	24.263909103124	8
63	3157	24.737789627406	8
63	3245	25.578605427182	8
63	3285	25.753299045525	8
63	3349	26.271514016444	8
63	3393	26.706891509386	8
63	3477	27.232234149108	8
63	3521	27.598595374784	8
63	3628	28.451675037815	8
63	3649	28.601396149825	8
63	3733	29.309213407486	8
63	3797	29.946560758965	8
63	3885	30.463511437325	8
63	3905	30.5126503117	8
63	3989	31.503558672088	8
63	4052	31.727145484983	8
63	4141	32.698604057783	8
63	4181	32.957980138863	8
63	4269	33.513796457144	8
63	4289	33.683466356489	8
63	4397	34.395411390213	8
63	4417	34.442912456634	8
63	4481	35.209049424491	8
63	4565	35.859155590142	8
63	4609	36.181476139425	8
63	4673	36.659090772326	8
63	4757	37.321900015937	8
63	4821	37.937137824724	8
63	4885	38.31219546167	8
63	4949	38.782959973121	8
63	5013	39.371958397756	8
63	5077	39.871439094151	8
63	5141	40.332129077668	8
63	5205	40.823507657143	8
63	5293	41.518083914982	8
63	5333	41.824205745905	8
63	5377	42.157757279704	8
63	5441	42.689949103313	8
63	5525	43.308898248578	8
63	5589	43.964642806685	8
63	5653	44.37155915737	8
63	5697	44.598410883228	8
63	5781	45.312975745982	8
63	5825	45.648413885998	8
63	5909	46.316794467679	8
63	5953	46.569043703246	8
63	6037	47.248945593143	8
63	6101	47.755092821324	8
63	6189	48.494814792609	8
63	6229	48.919508263058	8
63	6273	49.192058753556	8
63	6357	49.952147883045	8
63	6421	50.314498353991	8
63	6485	51.006558388433	8
63	6549	51.264043356439	8
63	6637	52.156963648143	8
63	6677	52.370114652681	8
63	6741	52.937484831324	8
63	6829	53.584697816761	8
63	6848	53.59046235267	8
63	6957	54.551570881027	8
63	6997	54.742572624384	8
63	7085	55.541859183329	8
63	7125	55.751669932491	8
63	7189	56.397223748787	8
63	7277	57.082421396168	8
63	7317	57.444730018041	8
63	7381	57.883639391008	8
63	7469	58.514958228692	8
63	7509	58.769051559976	8
63	7573	59.246732006556	8
63	7637	59.909322983267	8
63	7681	60.116866560986	8
63	7764	60.727925073969	8
63	7853	61.469741500876	8
63	7873	61.650469717624	8
63	7957	62.319833333286	8
63	8021	62.890417685973	8
63	8085	63.324812775998	8
63	8129	63.579700547232	8
63	8193	64.184177791382	8
63	8277	64.797210043072	8
63	8365	65.369698876476	8
63	8385	65.693972635789	8
63	8493	66.567668288255	8
63	8532	66.720208543407	8
63	8597	67.366365984509	8
63	8641	67.62277258193	8
63	8705	68.132492210491	8
63	8813	69.169628509561	8
63	8853	69.34585624026	8
63	8917	69.915606713257	8
63	8961	70.138503496218	8
63	9045	70.826862951236	8
63	9109	71.345863455682	8
63	9173	72.006480741928	8
63	9237	72.315477645917	8
63	9325	72.999263198449	8
63	9345	73.128351794052	8
63	9429	73.868792279212	8
63	9473	74.035509272254	8
63	9557	75.070065970308	8
63	9645	75.58814317338	8
63	9685	75.811441259606	8
63	9729	76.138104624449	8
63	9793	76.460198022759	8
63	9901	77.591243763788	8
63	9941	77.749975645317	8
63	10029	78.376094661242	8
63	10069	78.786030447631	8
63	10157	79.455649316831	8
63	10197	79.768214797097	8
63	10241	80.016224841363	8
63	10325	80.869198174922	8
63	10389	81.588887905105	8
63	10453	81.787893842215	8
63	10517	82.263418439737	8
63	10561	82.636797043363	8
63	10625	83.134834928865	8
63	10689	83.498447096962	8
63	10773	84.305115990209	8
63	10817	84.694192535671	8
63	10901	85.407212128358	8
63	10989	86.168122689574	8
63	11029	86.444309178888	8
63	11073	86.670640006809	8
63	11157	87.298577633928	8
63	11245	87.867844152318	8
63	11265	88.170281729716	8
63	11349	88.794038629121	8
63	11437	89.689886431078	8
63	11477	89.771733666732	8
63	11541	90.405131638291	8
63	11605	91.000918840206	8
63	11669	91.511628781407	8
63	11733	91.929816176611	8
63	11797	92.3002276735	8
63	11841	92.588135974536	8
63	11905	93.082696763667	8
63	11989	93.884490974674	8
63	12053	94.442892003487	8
63	12117	94.796269408109	8
63	12181	95.398302797748	8
63	12245	95.793202742895	8
63	12289	95.976572163923	8
63	12353	96.615576257518	8
63	12437	97.239095705243	8
63	12501	98.050181489865	8
63	12565	98.460904763135	8
63	12629	98.738146910778	8
63	12673	99.146113274394	8
63	12757	99.787987557667	8
63	12821	100.488533199354	8
63	12885	100.792159538491	8
63	12949	101.404706586114	8
63	13013	102.020728812607	8
63	13101	102.601256623639	8
63	13121	102.693799939527	8
63	13205	103.3668794029	8
63	13293	103.887138458862	8
63	13313	103.982390842362	8
63	13397	104.814281462094	8
63	13461	105.399883291645	8
63	13525	105.934397819507	8
63	13589	106.412882958966	8
63	13653	106.881534844226	8
63	13741	107.378719488586	8
63	13781	107.76832467528	8
63	13825	108.153403173628	8
63	13909	108.908641619197	8
63	13973	109.347631715107	8
63	14061	110.072310717366	8
63	14101	110.376689490172	8
63	14145	110.698808790239	8
63	14253	111.613686278517	8
63	14293	111.803361324741	8
63	14357	112.372937972061	8
63	14401	112.630044021047	8
63	14508	113.509502899049	8
63	14529	113.618207987825	8
63	14613	114.28686383223	8
63	14657	114.650594179573	8
63	14741	115.361087135746	8
63	14805	115.86317821523	8
63	14849	116.116246050092	8
63	14932	116.728539297691	8
63	14997	117.587816618624	8
63	15061	117.765086803454	8
63	15125	118.396132854613	8
63	15169	118.582827016859	8
63	15253	119.275949692967	8
63	15317	119.859455858319	8
63	15381	120.330670873782	8
63	15445	120.82872562209	8
63	15489	121.059127681757	8
63	15553	121.680448334533	8
63	15617	122.111420590485	8
63	15725	123.084247317034	8
63	15765	123.237553559391	8
63	15853	124.017505416981	8
63	15893	124.317768631372	8
63	15937	124.539591443779	8
63	16021	125.439821027367	8
64	59	0.438256114218	8
64	103	0.841927462406	8
64	114	0.89496531492	8
64	154	1.327392568029	8
64	187	1.428304789922	8
64	198	1.68168139845	8
64	251	2.010308316778	8
64	282	2.426998330149	8
64	315	2.644109762701	8
64	346	2.955667731313	8
64	379	3.011233140676	8
64	410	3.338450966178	8
64	443	3.476356189381	8
64	474	3.946594842672	8
64	507	4.153673779647	8
64	538	4.282088203131	8
64	571	4.454200736768	8
64	582	4.589052455555	8
64	635	5.078511022738	8
64	646	5.186598382386	8
64	699	5.46653888706	8
64	730	5.899586824196	8
64	763	6.202104333843	8
64	807	6.375382583085	8
64	818	6.613367036598	8
64	858	6.823387441187	8
64	891	7.167277172542	8
64	935	7.508685488123	8
64	946	7.6587245097	8
64	986	7.928348913657	8
64	1019	8.139606573115	8
64	1050	8.424198318234	8
64	1083	8.527433264311	8
64	1114	8.939644934571	8
64	1147	9.09079408558	8
64	1178	9.238103855083	8
64	1211	9.607495332751	8
64	1242	9.963463739547	8
64	1275	10.052050188611	8
64	1286	10.209391502811	8
64	1339	10.534191563408	8
64	1370	11.012059130854	8
64	1404	11.122688520289	8
64	1448	11.361605314686	8
64	1459	11.43142785156	8
64	1479	11.627470091133	8
64	1532	12.008682441208	8
64	1543	12.214504685773	8
64	1596	12.393775209933	8
64	1627	12.803468684534	8
64	1660	13.114009543284	8
64	1691	13.396469677667	8
64	1723	13.405862414799	8
64	1755	13.733235994129	8
64	1788	13.873329541422	8
64	1799	13.98084546063	8
64	1852	14.448898673765	8
64	1883	14.795952874105	8
64	1916	14.87911221763	8
64	1946	15.223950506615	8
64	1980	15.408170826323	8
64	2011	15.754944425783	8
64	2044	15.973837863337	8
64	2075	16.451337093449	8
64	2108	16.680281660668	8
64	2152	16.99922226794	8
64	2163	17.053009779806	8
64	2203	17.243025428763	8
64	2236	17.564467656854	8
64	2267	17.839280437919	8
64	2300	18.180181703399	8
64	2344	18.358954412732	8
64	2355	18.483044599331	8
64	2375	18.559234181567	8
64	2428	19.207165899555	8
64	2459	19.573872584066	8
64	2491	19.580498284995	8
64	2536	19.887606106567	8
64	2547	19.948753434474	8
64	2567	20.071759131233	8
64	2620	20.462503140195	8
64	2631	20.614073659534	8
64	2684	21.119516727663	8
64	2715	21.345688067525	8
64	2748	21.562374538797	8
64	2779	21.807858848161	8
64	2812	21.949261163137	8
64	2843	22.277339873517	8
64	2876	22.334612442329	8
64	2887	22.610053047686	8
64	2940	23.072951893377	8
64	2971	23.568301426115	8
64	3004	23.70282197982	8
64	3035	23.843639902546	8
64	3068	24.080358399692	8
64	3099	24.263909103124	8
64	3132	24.573265822939	8
64	3163	24.737789627406	8
64	3196	25.217362098358	8
64	3240	25.551982404999	8
64	3251	25.578605427182	8
64	3291	25.753299045525	8
64	3324	25.98498970732	8
64	3355	26.271514016444	8
64	3388	26.509121274165	8
64	3399	26.706891509386	8
64	3452	27.068646314516	8
64	3483	27.232234149108	8
64	3516	27.454445319119	8
64	3527	27.598595374784	8
64	3580	28.089143201019	8
64	3624	28.446122970022	8
64	3634	28.451675037815	8
64	3655	28.601396149825	8
64	3708	29.130580464806	8
64	3739	29.309213407486	8
64	3772	29.699070692676	8
64	3803	29.946560758965	8
64	3836	30.084253019336	8
64	3880	30.324670928865	8
64	3891	30.463511437325	8
64	3911	30.5126503117	8
64	3964	31.06838070942	8
64	3995	31.503558672088	8
64	4028	31.588706124536	8
64	4058	31.727145484983	8
64	4092	32.208020271695	8
64	4136	32.670519659537	8
64	4147	32.698604057783	8
64	4187	32.957980138863	8
64	4220	33.023092020824	8
64	4264	33.341528149284	8
64	4275	33.513796457144	8
64	4295	33.683466356489	8
64	4348	33.999705957676	8
64	4392	34.327237341049	8
64	4403	34.395411390213	8
64	4423	34.442912456634	8
64	4476	34.995926640704	8
64	4487	35.209049424491	8
64	4540	35.711076964307	8
64	4571	35.859155590142	8
64	4604	35.963020059708	8
64	4615	36.181476139425	8
64	4668	36.511599686611	8
64	4679	36.659090772326	8
64	4732	37.094706746618	8
64	4763	37.321900015937	8
64	4796	37.671432629376	8
64	4827	37.937137824724	8
64	4860	38.186536461263	8
64	4891	38.31219546167	8
64	4924	38.405971125382	8
64	4955	38.782959973121	8
64	4988	39.045317818373	8
64	5019	39.371958397756	8
64	5052	39.665283297709	8
64	5083	39.871439094151	8
64	5116	40.022829856499	8
64	5147	40.332129077668	8
64	5180	40.685931454747	8
64	5211	40.823507657143	8
64	5244	41.187705316915	8
64	5288	41.352487266771	8
64	5299	41.518083914982	8
64	5339	41.824205745905	8
64	5372	41.930329697727	8
64	5383	42.157757279704	8
64	5436	42.322984952814	8
64	5447	42.689949103313	8
64	5500	43.156179103776	8
64	5531	43.308898248578	8
64	5564	43.578111927546	8
64	5595	43.964642806685	8
64	5628	44.155796720981	8
64	5659	44.37155915737	8
64	5692	44.425134337842	8
64	5703	44.598410883228	8
64	5756	44.978370572775	8
64	5787	45.312975745982	8
64	5820	45.54037086578	8
64	5831	45.648413885998	8
64	5884	45.88521845635	8
64	5915	46.316794467679	8
64	5948	46.467165510412	8
64	5959	46.569043703246	8
64	6012	46.877818977422	8
64	6043	47.248945593143	8
64	6076	47.547089633866	8
64	6107	47.755092821324	8
64	6140	48.100737184434	8
64	6184	48.434632845092	8
64	6195	48.494814792609	8
64	6235	48.919508263058	8
64	6268	48.992557497657	8
64	6279	49.192058753556	8
64	6332	49.621684948689	8
64	6363	49.952147883045	8
64	6396	49.977681583408	8
64	6427	50.314498353991	8
64	6460	50.677657627835	8
64	6491	51.006558388433	8
64	6524	51.074810704178	8
64	6555	51.264043356439	8
64	6588	51.675864044446	8
64	6632	52.091264501269	8
64	6643	52.156963648143	8
64	6683	52.370114652681	8
64	6716	52.49892136488	8
64	6747	52.937484831324	8
64	6780	53.210670641679	8
64	6824	53.365723036098	8
64	6835	53.584697816761	8
64	6854	53.59046235267	8
64	6908	54.126051753163	8
64	6952	54.483970328848	8
64	6963	54.551570881027	8
64	7003	54.742572624384	8
64	7036	55.089417902994	8
64	7080	55.419160782135	8
64	7091	55.541859183329	8
64	7131	55.751669932491	8
64	7164	55.944529604967	8
64	7195	56.397223748787	8
64	7228	56.705408759563	8
64	7272	57.054628305472	8
64	7283	57.082421396168	8
64	7323	57.444730018041	8
64	7356	57.583109637778	8
64	7387	57.883639391008	8
64	7420	58.032524772789	8
64	7464	58.411455481368	8
64	7475	58.514958228692	8
64	7515	58.769051559976	8
64	7548	58.977189988977	8
64	7579	59.246732006556	8
64	7612	59.566765696517	8
64	7643	59.909322983267	8
64	7676	60.009189280736	8
64	7687	60.116866560986	8
64	7740	60.507295147478	8
64	7770	60.727925073969	8
64	7804	61.105672085527	8
64	7848	61.434438673648	8
64	7859	61.469741500876	8
64	7879	61.650469717624	8
64	7932	61.972627162523	8
64	7963	62.319833333286	8
64	7996	62.618910206537	8
64	8027	62.890417685973	8
64	8060	63.170623148567	8
64	8091	63.324812775998	8
64	8124	63.360387616101	8
64	8135	63.579700547232	8
64	8188	63.85619182676	8
64	8199	64.184177791382	8
64	8252	64.460860937889	8
64	8283	64.797210043072	8
64	8316	65.03996877415	8
64	8360	65.332692309617	8
64	8371	65.369698876476	8
64	8391	65.693972635789	8
64	8444	66.206826978511	8
64	8488	66.447641169614	8
64	8499	66.567668288255	8
64	8538	66.720208543407	8
64	8572	66.907747345193	8
64	8603	67.366365984509	8
64	8635	67.37574783327	8
64	8647	67.62277258193	8
64	8700	67.858146242759	8
64	8711	68.132492210491	8
64	8764	68.712859166282	8
64	8808	68.923378643542	8
64	8819	69.169628509561	8
64	8859	69.34585624026	8
64	8892	69.534051279034	8
64	8923	69.915606713257	8
64	8956	69.99841274159	8
64	8967	70.138503496218	8
64	9020	70.359069906044	8
64	9051	70.826862951236	8
64	9084	70.96016693633	8
64	9115	71.345863455682	8
64	9148	71.506941940784	8
64	9179	72.006480741928	8
64	9212	72.15569832405	8
64	9243	72.315477645917	8
64	9276	72.68110136982	8
64	9320	72.834266025908	8
64	9331	72.999263198449	8
64	9351	73.128351794052	8
64	9404	73.522568452227	8
64	9435	73.868792279212	8
64	9468	73.885981279294	8
64	9479	74.035509272254	8
64	9532	74.630862679388	8
64	9563	75.070065970308	8
64	9596	75.165215589254	8
64	9640	75.483800961877	8
64	9651	75.58814317338	8
64	9691	75.811441259606	8
64	9724	75.875231305379	8
64	9735	76.138104624449	8
64	9788	76.332531226668	8
64	9799	76.460198022759	8
64	9852	77.212272254805	8
64	9896	77.468558573219	8
64	9907	77.591243763788	8
64	9947	77.749975645317	8
64	9980	77.987272419184	8
64	10024	78.339477517232	8
64	10035	78.376094661242	8
64	10075	78.786030447631	8
64	10108	78.965440711993	8
64	10152	79.325893459897	8
64	10163	79.455649316831	8
64	10203	79.768214797097	8
64	10236	79.911539208758	8
64	10247	80.016224841363	8
64	10300	80.625206951293	8
64	10331	80.869198174922	8
64	10364	81.196891680415	8
64	10395	81.588887905105	8
64	10428	81.619241971205	8
64	10459	81.787893842215	8
64	10492	81.955003798529	8
64	10523	82.263418439737	8
64	10556	82.515061848945	8
64	10567	82.636797043363	8
64	10620	82.954836318697	8
64	10631	83.134834928865	8
64	10684	83.391038379315	8
64	10695	83.498447096962	8
64	10748	83.887636909223	8
64	10779	84.305115990209	8
64	10812	84.504622662588	8
64	10823	84.694192535671	8
64	10876	85.169071456938	8
64	10907	85.407212128358	8
64	10940	85.696890172511	8
64	10984	86.062543419152	8
64	10995	86.168122689574	8
64	11035	86.444309178888	8
64	11068	86.557904437239	8
64	11079	86.670640006809	8
64	11132	87.132699971329	8
64	11163	87.298577633928	8
64	11196	87.519252789634	8
64	11240	87.839390295613	8
64	11251	87.867844152318	8
64	11271	88.170281729716	8
64	11324	88.598881503157	8
64	11355	88.794038629121	8
64	11388	89.216200830377	8
64	11432	89.426147285718	8
64	11443	89.689886431078	8
64	11483	89.771733666732	8
64	11516	90.090878519378	8
64	11547	90.405131638291	8
64	11580	90.664954849108	8
64	11611	91.000918840206	8
64	11644	91.119579970892	8
64	11675	91.511628781407	8
64	11708	91.705038178395	8
64	11739	91.929816176611	8
64	11772	92.040939246546	8
64	11803	92.3002276735	8
64	11836	92.404198472909	8
64	11847	92.588135974536	8
64	11900	92.908219561502	8
64	11911	93.082696763667	8
64	11964	93.406742019261	8
64	11995	93.884490974674	8
64	12028	94.047071684859	8
64	12059	94.442892003487	8
64	12092	94.500085887368	8
64	12123	94.796269408109	8
64	12156	95.207336946073	8
64	12187	95.398302797748	8
64	12220	95.59146014979	8
64	12251	95.793202742895	8
64	12284	95.853360498938	8
64	12295	95.976572163923	8
64	12348	96.341809605955	8
64	12359	96.615576257518	8
64	12412	97.014377354513	8
64	12443	97.239095705243	8
64	12476	97.671644095573	8
64	12507	98.050181489865	8
64	12540	98.209804028235	8
64	12571	98.460904763135	8
64	12604	98.566305439788	8
64	12635	98.738146910778	8
64	12668	99.036241782884	8
64	12679	99.146113274394	8
64	12732	99.661087705343	8
64	12763	99.787987557667	8
64	12796	100.116776089053	8
64	12827	100.488533199354	8
64	12860	100.510680802687	8
64	12891	100.792159538491	8
64	12924	101.090074902642	8
64	12955	101.404706586114	8
64	12988	101.562060296497	8
64	13019	102.020728812607	8
64	13052	102.105121045242	8
64	13096	102.507041147127	8
64	13107	102.601256623639	8
64	13127	102.693799939527	8
64	13180	103.001648121475	8
64	13211	103.3668794029	8
64	13244	103.681809507645	8
64	13288	103.874130440465	8
64	13299	103.887138458862	8
64	13319	103.982390842362	8
64	13372	104.410930001325	8
64	13403	104.814281462094	8
64	13436	105.171876433733	8
64	13467	105.399883291645	8
64	13500	105.681012263018	8
64	13531	105.934397819507	8
64	13564	106.077556111998	8
64	13595	106.412882958966	8
64	13628	106.449115461166	8
64	13659	106.881534844226	8
64	13692	107.027126749008	8
64	13736	107.319264412261	8
64	13747	107.378719488586	8
64	13787	107.76832467528	8
64	13820	107.943986360318	8
64	13831	108.153403173628	8
64	13884	108.48942288706	8
64	13915	108.908641619197	8
64	13948	109.173377337828	8
64	13979	109.347631715107	8
64	14012	109.591194054074	8
64	14056	110.001694181058	8
64	14067	110.072310717366	8
64	14107	110.376689490172	8
64	14140	110.512605719137	8
64	14151	110.698808790239	8
64	14204	111.134738040677	8
64	14248	111.411019003726	8
64	14259	111.613686278517	8
64	14299	111.803361324741	8
64	14332	112.171361313909	8
64	14363	112.372937972061	8
64	14396	112.444719231091	8
64	14407	112.630044021047	8
64	14460	113.202222614511	8
64	14504	113.507942902445	8
64	14514	113.509502899049	8
64	14535	113.618207987825	8
64	14588	114.103875800743	8
64	14619	114.28686383223	8
64	14652	114.380719993505	8
64	14663	114.650594179573	8
64	14716	115.111419144328	8
64	14747	115.361087135746	8
64	14780	115.577748046125	8
64	14811	115.86317821523	8
64	14844	115.905194566733	8
64	14855	116.116246050092	8
64	14908	116.393825559559	8
64	14938	116.728539297691	8
64	14972	117.142274378109	8
64	15003	117.587816618624	8
64	15036	117.618074060473	8
64	15067	117.765086803454	8
64	15100	118.089181210156	8
64	15131	118.396132854613	8
64	15164	118.42999977298	8
64	15175	118.582827016859	8
64	15228	118.889205821007	8
64	15259	119.275949692967	8
64	15292	119.601031976807	8
64	15323	119.859455858319	8
64	15356	120.004502350706	8
64	15387	120.330670873782	8
64	15420	120.65541368626	8
64	15451	120.82872562209	8
64	15484	120.901188576742	8
64	15495	121.059127681757	8
64	15548	121.38522582069	8
64	15559	121.680448334533	8
64	15612	121.869175496473	8
64	15623	122.111420590485	8
64	15676	122.608074536416	8
64	15720	122.831423458419	8
64	15731	123.084247317034	8
64	15771	123.237553559391	8
64	15804	123.618039967175	8
64	15848	123.856280735563	8
64	15859	124.017505416981	8
64	15899	124.317768631372	8
64	15932	124.40622246988	8
64	15943	124.539591443779	8
64	15996	125.118944038785	8
64	16027	125.439821027367	8
65	59	0.438256114218	1
65	103	0.841927462406	2
65	114	0.89496531492	3
65	154	1.327392568029	4
65	187	1.428304789922	5
65	198	1.68168139845	6
65	251	2.010308316778	7
65	282	2.426998330149	8
65	315	2.644109762701	9
65	346	2.955667731313	10
65	379	3.011233140676	11
65	410	3.338450966178	12
65	443	3.476356189381	13
65	474	3.946594842672	14
65	507	4.153673779647	15
65	538	4.282088203131	16
65	571	4.454200736768	17
65	582	4.589052455555	18
65	635	5.078511022738	19
65	646	5.186598382386	20
65	699	5.46653888706	21
65	730	5.899586824196	22
65	763	6.202104333843	23
65	807	6.375382583085	24
65	818	6.613367036598	25
65	858	6.823387441187	26
65	891	7.167277172542	27
65	935	7.508685488123	28
65	946	7.6587245097	29
65	986	7.928348913657	30
65	1019	8.139606573115	31
65	1050	8.424198318234	32
65	1083	8.527433264311	33
65	1114	8.939644934571	34
65	1147	9.09079408558	35
65	1178	9.238103855083	36
65	1211	9.607495332751	37
65	1242	9.963463739547	38
65	1275	10.052050188611	39
65	1286	10.209391502811	40
65	1339	10.534191563408	41
65	1370	11.012059130854	42
65	1404	11.122688520289	43
65	1448	11.361605314686	44
65	1459	11.43142785156	45
65	1479	11.627470091133	46
65	1532	12.008682441208	47
65	1543	12.214504685773	48
65	1596	12.393775209933	49
65	1627	12.803468684534	50
65	1660	13.114009543284	51
65	1691	13.396469677667	52
65	1723	13.405862414799	53
65	1755	13.733235994129	54
65	1788	13.873329541422	55
65	1799	13.98084546063	56
65	1852	14.448898673765	57
65	1883	14.795952874105	58
65	1916	14.87911221763	59
65	1946	15.223950506615	60
65	1980	15.408170826323	61
65	2011	15.754944425783	62
65	2044	15.973837863337	63
65	2075	16.451337093449	64
65	2108	16.680281660668	65
65	2152	16.99922226794	66
65	2163	17.053009779806	67
65	2203	17.243025428763	68
65	2236	17.564467656854	69
65	2267	17.839280437919	70
65	2300	18.180181703399	71
65	2344	18.358954412732	72
65	2355	18.483044599331	73
65	2375	18.559234181567	74
65	2428	19.207165899555	75
65	2459	19.573872584066	76
65	2491	19.580498284995	77
65	2536	19.887606106567	78
65	2547	19.948753434474	79
65	2567	20.071759131233	80
65	2620	20.462503140195	81
65	2631	20.614073659534	82
65	2684	21.119516727663	83
65	2715	21.345688067525	84
65	2748	21.562374538797	85
65	2779	21.807858848161	86
65	2812	21.949261163137	87
65	2843	22.277339873517	88
65	2876	22.334612442329	89
65	2887	22.610053047686	90
65	2940	23.072951893377	91
65	2971	23.568301426115	92
65	3004	23.70282197982	93
65	3035	23.843639902546	94
65	3068	24.080358399692	95
65	3099	24.263909103124	96
65	3132	24.573265822939	97
65	3163	24.737789627406	98
65	3196	25.217362098358	99
65	3240	25.551982404999	100
65	3251	25.578605427182	101
65	3291	25.753299045525	102
65	3324	25.98498970732	103
65	3355	26.271514016444	104
65	3388	26.509121274165	105
65	3399	26.706891509386	106
65	3452	27.068646314516	107
65	3483	27.232234149108	108
65	3516	27.454445319119	109
65	3527	27.598595374784	110
65	3580	28.089143201019	111
65	3624	28.446122970022	112
65	3634	28.451675037815	113
65	3655	28.601396149825	114
65	3708	29.130580464806	115
65	3739	29.309213407486	116
65	3772	29.699070692676	117
65	3803	29.946560758965	118
65	3836	30.084253019336	119
65	3880	30.324670928865	120
65	3891	30.463511437325	121
65	3911	30.5126503117	122
65	3964	31.06838070942	123
65	3995	31.503558672088	124
65	4028	31.588706124536	125
65	4058	31.727145484983	126
65	4092	32.208020271695	127
65	4136	32.670519659537	128
65	4147	32.698604057783	129
65	4187	32.957980138863	130
65	4220	33.023092020824	131
65	4264	33.341528149284	132
65	4275	33.513796457144	133
65	4295	33.683466356489	134
65	4348	33.999705957676	135
65	4392	34.327237341049	136
65	4403	34.395411390213	137
65	4423	34.442912456634	138
65	4476	34.995926640704	139
65	4487	35.209049424491	140
65	4540	35.711076964307	141
65	4571	35.859155590142	142
65	4604	35.963020059708	143
65	4615	36.181476139425	144
65	4668	36.511599686611	145
65	4679	36.659090772326	146
65	4732	37.094706746618	147
65	4763	37.321900015937	148
65	4796	37.671432629376	149
65	4827	37.937137824724	150
65	4860	38.186536461263	151
65	4891	38.31219546167	152
65	4924	38.405971125382	153
65	4955	38.782959973121	154
65	4988	39.045317818373	155
65	5019	39.371958397756	156
65	5052	39.665283297709	157
65	5083	39.871439094151	158
65	5116	40.022829856499	159
65	5147	40.332129077668	160
65	5180	40.685931454747	161
65	5211	40.823507657143	162
65	5244	41.187705316915	163
65	5288	41.352487266771	164
65	5299	41.518083914982	165
65	5339	41.824205745905	166
65	5372	41.930329697727	167
65	5383	42.157757279704	168
65	5436	42.322984952814	169
65	5447	42.689949103313	170
65	5500	43.156179103776	171
65	5531	43.308898248578	172
65	5564	43.578111927546	173
65	5595	43.964642806685	174
65	5628	44.155796720981	175
65	5659	44.37155915737	176
65	5692	44.425134337842	177
65	5703	44.598410883228	178
65	5756	44.978370572775	179
65	5787	45.312975745982	180
65	5820	45.54037086578	181
65	5831	45.648413885998	182
65	5884	45.88521845635	183
65	5915	46.316794467679	184
65	5948	46.467165510412	185
65	5959	46.569043703246	186
65	6012	46.877818977422	187
65	6043	47.248945593143	188
65	6076	47.547089633866	189
65	6107	47.755092821324	190
65	6140	48.100737184434	191
65	6184	48.434632845092	192
65	6195	48.494814792609	193
65	6235	48.919508263058	194
65	6268	48.992557497657	195
65	6279	49.192058753556	196
65	6332	49.621684948689	197
65	6363	49.952147883045	198
65	6396	49.977681583408	199
65	6427	50.314498353991	200
65	6460	50.677657627835	201
65	6491	51.006558388433	202
65	6524	51.074810704178	203
65	6555	51.264043356439	204
65	6588	51.675864044446	205
65	6632	52.091264501269	206
65	6643	52.156963648143	207
65	6683	52.370114652681	208
65	6716	52.49892136488	209
65	6747	52.937484831324	210
65	6780	53.210670641679	211
65	6824	53.365723036098	212
65	6835	53.584697816761	213
65	6854	53.59046235267	214
65	6908	54.126051753163	215
65	6952	54.483970328848	216
65	6963	54.551570881027	217
65	7003	54.742572624384	218
65	7036	55.089417902994	219
65	7080	55.419160782135	220
65	7091	55.541859183329	221
65	7131	55.751669932491	222
65	7164	55.944529604967	223
65	7195	56.397223748787	224
65	7228	56.705408759563	225
65	7272	57.054628305472	226
65	7283	57.082421396168	227
65	7323	57.444730018041	228
65	7356	57.583109637778	229
65	7387	57.883639391008	230
65	7420	58.032524772789	231
65	7464	58.411455481368	232
65	7475	58.514958228692	233
65	7515	58.769051559976	234
65	7548	58.977189988977	235
65	7579	59.246732006556	236
65	7612	59.566765696517	237
65	7643	59.909322983267	238
65	7676	60.009189280736	239
65	7687	60.116866560986	240
65	7740	60.507295147478	241
65	7770	60.727925073969	242
65	7804	61.105672085527	243
65	7848	61.434438673648	244
65	7859	61.469741500876	245
65	7879	61.650469717624	246
65	7932	61.972627162523	247
65	7963	62.319833333286	248
65	7996	62.618910206537	249
65	8027	62.890417685973	250
65	8060	63.170623148567	251
65	8091	63.324812775998	252
65	8124	63.360387616101	253
65	8135	63.579700547232	254
65	8188	63.85619182676	255
65	8199	64.184177791382	256
65	8252	64.460860937889	257
65	8283	64.797210043072	258
65	8316	65.03996877415	259
65	8360	65.332692309617	260
65	8371	65.369698876476	261
65	8391	65.693972635789	262
65	8444	66.206826978511	263
65	8488	66.447641169614	264
65	8499	66.567668288255	265
65	8538	66.720208543407	266
65	8572	66.907747345193	267
65	8603	67.366365984509	268
65	8635	67.37574783327	269
65	8647	67.62277258193	270
65	8700	67.858146242759	271
65	8711	68.132492210491	272
65	8764	68.712859166282	273
65	8808	68.923378643542	274
65	8819	69.169628509561	275
65	8859	69.34585624026	276
65	8892	69.534051279034	277
65	8923	69.915606713257	278
65	8956	69.99841274159	279
65	8967	70.138503496218	280
65	9020	70.359069906044	281
65	9051	70.826862951236	282
65	9084	70.96016693633	283
65	9115	71.345863455682	284
65	9148	71.506941940784	285
65	9179	72.006480741928	286
65	9212	72.15569832405	287
65	9243	72.315477645917	288
65	9276	72.68110136982	289
65	9320	72.834266025908	290
65	9331	72.999263198449	291
65	9351	73.128351794052	292
65	9404	73.522568452227	293
65	9435	73.868792279212	294
65	9468	73.885981279294	295
65	9479	74.035509272254	296
65	9532	74.630862679388	297
65	9563	75.070065970308	298
65	9596	75.165215589254	299
65	9640	75.483800961877	300
65	9651	75.58814317338	301
65	9691	75.811441259606	302
65	9724	75.875231305379	303
65	9735	76.138104624449	304
65	9788	76.332531226668	305
65	9799	76.460198022759	306
65	9852	77.212272254805	307
65	9896	77.468558573219	308
65	9907	77.591243763788	309
65	9947	77.749975645317	310
65	9980	77.987272419184	311
65	10024	78.339477517232	312
65	10035	78.376094661242	313
65	10075	78.786030447631	314
65	10108	78.965440711993	315
65	10152	79.325893459897	316
65	10163	79.455649316831	317
65	10203	79.768214797097	318
65	10236	79.911539208758	319
65	10247	80.016224841363	320
65	10300	80.625206951293	321
65	10331	80.869198174922	322
65	10364	81.196891680415	323
65	10395	81.588887905105	324
65	10428	81.619241971205	325
65	10459	81.787893842215	326
65	10492	81.955003798529	327
65	10523	82.263418439737	328
65	10556	82.515061848945	329
65	10567	82.636797043363	330
65	10620	82.954836318697	331
65	10631	83.134834928865	332
65	10684	83.391038379315	333
65	10695	83.498447096962	334
65	10748	83.887636909223	335
65	10779	84.305115990209	336
65	10812	84.504622662588	337
65	10823	84.694192535671	338
65	10876	85.169071456938	339
65	10907	85.407212128358	340
65	10940	85.696890172511	341
65	10984	86.062543419152	342
65	10995	86.168122689574	343
65	11035	86.444309178888	344
65	11068	86.557904437239	345
65	11079	86.670640006809	346
65	11132	87.132699971329	347
65	11163	87.298577633928	348
65	11196	87.519252789634	349
65	11240	87.839390295613	350
65	11251	87.867844152318	351
65	11271	88.170281729716	352
65	11324	88.598881503157	353
65	11355	88.794038629121	354
65	11388	89.216200830377	355
65	11432	89.426147285718	356
65	11443	89.689886431078	357
65	11483	89.771733666732	358
65	11516	90.090878519378	359
65	11547	90.405131638291	360
65	11580	90.664954849108	361
65	11611	91.000918840206	362
65	11644	91.119579970892	363
65	11675	91.511628781407	364
65	11708	91.705038178395	365
65	11739	91.929816176611	366
65	11772	92.040939246546	367
65	11803	92.3002276735	368
65	11836	92.404198472909	369
65	11847	92.588135974536	370
65	11900	92.908219561502	371
65	11911	93.082696763667	372
65	11964	93.406742019261	373
65	11995	93.884490974674	374
65	12028	94.047071684859	375
65	12059	94.442892003487	376
65	12092	94.500085887368	377
65	12123	94.796269408109	378
65	12156	95.207336946073	379
65	12187	95.398302797748	380
65	12220	95.59146014979	381
65	12251	95.793202742895	382
65	12284	95.853360498938	383
65	12295	95.976572163923	384
65	12348	96.341809605955	385
65	12359	96.615576257518	386
65	12412	97.014377354513	387
65	12443	97.239095705243	388
65	12476	97.671644095573	389
65	12507	98.050181489865	390
65	12540	98.209804028235	391
65	12571	98.460904763135	392
65	12604	98.566305439788	393
65	12635	98.738146910778	394
65	12668	99.036241782884	395
65	12679	99.146113274394	396
65	12732	99.661087705343	397
65	12763	99.787987557667	398
65	12796	100.116776089053	399
65	12827	100.488533199354	400
65	12860	100.510680802687	401
65	12891	100.792159538491	402
65	12924	101.090074902642	403
65	12955	101.404706586114	404
65	12988	101.562060296497	405
65	13019	102.020728812607	406
65	13052	102.105121045242	407
65	13096	102.507041147127	408
65	13107	102.601256623639	409
65	13127	102.693799939527	410
65	13180	103.001648121475	411
65	13211	103.3668794029	412
65	13244	103.681809507645	413
65	13288	103.874130440465	414
65	13299	103.887138458862	415
65	13319	103.982390842362	416
65	13372	104.410930001325	417
65	13403	104.814281462094	418
65	13436	105.171876433733	419
65	13467	105.399883291645	420
65	13500	105.681012263018	421
65	13531	105.934397819507	422
65	13564	106.077556111998	423
65	13595	106.412882958966	424
65	13628	106.449115461166	425
65	13659	106.881534844226	426
65	13692	107.027126749008	427
65	13736	107.319264412261	428
65	13747	107.378719488586	429
65	13787	107.76832467528	430
65	13820	107.943986360318	431
65	13831	108.153403173628	432
65	13884	108.48942288706	433
65	13915	108.908641619197	434
65	13948	109.173377337828	435
65	13979	109.347631715107	436
65	14012	109.591194054074	437
65	14056	110.001694181058	438
65	14067	110.072310717366	439
65	14107	110.376689490172	440
65	14140	110.512605719137	441
65	14151	110.698808790239	442
65	14204	111.134738040677	443
65	14248	111.411019003726	444
65	14259	111.613686278517	445
65	14299	111.803361324741	446
65	14332	112.171361313909	447
65	14363	112.372937972061	448
65	14396	112.444719231091	449
65	14407	112.630044021047	450
65	14460	113.202222614511	451
65	14504	113.507942902445	452
65	14514	113.509502899049	453
65	14535	113.618207987825	454
65	14588	114.103875800743	455
65	14619	114.28686383223	456
65	14652	114.380719993505	457
65	14663	114.650594179573	458
65	14716	115.111419144328	459
65	14747	115.361087135746	460
65	14780	115.577748046125	461
65	14811	115.86317821523	462
65	14844	115.905194566733	463
65	14855	116.116246050092	464
65	14908	116.393825559559	465
65	14938	116.728539297691	466
65	14972	117.142274378109	467
65	15003	117.587816618624	468
65	15036	117.618074060473	469
65	15067	117.765086803454	470
65	15100	118.089181210156	471
65	15131	118.396132854613	472
65	15164	118.42999977298	473
65	15175	118.582827016859	474
65	15228	118.889205821007	475
65	15259	119.275949692967	476
65	15292	119.601031976807	477
65	15323	119.859455858319	478
65	15356	120.004502350706	479
65	15387	120.330670873782	480
65	15420	120.65541368626	481
65	15451	120.82872562209	482
65	15484	120.901188576742	483
65	15495	121.059127681757	484
65	15548	121.38522582069	485
65	15559	121.680448334533	486
65	15612	121.869175496473	487
65	15623	122.111420590485	488
65	15676	122.608074536416	489
65	15720	122.831423458419	490
65	15731	123.084247317034	491
65	15771	123.237553559391	492
65	15804	123.618039967175	493
65	15848	123.856280735563	494
65	15859	124.017505416981	495
65	15899	124.317768631372	496
65	15932	124.40622246988	497
65	15943	124.539591443779	498
65	15996	125.118944038785	499
65	16027	125.439821027367	500
69	110	0.89496531492	28
69	150	1.327392568029	28
69	194	1.68168139845	28
69	278	2.426998330149	28
69	342	2.955667731313	28
69	406	3.338450966178	28
69	470	3.946594842672	28
69	534	4.282088203131	28
69	578	4.589052455555	28
69	642	5.186598382386	28
69	726	5.899586824196	28
69	814	6.613367036598	28
69	854	6.823387441187	28
69	942	7.6587245097	28
69	982	7.928348913657	28
69	1046	8.424198318234	28
69	1110	8.939644934571	28
69	1174	9.238103855083	28
69	1238	9.963463739547	28
69	1282	10.209391502811	28
69	1366	11.012059130854	28
69	1455	11.43142785156	28
69	1475	11.627470091133	28
69	1539	12.214504685773	28
69	1623	12.803468684534	28
69	1687	13.396469677667	28
69	1751	13.733235994129	28
69	1795	13.98084546063	28
69	1879	14.795952874105	28
69	1942	15.223950506615	28
69	2007	15.754944425783	28
69	2071	16.451337093449	28
69	2159	17.053009779806	28
69	2199	17.243025428763	28
69	2263	17.839280437919	28
69	2351	18.483044599331	28
69	2371	18.559234181567	28
69	2455	19.573872584066	28
69	2543	19.948753434474	28
69	2563	20.071759131233	28
69	2627	20.614073659534	28
69	2711	21.345688067525	28
69	2775	21.807858848161	28
69	2839	22.277339873517	28
69	2883	22.610053047686	28
69	2967	23.568301426115	28
69	3031	23.843639902546	28
69	3095	24.263909103124	28
69	3159	24.737789627406	28
69	3247	25.578605427182	28
69	3287	25.753299045525	28
69	3351	26.271514016444	28
69	3395	26.706891509386	28
69	3479	27.232234149108	28
69	3523	27.598595374784	28
69	3630	28.451675037815	28
69	3651	28.601396149825	28
69	3735	29.309213407486	28
69	3799	29.946560758965	28
69	3887	30.463511437325	28
69	3907	30.5126503117	28
69	3991	31.503558672088	28
69	4054	31.727145484983	28
69	4143	32.698604057783	28
69	4183	32.957980138863	28
69	4271	33.513796457144	28
69	4291	33.683466356489	28
69	4399	34.395411390213	28
69	4419	34.442912456634	28
69	4483	35.209049424491	28
69	4567	35.859155590142	28
69	4611	36.181476139425	28
69	4675	36.659090772326	28
69	4759	37.321900015937	28
69	4823	37.937137824724	28
69	4887	38.31219546167	28
69	4951	38.782959973121	28
69	5015	39.371958397756	28
69	5079	39.871439094151	28
69	5143	40.332129077668	28
69	5207	40.823507657143	28
69	5295	41.518083914982	28
69	5335	41.824205745905	28
69	5379	42.157757279704	28
69	5443	42.689949103313	28
69	5527	43.308898248578	28
69	5591	43.964642806685	28
69	5655	44.37155915737	28
69	5699	44.598410883228	28
69	5783	45.312975745982	28
69	5827	45.648413885998	28
69	5911	46.316794467679	28
69	5955	46.569043703246	28
69	6039	47.248945593143	28
69	6103	47.755092821324	28
69	6191	48.494814792609	28
69	6231	48.919508263058	28
69	6275	49.192058753556	28
69	6359	49.952147883045	28
69	6423	50.314498353991	28
69	6487	51.006558388433	28
69	6551	51.264043356439	28
69	6639	52.156963648143	28
69	6679	52.370114652681	28
69	6743	52.937484831324	28
69	6831	53.584697816761	28
69	6850	53.59046235267	28
69	6959	54.551570881027	28
69	6999	54.742572624384	28
69	7087	55.541859183329	28
69	7127	55.751669932491	28
69	7191	56.397223748787	28
69	7279	57.082421396168	28
69	7319	57.444730018041	28
69	7383	57.883639391008	28
69	7471	58.514958228692	28
69	7511	58.769051559976	28
69	7575	59.246732006556	28
69	7639	59.909322983267	28
69	7683	60.116866560986	28
69	7766	60.727925073969	28
69	7855	61.469741500876	28
69	7875	61.650469717624	28
69	7959	62.319833333286	28
69	8023	62.890417685973	28
69	8087	63.324812775998	28
69	8131	63.579700547232	28
69	8195	64.184177791382	28
69	8279	64.797210043072	28
69	8367	65.369698876476	28
69	8387	65.693972635789	28
69	8495	66.567668288255	28
69	8534	66.720208543407	28
69	8599	67.366365984509	28
69	8643	67.62277258193	28
69	8707	68.132492210491	28
69	8815	69.169628509561	28
69	8855	69.34585624026	28
69	8919	69.915606713257	28
69	8963	70.138503496218	28
69	9047	70.826862951236	28
69	9111	71.345863455682	28
69	9175	72.006480741928	28
69	9239	72.315477645917	28
69	9327	72.999263198449	28
69	9347	73.128351794052	28
69	9431	73.868792279212	28
69	9475	74.035509272254	28
69	9559	75.070065970308	28
69	9647	75.58814317338	28
69	9687	75.811441259606	28
69	9731	76.138104624449	28
69	9795	76.460198022759	28
69	9903	77.591243763788	28
69	9943	77.749975645317	28
69	10031	78.376094661242	28
69	10071	78.786030447631	28
69	10159	79.455649316831	28
69	10199	79.768214797097	28
69	10243	80.016224841363	28
69	10327	80.869198174922	28
69	10391	81.588887905105	28
69	10455	81.787893842215	28
69	10519	82.263418439737	28
69	10563	82.636797043363	28
69	10627	83.134834928865	28
69	10691	83.498447096962	28
69	10775	84.305115990209	28
69	10819	84.694192535671	28
69	10903	85.407212128358	28
69	10991	86.168122689574	28
69	11031	86.444309178888	28
69	11075	86.670640006809	28
69	11159	87.298577633928	28
69	11247	87.867844152318	28
69	11267	88.170281729716	28
69	11351	88.794038629121	28
69	11439	89.689886431078	28
69	11479	89.771733666732	28
69	11543	90.405131638291	28
69	11607	91.000918840206	28
69	11671	91.511628781407	28
69	11735	91.929816176611	28
69	11799	92.3002276735	28
69	11843	92.588135974536	28
69	11907	93.082696763667	28
69	11991	93.884490974674	28
69	12055	94.442892003487	28
69	12119	94.796269408109	28
69	12183	95.398302797748	28
69	12247	95.793202742895	28
69	12291	95.976572163923	28
69	12355	96.615576257518	28
69	12439	97.239095705243	28
69	12503	98.050181489865	28
69	12567	98.460904763135	28
69	12631	98.738146910778	28
69	12675	99.146113274394	28
69	12759	99.787987557667	28
69	12823	100.488533199354	28
69	12887	100.792159538491	28
69	12951	101.404706586114	28
69	13015	102.020728812607	28
69	13103	102.601256623639	28
69	13123	102.693799939527	28
69	13207	103.3668794029	28
69	13295	103.887138458862	28
69	13315	103.982390842362	28
69	13399	104.814281462094	28
69	13463	105.399883291645	28
69	13527	105.934397819507	28
69	13591	106.412882958966	28
69	13655	106.881534844226	28
69	13743	107.378719488586	28
69	13783	107.76832467528	28
69	13827	108.153403173628	28
69	13911	108.908641619197	28
69	13975	109.347631715107	28
69	14063	110.072310717366	28
69	14103	110.376689490172	28
69	14147	110.698808790239	28
69	14255	111.613686278517	28
69	14295	111.803361324741	28
69	14359	112.372937972061	28
69	14403	112.630044021047	28
69	14510	113.509502899049	28
69	14531	113.618207987825	28
69	14615	114.28686383223	28
69	14659	114.650594179573	28
69	14743	115.361087135746	28
69	14807	115.86317821523	28
69	14851	116.116246050092	28
69	14934	116.728539297691	28
69	14999	117.587816618624	28
69	15063	117.765086803454	28
69	15127	118.396132854613	28
69	15171	118.582827016859	28
69	15255	119.275949692967	28
69	15319	119.859455858319	28
69	15383	120.330670873782	28
69	15447	120.82872562209	28
69	15491	121.059127681757	28
69	15555	121.680448334533	28
69	15619	122.111420590485	28
69	15727	123.084247317034	28
69	15767	123.237553559391	28
69	15855	124.017505416981	28
69	15895	124.317768631372	28
69	15939	124.539591443779	28
69	16023	125.439821027367	28
70	110	0.89496531492	28
70	150	1.327392568029	28
70	194	1.68168139845	28
70	278	2.426998330149	28
70	342	2.955667731313	28
70	406	3.338450966178	28
70	470	3.946594842672	28
70	534	4.282088203131	28
70	578	4.589052455555	28
70	642	5.186598382386	28
70	726	5.899586824196	28
70	814	6.613367036598	28
70	854	6.823387441187	28
70	942	7.6587245097	28
70	982	7.928348913657	28
70	1046	8.424198318234	28
70	1110	8.939644934571	28
70	1174	9.238103855083	28
70	1238	9.963463739547	28
70	1282	10.209391502811	28
70	1366	11.012059130854	28
70	1455	11.43142785156	28
70	1475	11.627470091133	28
70	1539	12.214504685773	28
70	1623	12.803468684534	28
70	1687	13.396469677667	28
70	1751	13.733235994129	28
70	1795	13.98084546063	28
70	1879	14.795952874105	28
70	1942	15.223950506615	28
70	2007	15.754944425783	28
70	2071	16.451337093449	28
70	2159	17.053009779806	28
70	2199	17.243025428763	28
70	2263	17.839280437919	28
70	2351	18.483044599331	28
70	2371	18.559234181567	28
70	2455	19.573872584066	28
70	2543	19.948753434474	28
70	2563	20.071759131233	28
70	2627	20.614073659534	28
70	2711	21.345688067525	28
70	2775	21.807858848161	28
70	2839	22.277339873517	28
70	2883	22.610053047686	28
70	2967	23.568301426115	28
70	3031	23.843639902546	28
70	3095	24.263909103124	28
70	3159	24.737789627406	28
70	3247	25.578605427182	28
70	3287	25.753299045525	28
70	3351	26.271514016444	28
70	3395	26.706891509386	28
70	3479	27.232234149108	28
70	3523	27.598595374784	28
70	3630	28.451675037815	28
70	3651	28.601396149825	28
70	3735	29.309213407486	28
70	3799	29.946560758965	28
70	3887	30.463511437325	28
70	3907	30.5126503117	28
70	3991	31.503558672088	28
70	4054	31.727145484983	28
70	4143	32.698604057783	28
70	4183	32.957980138863	28
70	4271	33.513796457144	28
70	4291	33.683466356489	28
70	4399	34.395411390213	28
70	4419	34.442912456634	28
70	4483	35.209049424491	28
70	4567	35.859155590142	28
70	4611	36.181476139425	28
70	4675	36.659090772326	28
70	4759	37.321900015937	28
70	4823	37.937137824724	28
70	4887	38.31219546167	28
70	4951	38.782959973121	28
70	5015	39.371958397756	28
70	5079	39.871439094151	28
70	5143	40.332129077668	28
70	5207	40.823507657143	28
70	5295	41.518083914982	28
70	5335	41.824205745905	28
70	5379	42.157757279704	28
70	5443	42.689949103313	28
70	5527	43.308898248578	28
70	5591	43.964642806685	28
70	5655	44.37155915737	28
70	5699	44.598410883228	28
70	5783	45.312975745982	28
70	5827	45.648413885998	28
70	5911	46.316794467679	28
70	5955	46.569043703246	28
70	6039	47.248945593143	28
70	6103	47.755092821324	28
70	6191	48.494814792609	28
70	6231	48.919508263058	28
70	6275	49.192058753556	28
70	6359	49.952147883045	28
70	6423	50.314498353991	28
70	6487	51.006558388433	28
70	6551	51.264043356439	28
70	6639	52.156963648143	28
70	6679	52.370114652681	28
70	6743	52.937484831324	28
70	6831	53.584697816761	28
70	6850	53.59046235267	28
70	6959	54.551570881027	28
70	6999	54.742572624384	28
70	7087	55.541859183329	28
70	7127	55.751669932491	28
70	7191	56.397223748787	28
70	7279	57.082421396168	28
70	7319	57.444730018041	28
70	7383	57.883639391008	28
70	7471	58.514958228692	28
70	7511	58.769051559976	28
70	7575	59.246732006556	28
70	7639	59.909322983267	28
70	7683	60.116866560986	28
70	7766	60.727925073969	28
70	7855	61.469741500876	28
70	7875	61.650469717624	28
70	7959	62.319833333286	28
70	8023	62.890417685973	28
70	8087	63.324812775998	28
70	8131	63.579700547232	28
70	8195	64.184177791382	28
70	8279	64.797210043072	28
70	8367	65.369698876476	28
70	8387	65.693972635789	28
70	8495	66.567668288255	28
70	8534	66.720208543407	28
70	8599	67.366365984509	28
70	8643	67.62277258193	28
70	8707	68.132492210491	28
70	8815	69.169628509561	28
70	8855	69.34585624026	28
70	8919	69.915606713257	28
70	8963	70.138503496218	28
70	9047	70.826862951236	28
70	9111	71.345863455682	28
70	9175	72.006480741928	28
70	9239	72.315477645917	28
70	9327	72.999263198449	28
70	9347	73.128351794052	28
70	9431	73.868792279212	28
70	9475	74.035509272254	28
70	9559	75.070065970308	28
70	9647	75.58814317338	28
70	9687	75.811441259606	28
70	9731	76.138104624449	28
70	9795	76.460198022759	28
70	9903	77.591243763788	28
70	9943	77.749975645317	28
70	10031	78.376094661242	28
70	10071	78.786030447631	28
70	10159	79.455649316831	28
70	10199	79.768214797097	28
70	10243	80.016224841363	28
70	10327	80.869198174922	28
70	10391	81.588887905105	28
70	10455	81.787893842215	28
70	10519	82.263418439737	28
70	10563	82.636797043363	28
70	10627	83.134834928865	28
70	10691	83.498447096962	28
70	10775	84.305115990209	28
70	10819	84.694192535671	28
70	10903	85.407212128358	28
70	10991	86.168122689574	28
70	11031	86.444309178888	28
70	11075	86.670640006809	28
70	11159	87.298577633928	28
70	11247	87.867844152318	28
70	11267	88.170281729716	28
70	11351	88.794038629121	28
70	11439	89.689886431078	28
70	11479	89.771733666732	28
70	11543	90.405131638291	28
70	11607	91.000918840206	28
70	11671	91.511628781407	28
70	11735	91.929816176611	28
70	11799	92.3002276735	28
70	11843	92.588135974536	28
70	11907	93.082696763667	28
70	11991	93.884490974674	28
70	12055	94.442892003487	28
70	12119	94.796269408109	28
70	12183	95.398302797748	28
70	12247	95.793202742895	28
70	12291	95.976572163923	28
70	12355	96.615576257518	28
70	12439	97.239095705243	28
70	12503	98.050181489865	28
70	12567	98.460904763135	28
70	12631	98.738146910778	28
70	12675	99.146113274394	28
70	12759	99.787987557667	28
70	12823	100.488533199354	28
70	12887	100.792159538491	28
70	12951	101.404706586114	28
70	13015	102.020728812607	28
70	13103	102.601256623639	28
70	13123	102.693799939527	28
70	13207	103.3668794029	28
70	13295	103.887138458862	28
70	13315	103.982390842362	28
70	13399	104.814281462094	28
70	13463	105.399883291645	28
70	13527	105.934397819507	28
70	13591	106.412882958966	28
70	13655	106.881534844226	28
70	13743	107.378719488586	28
70	13783	107.76832467528	28
70	13827	108.153403173628	28
70	13911	108.908641619197	28
70	13975	109.347631715107	28
70	14063	110.072310717366	28
70	14103	110.376689490172	28
70	14147	110.698808790239	28
70	14255	111.613686278517	28
70	14295	111.803361324741	28
70	14359	112.372937972061	28
70	14403	112.630044021047	28
70	14510	113.509502899049	28
70	14531	113.618207987825	28
70	14615	114.28686383223	28
70	14659	114.650594179573	28
70	14743	115.361087135746	28
70	14807	115.86317821523	28
70	14851	116.116246050092	28
70	14934	116.728539297691	28
70	14999	117.587816618624	28
70	15063	117.765086803454	28
70	15127	118.396132854613	28
70	15171	118.582827016859	28
70	15255	119.275949692967	28
70	15319	119.859455858319	28
70	15383	120.330670873782	28
70	15447	120.82872562209	28
70	15491	121.059127681757	28
70	15555	121.680448334533	28
70	15619	122.111420590485	28
70	15727	123.084247317034	28
70	15767	123.237553559391	28
70	15855	124.017505416981	28
70	15895	124.317768631372	28
70	15939	124.539591443779	28
70	16023	125.439821027367	28
71	111	0.89496531492	28
71	151	1.327392568029	28
71	195	1.68168139845	28
71	279	2.426998330149	28
71	343	2.955667731313	28
71	407	3.338450966178	28
71	471	3.946594842672	28
71	535	4.282088203131	28
71	579	4.589052455555	28
71	643	5.186598382386	28
71	727	5.899586824196	28
71	815	6.613367036598	28
71	855	6.823387441187	28
71	943	7.6587245097	28
71	983	7.928348913657	28
71	1047	8.424198318234	28
71	1111	8.939644934571	28
71	1175	9.238103855083	28
71	1239	9.963463739547	28
71	1283	10.209391502811	28
71	1367	11.012059130854	28
71	1456	11.43142785156	28
71	1476	11.627470091133	28
71	1540	12.214504685773	28
71	1624	12.803468684534	28
71	1688	13.396469677667	28
71	1752	13.733235994129	28
71	1796	13.98084546063	28
71	1880	14.795952874105	28
71	1943	15.223950506615	28
71	2008	15.754944425783	28
71	2072	16.451337093449	28
71	2160	17.053009779806	28
71	2200	17.243025428763	28
71	2264	17.839280437919	28
71	2352	18.483044599331	28
71	2372	18.559234181567	28
71	2456	19.573872584066	28
71	2544	19.948753434474	28
71	2564	20.071759131233	28
71	2628	20.614073659534	28
71	2712	21.345688067525	28
71	2776	21.807858848161	28
71	2840	22.277339873517	28
71	2884	22.610053047686	28
71	2968	23.568301426115	28
71	3032	23.843639902546	28
71	3096	24.263909103124	28
71	3160	24.737789627406	28
71	3248	25.578605427182	28
71	3288	25.753299045525	28
71	3352	26.271514016444	28
71	3396	26.706891509386	28
71	3480	27.232234149108	28
71	3524	27.598595374784	28
71	3631	28.451675037815	28
71	3652	28.601396149825	28
71	3736	29.309213407486	28
71	3800	29.946560758965	28
71	3888	30.463511437325	28
71	3908	30.5126503117	28
71	3992	31.503558672088	28
71	4055	31.727145484983	28
71	4144	32.698604057783	28
71	4184	32.957980138863	28
71	4272	33.513796457144	28
71	4292	33.683466356489	28
71	4400	34.395411390213	28
71	4420	34.442912456634	28
71	4484	35.209049424491	28
71	4568	35.859155590142	28
71	4612	36.181476139425	28
71	4676	36.659090772326	28
71	4760	37.321900015937	28
71	4824	37.937137824724	28
71	4888	38.31219546167	28
71	4952	38.782959973121	28
71	5016	39.371958397756	28
71	5080	39.871439094151	28
71	5144	40.332129077668	28
71	5208	40.823507657143	28
71	5296	41.518083914982	28
71	5336	41.824205745905	28
71	5380	42.157757279704	28
71	5444	42.689949103313	28
71	5528	43.308898248578	28
71	5592	43.964642806685	28
71	5656	44.37155915737	28
71	5700	44.598410883228	28
71	5784	45.312975745982	28
71	5828	45.648413885998	28
71	5912	46.316794467679	28
71	5956	46.569043703246	28
71	6040	47.248945593143	28
71	6104	47.755092821324	28
71	6192	48.494814792609	28
71	6232	48.919508263058	28
71	6276	49.192058753556	28
71	6360	49.952147883045	28
71	6424	50.314498353991	28
71	6488	51.006558388433	28
71	6552	51.264043356439	28
71	6640	52.156963648143	28
71	6680	52.370114652681	28
71	6744	52.937484831324	28
71	6832	53.584697816761	28
71	6851	53.59046235267	28
71	6960	54.551570881027	28
71	7000	54.742572624384	28
71	7088	55.541859183329	28
71	7128	55.751669932491	28
71	7192	56.397223748787	28
71	7280	57.082421396168	28
71	7320	57.444730018041	28
71	7384	57.883639391008	28
71	7472	58.514958228692	28
71	7512	58.769051559976	28
71	7576	59.246732006556	28
71	7640	59.909322983267	28
71	7684	60.116866560986	28
71	7767	60.727925073969	28
71	7856	61.469741500876	28
71	7876	61.650469717624	28
71	7960	62.319833333286	28
71	8024	62.890417685973	28
71	8088	63.324812775998	28
71	8132	63.579700547232	28
71	8196	64.184177791382	28
71	8280	64.797210043072	28
71	8368	65.369698876476	28
71	8388	65.693972635789	28
71	8496	66.567668288255	28
71	8535	66.720208543407	28
71	8600	67.366365984509	28
71	8644	67.62277258193	28
71	8708	68.132492210491	28
71	8816	69.169628509561	28
71	8856	69.34585624026	28
71	8920	69.915606713257	28
71	8964	70.138503496218	28
71	9048	70.826862951236	28
71	9112	71.345863455682	28
71	9176	72.006480741928	28
71	9240	72.315477645917	28
71	9328	72.999263198449	28
71	9348	73.128351794052	28
71	9432	73.868792279212	28
71	9476	74.035509272254	28
71	9560	75.070065970308	28
71	9648	75.58814317338	28
71	9688	75.811441259606	28
71	9732	76.138104624449	28
71	9796	76.460198022759	28
71	9904	77.591243763788	28
71	9944	77.749975645317	28
71	10032	78.376094661242	28
71	10072	78.786030447631	28
71	10160	79.455649316831	28
71	10200	79.768214797097	28
71	10244	80.016224841363	28
71	10328	80.869198174922	28
71	10392	81.588887905105	28
71	10456	81.787893842215	28
71	10520	82.263418439737	28
71	10564	82.636797043363	28
71	10628	83.134834928865	28
71	10692	83.498447096962	28
71	10776	84.305115990209	28
71	10820	84.694192535671	28
71	10904	85.407212128358	28
71	10992	86.168122689574	28
71	11032	86.444309178888	28
71	11076	86.670640006809	28
71	11160	87.298577633928	28
71	11248	87.867844152318	28
71	11268	88.170281729716	28
71	11352	88.794038629121	28
71	11440	89.689886431078	28
71	11480	89.771733666732	28
71	11544	90.405131638291	28
71	11608	91.000918840206	28
71	11672	91.511628781407	28
71	11736	91.929816176611	28
71	11800	92.3002276735	28
71	11844	92.588135974536	28
71	11908	93.082696763667	28
71	11992	93.884490974674	28
71	12056	94.442892003487	28
71	12120	94.796269408109	28
71	12184	95.398302797748	28
71	12248	95.793202742895	28
71	12292	95.976572163923	28
71	12356	96.615576257518	28
71	12440	97.239095705243	28
71	12504	98.050181489865	28
71	12568	98.460904763135	28
71	12632	98.738146910778	28
71	12676	99.146113274394	28
71	12760	99.787987557667	28
71	12824	100.488533199354	28
71	12888	100.792159538491	28
71	12952	101.404706586114	28
71	13016	102.020728812607	28
71	13104	102.601256623639	28
71	13124	102.693799939527	28
71	13208	103.3668794029	28
71	13296	103.887138458862	28
71	13316	103.982390842362	28
71	13400	104.814281462094	28
71	13464	105.399883291645	28
71	13528	105.934397819507	28
71	13592	106.412882958966	28
71	13656	106.881534844226	28
71	13744	107.378719488586	28
71	13784	107.76832467528	28
71	13828	108.153403173628	28
71	13912	108.908641619197	28
71	13976	109.347631715107	28
71	14064	110.072310717366	28
71	14104	110.376689490172	28
71	14148	110.698808790239	28
71	14256	111.613686278517	28
71	14296	111.803361324741	28
71	14360	112.372937972061	28
71	14404	112.630044021047	28
71	14511	113.509502899049	28
71	14532	113.618207987825	28
71	14616	114.28686383223	28
71	14660	114.650594179573	28
71	14744	115.361087135746	28
71	14808	115.86317821523	28
71	14852	116.116246050092	28
71	14935	116.728539297691	28
71	15000	117.587816618624	28
71	15064	117.765086803454	28
71	15128	118.396132854613	28
71	15172	118.582827016859	28
71	15256	119.275949692967	28
71	15320	119.859455858319	28
71	15384	120.330670873782	28
71	15448	120.82872562209	28
71	15492	121.059127681757	28
71	15556	121.680448334533	28
71	15620	122.111420590485	28
71	15728	123.084247317034	28
71	15768	123.237553559391	28
71	15856	124.017505416981	28
71	15896	124.317768631372	28
71	15940	124.539591443779	28
71	16024	125.439821027367	28
73	111	0.89496531492	0
73	151	1.327392568029	0
73	195	1.68168139845	0
73	279	2.426998330149	0
73	343	2.955667731313	0
73	407	3.338450966178	0
73	471	3.946594842672	0
73	535	4.282088203131	0
73	579	4.589052455555	0
73	643	5.186598382386	0
73	727	5.899586824196	0
73	815	6.613367036598	0
73	855	6.823387441187	0
73	943	7.6587245097	0
73	983	7.928348913657	0
73	1047	8.424198318234	0
73	1111	8.939644934571	0
73	1175	9.238103855083	0
73	1239	9.963463739547	0
73	1283	10.209391502811	0
73	1367	11.012059130854	0
73	1456	11.43142785156	0
73	1476	11.627470091133	0
73	1540	12.214504685773	0
73	1624	12.803468684534	0
73	1688	13.396469677667	0
73	1752	13.733235994129	0
73	1796	13.98084546063	0
73	1880	14.795952874105	0
73	1943	15.223950506615	0
73	2008	15.754944425783	0
73	2072	16.451337093449	0
73	2160	17.053009779806	0
73	2200	17.243025428763	0
73	2264	17.839280437919	0
73	2352	18.483044599331	0
73	2372	18.559234181567	0
73	2456	19.573872584066	0
73	2544	19.948753434474	0
73	2564	20.071759131233	0
73	2628	20.614073659534	0
73	2712	21.345688067525	0
73	2776	21.807858848161	0
73	2840	22.277339873517	0
73	2884	22.610053047686	0
73	2968	23.568301426115	0
73	3032	23.843639902546	0
73	3096	24.263909103124	0
73	3160	24.737789627406	0
73	3248	25.578605427182	0
73	3288	25.753299045525	0
73	3352	26.271514016444	0
73	3396	26.706891509386	0
73	3480	27.232234149108	0
73	3524	27.598595374784	0
73	3631	28.451675037815	0
73	3652	28.601396149825	0
73	3736	29.309213407486	0
73	3800	29.946560758965	0
73	3888	30.463511437325	0
73	3908	30.5126503117	0
73	3992	31.503558672088	0
73	4055	31.727145484983	0
73	4144	32.698604057783	0
73	4184	32.957980138863	0
73	4272	33.513796457144	0
73	4292	33.683466356489	0
73	4400	34.395411390213	0
73	4420	34.442912456634	0
73	4484	35.209049424491	0
73	4568	35.859155590142	0
73	4612	36.181476139425	0
73	4676	36.659090772326	0
73	4760	37.321900015937	0
73	4824	37.937137824724	0
73	4888	38.31219546167	0
73	4952	38.782959973121	0
73	5016	39.371958397756	0
73	5080	39.871439094151	0
73	5144	40.332129077668	0
73	5208	40.823507657143	0
73	5296	41.518083914982	0
73	5336	41.824205745905	0
73	5380	42.157757279704	0
73	5444	42.689949103313	0
73	5528	43.308898248578	0
73	5592	43.964642806685	0
73	5656	44.37155915737	0
73	5700	44.598410883228	0
73	5784	45.312975745982	0
73	5828	45.648413885998	0
73	5912	46.316794467679	0
73	5956	46.569043703246	0
73	6040	47.248945593143	0
73	6104	47.755092821324	0
73	6192	48.494814792609	0
73	6232	48.919508263058	0
73	6276	49.192058753556	0
73	6360	49.952147883045	0
73	6424	50.314498353991	0
73	6488	51.006558388433	0
73	6552	51.264043356439	0
73	6640	52.156963648143	0
73	6680	52.370114652681	0
73	6744	52.937484831324	0
73	6832	53.584697816761	0
73	6851	53.59046235267	0
73	6960	54.551570881027	0
73	7000	54.742572624384	0
73	7088	55.541859183329	0
73	7128	55.751669932491	0
73	7192	56.397223748787	0
73	7280	57.082421396168	0
73	7320	57.444730018041	0
73	7384	57.883639391008	0
73	7472	58.514958228692	0
73	7512	58.769051559976	0
73	7576	59.246732006556	0
73	7640	59.909322983267	0
73	7684	60.116866560986	0
73	7767	60.727925073969	0
73	7856	61.469741500876	0
73	7876	61.650469717624	0
73	7960	62.319833333286	0
73	8024	62.890417685973	0
73	8088	63.324812775998	0
73	8132	63.579700547232	0
73	8196	64.184177791382	0
73	8280	64.797210043072	0
73	8368	65.369698876476	0
73	8388	65.693972635789	0
73	8496	66.567668288255	0
73	8535	66.720208543407	0
73	8600	67.366365984509	0
73	8644	67.62277258193	0
73	8708	68.132492210491	0
73	8816	69.169628509561	0
73	8856	69.34585624026	0
73	8920	69.915606713257	0
73	8964	70.138503496218	0
73	9048	70.826862951236	0
73	9112	71.345863455682	0
73	9176	72.006480741928	0
73	9240	72.315477645917	0
73	9328	72.999263198449	0
73	9348	73.128351794052	0
73	9432	73.868792279212	0
73	9476	74.035509272254	0
73	9560	75.070065970308	0
73	9648	75.58814317338	0
73	9688	75.811441259606	0
73	9732	76.138104624449	0
73	9796	76.460198022759	0
73	9904	77.591243763788	0
73	9944	77.749975645317	0
73	10032	78.376094661242	0
73	10072	78.786030447631	0
73	10160	79.455649316831	0
73	10200	79.768214797097	0
73	10244	80.016224841363	0
73	10328	80.869198174922	0
73	10392	81.588887905105	0
73	10456	81.787893842215	0
73	10520	82.263418439737	0
73	10564	82.636797043363	0
73	10628	83.134834928865	0
73	10692	83.498447096962	0
73	10776	84.305115990209	0
73	10820	84.694192535671	0
73	10904	85.407212128358	0
73	10992	86.168122689574	0
73	11032	86.444309178888	0
73	11076	86.670640006809	0
73	11160	87.298577633928	0
73	11248	87.867844152318	0
73	11268	88.170281729716	0
73	11352	88.794038629121	0
73	11440	89.689886431078	0
73	11480	89.771733666732	0
73	11544	90.405131638291	0
73	11608	91.000918840206	0
73	11672	91.511628781407	0
73	11736	91.929816176611	0
73	11800	92.3002276735	0
73	11844	92.588135974536	0
73	11908	93.082696763667	0
73	11992	93.884490974674	0
73	12056	94.442892003487	0
73	12120	94.796269408109	0
73	12184	95.398302797748	0
73	12248	95.793202742895	0
73	12292	95.976572163923	0
73	12356	96.615576257518	0
73	12440	97.239095705243	0
73	12504	98.050181489865	0
73	12568	98.460904763135	0
73	12632	98.738146910778	0
73	12676	99.146113274394	0
73	12760	99.787987557667	0
73	12824	100.488533199354	0
73	12888	100.792159538491	0
73	12952	101.404706586114	0
73	13016	102.020728812607	0
73	13104	102.601256623639	0
73	13124	102.693799939527	0
73	13208	103.3668794029	0
73	13296	103.887138458862	0
73	13316	103.982390842362	0
73	13400	104.814281462094	0
73	13464	105.399883291645	0
73	13528	105.934397819507	0
73	13592	106.412882958966	0
73	13656	106.881534844226	0
73	13744	107.378719488586	0
73	13784	107.76832467528	0
73	13828	108.153403173628	0
73	13912	108.908641619197	0
73	13976	109.347631715107	0
73	14064	110.072310717366	0
73	14104	110.376689490172	0
73	14148	110.698808790239	0
73	14256	111.613686278517	0
73	14296	111.803361324741	0
73	14360	112.372937972061	0
73	14404	112.630044021047	0
73	14511	113.509502899049	0
73	14532	113.618207987825	0
73	14616	114.28686383223	0
73	14660	114.650594179573	0
73	14744	115.361087135746	0
73	14808	115.86317821523	0
73	14852	116.116246050092	0
73	14935	116.728539297691	0
73	15000	117.587816618624	0
73	15064	117.765086803454	0
73	15128	118.396132854613	0
73	15172	118.582827016859	0
73	15256	119.275949692967	0
73	15320	119.859455858319	0
73	15384	120.330670873782	0
73	15448	120.82872562209	0
73	15492	121.059127681757	0
73	15556	121.680448334533	0
73	15620	122.111420590485	0
73	15728	123.084247317034	0
73	15768	123.237553559391	0
73	15856	124.017505416981	0
73	15896	124.317768631372	0
73	15940	124.539591443779	0
73	16024	125.439821027367	0
74	0	0	0
75	55	0.438256114218	28
75	99	0.841927462406	28
75	183	1.428304789922	28
75	247	2.010308316778	28
75	311	2.644109762701	28
75	375	3.011233140676	28
75	439	3.476356189381	28
75	503	4.153673779647	28
75	567	4.454200736768	28
75	631	5.078511022738	28
75	695	5.46653888706	28
75	759	6.202104333843	28
75	803	6.375382583085	28
75	887	7.167277172542	28
75	931	7.508685488123	28
75	1015	8.139606573115	28
75	1079	8.527433264311	28
75	1143	9.09079408558	28
75	1207	9.607495332751	28
75	1271	10.052050188611	28
75	1335	10.534191563408	28
75	1400	11.122688520289	28
75	1444	11.361605314686	28
75	1528	12.008682441208	28
75	1592	12.393775209933	28
75	1656	13.114009543284	28
75	1719	13.405862414799	28
75	1784	13.873329541422	28
75	1848	14.448898673765	28
75	1912	14.87911221763	28
75	1976	15.408170826323	28
75	2040	15.973837863337	28
75	2104	16.680281660668	28
75	2148	16.99922226794	28
75	2232	17.564467656854	28
75	2296	18.180181703399	28
75	2340	18.358954412732	28
75	2424	19.207165899555	28
75	2487	19.580498284995	28
75	2532	19.887606106567	28
75	2616	20.462503140195	28
75	2680	21.119516727663	28
75	2744	21.562374538797	28
75	2808	21.949261163137	28
75	2872	22.334612442329	28
75	2936	23.072951893377	28
75	3000	23.70282197982	28
75	3064	24.080358399692	28
75	3128	24.573265822939	28
75	3192	25.217362098358	28
75	3236	25.551982404999	28
75	3320	25.98498970732	28
75	3384	26.509121274165	28
75	3448	27.068646314516	28
75	3512	27.454445319119	28
75	3576	28.089143201019	28
75	3620	28.446122970022	28
75	3704	29.130580464806	28
75	3768	29.699070692676	28
75	3832	30.084253019336	28
75	3876	30.324670928865	28
75	3960	31.06838070942	28
75	4024	31.588706124536	28
75	4088	32.208020271695	28
75	4132	32.670519659537	28
75	4216	33.023092020824	28
75	4260	33.341528149284	28
75	4344	33.999705957676	28
75	4388	34.327237341049	28
75	4472	34.995926640704	28
75	4536	35.711076964307	28
75	4600	35.963020059708	28
75	4664	36.511599686611	28
75	4728	37.094706746618	28
75	4792	37.671432629376	28
75	4856	38.186536461263	28
75	4920	38.405971125382	28
75	4984	39.045317818373	28
75	5048	39.665283297709	28
75	5112	40.022829856499	28
75	5176	40.685931454747	28
75	5240	41.187705316915	28
75	5284	41.352487266771	28
75	5368	41.930329697727	28
75	5432	42.322984952814	28
75	5496	43.156179103776	28
75	5560	43.578111927546	28
75	5624	44.155796720981	28
75	5688	44.425134337842	28
75	5752	44.978370572775	28
75	5816	45.54037086578	28
75	5880	45.88521845635	28
75	5944	46.467165510412	28
75	6008	46.877818977422	28
75	6072	47.547089633866	28
75	6136	48.100737184434	28
75	6180	48.434632845092	28
75	6264	48.992557497657	28
75	6328	49.621684948689	28
75	6392	49.977681583408	28
75	6456	50.677657627835	28
75	6520	51.074810704178	28
75	6584	51.675864044446	28
75	6628	52.091264501269	28
75	6712	52.49892136488	28
75	6776	53.210670641679	28
75	6820	53.365723036098	28
75	6904	54.126051753163	28
75	6948	54.483970328848	28
75	7032	55.089417902994	28
75	7076	55.419160782135	28
75	7160	55.944529604967	28
75	7224	56.705408759563	28
75	7268	57.054628305472	28
75	7352	57.583109637778	28
75	7416	58.032524772789	28
75	7460	58.411455481368	28
75	7544	58.977189988977	28
75	7608	59.566765696517	28
75	7672	60.009189280736	28
75	7736	60.507295147478	28
75	7800	61.105672085527	28
75	7844	61.434438673648	28
75	7928	61.972627162523	28
75	7992	62.618910206537	28
75	8056	63.170623148567	28
75	8120	63.360387616101	28
75	8184	63.85619182676	28
75	8248	64.460860937889	28
75	8312	65.03996877415	28
75	8356	65.332692309617	28
75	8440	66.206826978511	28
75	8484	66.447641169614	28
75	8568	66.907747345193	28
75	8631	67.37574783327	28
75	8696	67.858146242759	28
75	8760	68.712859166282	28
75	8804	68.923378643542	28
75	8888	69.534051279034	28
75	8952	69.99841274159	28
75	9016	70.359069906044	28
75	9080	70.96016693633	28
75	9144	71.506941940784	28
75	9208	72.15569832405	28
75	9272	72.68110136982	28
75	9316	72.834266025908	28
75	9400	73.522568452227	28
75	9464	73.885981279294	28
75	9528	74.630862679388	28
75	9592	75.165215589254	28
75	9636	75.483800961877	28
75	9720	75.875231305379	28
75	9784	76.332531226668	28
75	9848	77.212272254805	28
75	9892	77.468558573219	28
75	9976	77.987272419184	28
75	10020	78.339477517232	28
75	10104	78.965440711993	28
75	10148	79.325893459897	28
75	10232	79.911539208758	28
75	10296	80.625206951293	28
75	10360	81.196891680415	28
75	10424	81.619241971205	28
75	10488	81.955003798529	28
75	10552	82.515061848945	28
75	10616	82.954836318697	28
75	10680	83.391038379315	28
75	10744	83.887636909223	28
75	10808	84.504622662588	28
75	10872	85.169071456938	28
75	10936	85.696890172511	28
75	10980	86.062543419152	28
75	11064	86.557904437239	28
75	11128	87.132699971329	28
75	11192	87.519252789634	28
75	11236	87.839390295613	28
75	11320	88.598881503157	28
75	11384	89.216200830377	28
75	11428	89.426147285718	28
75	11512	90.090878519378	28
75	11576	90.664954849108	28
75	11640	91.119579970892	28
75	11704	91.705038178395	28
75	11768	92.040939246546	28
75	11832	92.404198472909	28
75	11896	92.908219561502	28
75	11960	93.406742019261	28
75	12024	94.047071684859	28
75	12088	94.500085887368	28
75	12152	95.207336946073	28
75	12216	95.59146014979	28
75	12280	95.853360498938	28
75	12344	96.341809605955	28
75	12408	97.014377354513	28
75	12472	97.671644095573	28
75	12536	98.209804028235	28
75	12600	98.566305439788	28
75	12664	99.036241782884	28
75	12728	99.661087705343	28
75	12792	100.116776089053	28
75	12856	100.510680802687	28
75	12920	101.090074902642	28
75	12984	101.562060296497	28
75	13048	102.105121045242	28
75	13092	102.507041147127	28
75	13176	103.001648121475	28
75	13240	103.681809507645	28
75	13284	103.874130440465	28
75	13368	104.410930001325	28
75	13432	105.171876433733	28
75	13496	105.681012263018	28
75	13560	106.077556111998	28
75	13624	106.449115461166	28
75	13688	107.027126749008	28
75	13732	107.319264412261	28
75	13816	107.943986360318	28
75	13880	108.48942288706	28
75	13944	109.173377337828	28
75	14008	109.591194054074	28
75	14052	110.001694181058	28
75	14136	110.512605719137	28
75	14200	111.134738040677	28
75	14244	111.411019003726	28
75	14328	112.171361313909	28
75	14392	112.444719231091	28
75	14456	113.202222614511	28
75	14500	113.507942902445	28
75	14584	114.103875800743	28
75	14648	114.380719993505	28
75	14712	115.111419144328	28
75	14776	115.577748046125	28
75	14840	115.905194566733	28
75	14904	116.393825559559	28
75	14968	117.142274378109	28
75	15032	117.618074060473	28
75	15096	118.089181210156	28
75	15160	118.42999977298	28
75	15224	118.889205821007	28
75	15288	119.601031976807	28
75	15352	120.004502350706	28
75	15416	120.65541368626	28
75	15480	120.901188576742	28
75	15544	121.38522582069	28
75	15608	121.869175496473	28
75	15672	122.608074536416	28
75	15716	122.831423458419	28
75	15800	123.618039967175	28
75	15844	123.856280735563	28
75	15928	124.40622246988	28
75	15992	125.118944038785	28
76	113	0.89496531492	28
76	153	1.327392568029	28
76	197	1.68168139845	28
76	281	2.426998330149	28
76	345	2.955667731313	28
76	409	3.338450966178	28
76	473	3.946594842672	28
76	537	4.282088203131	28
76	581	4.589052455555	28
76	645	5.186598382386	28
76	729	5.899586824196	28
76	817	6.613367036598	28
76	857	6.823387441187	28
76	945	7.6587245097	28
76	985	7.928348913657	28
76	1049	8.424198318234	28
76	1113	8.939644934571	28
76	1177	9.238103855083	28
76	1241	9.963463739547	28
76	1285	10.209391502811	28
76	1369	11.012059130854	28
76	1458	11.43142785156	28
76	1478	11.627470091133	28
76	1542	12.214504685773	28
76	1626	12.803468684534	28
76	1690	13.396469677667	28
76	1754	13.733235994129	28
76	1798	13.98084546063	28
76	1882	14.795952874105	28
76	1945	15.223950506615	28
76	2010	15.754944425783	28
76	2074	16.451337093449	28
76	2162	17.053009779806	28
76	2202	17.243025428763	28
76	2266	17.839280437919	28
76	2354	18.483044599331	28
76	2374	18.559234181567	28
76	2458	19.573872584066	28
76	2546	19.948753434474	28
76	2566	20.071759131233	28
76	2630	20.614073659534	28
76	2714	21.345688067525	28
76	2778	21.807858848161	28
76	2842	22.277339873517	28
76	2886	22.610053047686	28
76	2970	23.568301426115	28
76	3034	23.843639902546	28
76	3098	24.263909103124	28
76	3162	24.737789627406	28
76	3250	25.578605427182	28
76	3290	25.753299045525	28
76	3354	26.271514016444	28
76	3398	26.706891509386	28
76	3482	27.232234149108	28
76	3526	27.598595374784	28
76	3633	28.451675037815	28
76	3654	28.601396149825	28
76	3738	29.309213407486	28
76	3802	29.946560758965	28
76	3890	30.463511437325	28
76	3910	30.5126503117	28
76	3994	31.503558672088	28
76	4057	31.727145484983	28
76	4146	32.698604057783	28
76	4186	32.957980138863	28
76	4274	33.513796457144	28
76	4294	33.683466356489	28
76	4402	34.395411390213	28
76	4422	34.442912456634	28
76	4486	35.209049424491	28
76	4570	35.859155590142	28
76	4614	36.181476139425	28
76	4678	36.659090772326	28
76	4762	37.321900015937	28
76	4826	37.937137824724	28
76	4890	38.31219546167	28
76	4954	38.782959973121	28
76	5018	39.371958397756	28
76	5082	39.871439094151	28
76	5146	40.332129077668	28
76	5210	40.823507657143	28
76	5298	41.518083914982	28
76	5338	41.824205745905	28
76	5382	42.157757279704	28
76	5446	42.689949103313	28
76	5530	43.308898248578	28
76	5594	43.964642806685	28
76	5658	44.37155915737	28
76	5702	44.598410883228	28
76	5786	45.312975745982	28
76	5830	45.648413885998	28
76	5914	46.316794467679	28
76	5958	46.569043703246	28
76	6042	47.248945593143	28
76	6106	47.755092821324	28
76	6194	48.494814792609	28
76	6234	48.919508263058	28
76	6278	49.192058753556	28
76	6362	49.952147883045	28
76	6426	50.314498353991	28
76	6490	51.006558388433	28
76	6554	51.264043356439	28
76	6642	52.156963648143	28
76	6682	52.370114652681	28
76	6746	52.937484831324	28
76	6834	53.584697816761	28
76	6853	53.59046235267	28
76	6962	54.551570881027	28
76	7002	54.742572624384	28
76	7090	55.541859183329	28
76	7130	55.751669932491	28
76	7194	56.397223748787	28
76	7282	57.082421396168	28
76	7322	57.444730018041	28
76	7386	57.883639391008	28
76	7474	58.514958228692	28
76	7514	58.769051559976	28
76	7578	59.246732006556	28
76	7642	59.909322983267	28
76	7686	60.116866560986	28
76	7769	60.727925073969	28
76	7858	61.469741500876	28
76	7878	61.650469717624	28
76	7962	62.319833333286	28
76	8026	62.890417685973	28
76	8090	63.324812775998	28
76	8134	63.579700547232	28
76	8198	64.184177791382	28
76	8282	64.797210043072	28
76	8370	65.369698876476	28
76	8390	65.693972635789	28
76	8498	66.567668288255	28
76	8537	66.720208543407	28
76	8602	67.366365984509	28
76	8646	67.62277258193	28
76	8710	68.132492210491	28
76	8818	69.169628509561	28
76	8858	69.34585624026	28
76	8922	69.915606713257	28
76	8966	70.138503496218	28
76	9050	70.826862951236	28
76	9114	71.345863455682	28
76	9178	72.006480741928	28
76	9242	72.315477645917	28
76	9330	72.999263198449	28
76	9350	73.128351794052	28
76	9434	73.868792279212	28
76	9478	74.035509272254	28
76	9562	75.070065970308	28
76	9650	75.58814317338	28
76	9690	75.811441259606	28
76	9734	76.138104624449	28
76	9798	76.460198022759	28
76	9906	77.591243763788	28
76	9946	77.749975645317	28
76	10034	78.376094661242	28
76	10074	78.786030447631	28
76	10162	79.455649316831	28
76	10202	79.768214797097	28
76	10246	80.016224841363	28
76	10330	80.869198174922	28
76	10394	81.588887905105	28
76	10458	81.787893842215	28
76	10522	82.263418439737	28
76	10566	82.636797043363	28
76	10630	83.134834928865	28
76	10694	83.498447096962	28
76	10778	84.305115990209	28
76	10822	84.694192535671	28
76	10906	85.407212128358	28
76	10994	86.168122689574	28
76	11034	86.444309178888	28
76	11078	86.670640006809	28
76	11162	87.298577633928	28
76	11250	87.867844152318	28
76	11270	88.170281729716	28
76	11354	88.794038629121	28
76	11442	89.689886431078	28
76	11482	89.771733666732	28
76	11546	90.405131638291	28
76	11610	91.000918840206	28
76	11674	91.511628781407	28
76	11738	91.929816176611	28
76	11802	92.3002276735	28
76	11846	92.588135974536	28
76	11910	93.082696763667	28
76	11994	93.884490974674	28
76	12058	94.442892003487	28
76	12122	94.796269408109	28
76	12186	95.398302797748	28
76	12250	95.793202742895	28
76	12294	95.976572163923	28
76	12358	96.615576257518	28
76	12442	97.239095705243	28
76	12506	98.050181489865	28
76	12570	98.460904763135	28
76	12634	98.738146910778	28
76	12678	99.146113274394	28
76	12762	99.787987557667	28
76	12826	100.488533199354	28
76	12890	100.792159538491	28
76	12954	101.404706586114	28
76	13018	102.020728812607	28
76	13106	102.601256623639	28
76	13126	102.693799939527	28
76	13210	103.3668794029	28
76	13298	103.887138458862	28
76	13318	103.982390842362	28
76	13402	104.814281462094	28
76	13466	105.399883291645	28
76	13530	105.934397819507	28
76	13594	106.412882958966	28
76	13658	106.881534844226	28
76	13746	107.378719488586	28
76	13786	107.76832467528	28
76	13830	108.153403173628	28
76	13914	108.908641619197	28
76	13978	109.347631715107	28
76	14066	110.072310717366	28
76	14106	110.376689490172	28
76	14150	110.698808790239	28
76	14258	111.613686278517	28
76	14298	111.803361324741	28
76	14362	112.372937972061	28
76	14406	112.630044021047	28
76	14513	113.509502899049	28
76	14534	113.618207987825	28
76	14618	114.28686383223	28
76	14662	114.650594179573	28
76	14746	115.361087135746	28
76	14810	115.86317821523	28
76	14854	116.116246050092	28
76	14937	116.728539297691	28
76	15002	117.587816618624	28
76	15066	117.765086803454	28
76	15130	118.396132854613	28
76	15174	118.582827016859	28
76	15258	119.275949692967	28
76	15322	119.859455858319	28
76	15386	120.330670873782	28
76	15450	120.82872562209	28
76	15494	121.059127681757	28
76	15558	121.680448334533	28
76	15622	122.111420590485	28
76	15730	123.084247317034	28
76	15770	123.237553559391	28
76	15858	124.017505416981	28
76	15898	124.317768631372	28
76	15942	124.539591443779	28
76	16026	125.439821027367	28
77	113	0.89496531492	28
77	153	1.327392568029	28
77	197	1.68168139845	28
77	281	2.426998330149	28
77	345	2.955667731313	28
77	409	3.338450966178	28
77	473	3.946594842672	28
77	537	4.282088203131	28
77	581	4.589052455555	28
77	645	5.186598382386	28
77	729	5.899586824196	28
77	817	6.613367036598	28
77	857	6.823387441187	28
77	945	7.6587245097	28
77	985	7.928348913657	28
77	1049	8.424198318234	28
77	1113	8.939644934571	28
77	1177	9.238103855083	28
77	1241	9.963463739547	28
77	1285	10.209391502811	28
77	1369	11.012059130854	28
77	1458	11.43142785156	28
77	1478	11.627470091133	28
77	1542	12.214504685773	28
77	1626	12.803468684534	28
77	1690	13.396469677667	28
77	1754	13.733235994129	28
77	1798	13.98084546063	28
77	1882	14.795952874105	28
77	1945	15.223950506615	28
77	2010	15.754944425783	28
77	2074	16.451337093449	28
77	2162	17.053009779806	28
77	2202	17.243025428763	28
77	2266	17.839280437919	28
77	2354	18.483044599331	28
77	2374	18.559234181567	28
77	2458	19.573872584066	28
77	2546	19.948753434474	28
77	2566	20.071759131233	28
77	2630	20.614073659534	28
77	2714	21.345688067525	28
77	2778	21.807858848161	28
77	2842	22.277339873517	28
77	2886	22.610053047686	28
77	2970	23.568301426115	28
77	3034	23.843639902546	28
77	3098	24.263909103124	28
77	3162	24.737789627406	28
77	3250	25.578605427182	28
77	3290	25.753299045525	28
77	3354	26.271514016444	28
77	3398	26.706891509386	28
77	3482	27.232234149108	28
77	3526	27.598595374784	28
77	3633	28.451675037815	28
77	3654	28.601396149825	28
77	3738	29.309213407486	28
77	3802	29.946560758965	28
77	3890	30.463511437325	28
77	3910	30.5126503117	28
77	3994	31.503558672088	28
77	4057	31.727145484983	28
77	4146	32.698604057783	28
77	4186	32.957980138863	28
77	4274	33.513796457144	28
77	4294	33.683466356489	28
77	4402	34.395411390213	28
77	4422	34.442912456634	28
77	4486	35.209049424491	28
77	4570	35.859155590142	28
77	4614	36.181476139425	28
77	4678	36.659090772326	28
77	4762	37.321900015937	28
77	4826	37.937137824724	28
77	4890	38.31219546167	28
77	4954	38.782959973121	28
77	5018	39.371958397756	28
77	5082	39.871439094151	28
77	5146	40.332129077668	28
77	5210	40.823507657143	28
77	5298	41.518083914982	28
77	5338	41.824205745905	28
77	5382	42.157757279704	28
77	5446	42.689949103313	28
77	5530	43.308898248578	28
77	5594	43.964642806685	28
77	5658	44.37155915737	28
77	5702	44.598410883228	28
77	5786	45.312975745982	28
77	5830	45.648413885998	28
77	5914	46.316794467679	28
77	5958	46.569043703246	28
77	6042	47.248945593143	28
77	6106	47.755092821324	28
77	6194	48.494814792609	28
77	6234	48.919508263058	28
77	6278	49.192058753556	28
77	6362	49.952147883045	28
77	6426	50.314498353991	28
77	6490	51.006558388433	28
77	6554	51.264043356439	28
77	6642	52.156963648143	28
77	6682	52.370114652681	28
77	6746	52.937484831324	28
77	6834	53.584697816761	28
77	6853	53.59046235267	28
77	6962	54.551570881027	28
77	7002	54.742572624384	28
77	7090	55.541859183329	28
77	7130	55.751669932491	28
77	7194	56.397223748787	28
77	7282	57.082421396168	28
77	7322	57.444730018041	28
77	7386	57.883639391008	28
77	7474	58.514958228692	28
77	7514	58.769051559976	28
77	7578	59.246732006556	28
77	7642	59.909322983267	28
77	7686	60.116866560986	28
77	7769	60.727925073969	28
77	7858	61.469741500876	28
77	7878	61.650469717624	28
77	7962	62.319833333286	28
77	8026	62.890417685973	28
77	8090	63.324812775998	28
77	8134	63.579700547232	28
77	8198	64.184177791382	28
77	8282	64.797210043072	28
77	8370	65.369698876476	28
77	8390	65.693972635789	28
77	8498	66.567668288255	28
77	8537	66.720208543407	28
77	8602	67.366365984509	28
77	8646	67.62277258193	28
77	8710	68.132492210491	28
77	8818	69.169628509561	28
77	8858	69.34585624026	28
77	8922	69.915606713257	28
77	8966	70.138503496218	28
77	9050	70.826862951236	28
77	9114	71.345863455682	28
77	9178	72.006480741928	28
77	9242	72.315477645917	28
77	9330	72.999263198449	28
77	9350	73.128351794052	28
77	9434	73.868792279212	28
77	9478	74.035509272254	28
77	9562	75.070065970308	28
77	9650	75.58814317338	28
77	9690	75.811441259606	28
77	9734	76.138104624449	28
77	9798	76.460198022759	28
77	9906	77.591243763788	28
77	9946	77.749975645317	28
77	10034	78.376094661242	28
77	10074	78.786030447631	28
77	10162	79.455649316831	28
77	10202	79.768214797097	28
77	10246	80.016224841363	28
77	10330	80.869198174922	28
77	10394	81.588887905105	28
77	10458	81.787893842215	28
77	10522	82.263418439737	28
77	10566	82.636797043363	28
77	10630	83.134834928865	28
77	10694	83.498447096962	28
77	10778	84.305115990209	28
77	10822	84.694192535671	28
77	10906	85.407212128358	28
77	10994	86.168122689574	28
77	11034	86.444309178888	28
77	11078	86.670640006809	28
77	11162	87.298577633928	28
77	11250	87.867844152318	28
77	11270	88.170281729716	28
77	11354	88.794038629121	28
77	11442	89.689886431078	28
77	11482	89.771733666732	28
77	11546	90.405131638291	28
77	11610	91.000918840206	28
77	11674	91.511628781407	28
77	11738	91.929816176611	28
77	11802	92.3002276735	28
77	11846	92.588135974536	28
77	11910	93.082696763667	28
77	11994	93.884490974674	28
77	12058	94.442892003487	28
77	12122	94.796269408109	28
77	12186	95.398302797748	28
77	12250	95.793202742895	28
77	12294	95.976572163923	28
77	12358	96.615576257518	28
77	12442	97.239095705243	28
77	12506	98.050181489865	28
77	12570	98.460904763135	28
77	12634	98.738146910778	28
77	12678	99.146113274394	28
77	12762	99.787987557667	28
77	12826	100.488533199354	28
77	12890	100.792159538491	28
77	12954	101.404706586114	28
77	13018	102.020728812607	28
77	13106	102.601256623639	28
77	13126	102.693799939527	28
77	13210	103.3668794029	28
77	13298	103.887138458862	28
77	13318	103.982390842362	28
77	13402	104.814281462094	28
77	13466	105.399883291645	28
77	13530	105.934397819507	28
77	13594	106.412882958966	28
77	13658	106.881534844226	28
77	13746	107.378719488586	28
77	13786	107.76832467528	28
77	13830	108.153403173628	28
77	13914	108.908641619197	28
77	13978	109.347631715107	28
77	14066	110.072310717366	28
77	14106	110.376689490172	28
77	14150	110.698808790239	28
77	14258	111.613686278517	28
77	14298	111.803361324741	28
77	14362	112.372937972061	28
77	14406	112.630044021047	28
77	14513	113.509502899049	28
77	14534	113.618207987825	28
77	14618	114.28686383223	28
77	14662	114.650594179573	28
77	14746	115.361087135746	28
77	14810	115.86317821523	28
77	14854	116.116246050092	28
77	14937	116.728539297691	28
77	15002	117.587816618624	28
77	15066	117.765086803454	28
77	15130	118.396132854613	28
77	15174	118.582827016859	28
77	15258	119.275949692967	28
77	15322	119.859455858319	28
77	15386	120.330670873782	28
77	15450	120.82872562209	28
77	15494	121.059127681757	28
77	15558	121.680448334533	28
77	15622	122.111420590485	28
77	15730	123.084247317034	28
77	15770	123.237553559391	28
77	15858	124.017505416981	28
77	15898	124.317768631372	28
77	15942	124.539591443779	28
77	16026	125.439821027367	28
78	55	0.438256114218	28
78	99	0.841927462406	28
78	183	1.428304789922	28
78	247	2.010308316778	28
78	311	2.644109762701	28
78	375	3.011233140676	28
78	439	3.476356189381	28
78	503	4.153673779647	28
78	567	4.454200736768	28
78	631	5.078511022738	28
78	695	5.46653888706	28
78	759	6.202104333843	28
78	803	6.375382583085	28
78	887	7.167277172542	28
78	931	7.508685488123	28
78	1015	8.139606573115	28
78	1079	8.527433264311	28
78	1143	9.09079408558	28
78	1207	9.607495332751	28
78	1271	10.052050188611	28
78	1335	10.534191563408	28
78	1400	11.122688520289	28
78	1444	11.361605314686	28
78	1528	12.008682441208	28
78	1592	12.393775209933	28
78	1656	13.114009543284	28
78	1719	13.405862414799	28
78	1784	13.873329541422	28
78	1848	14.448898673765	28
78	1912	14.87911221763	28
78	1976	15.408170826323	28
78	2040	15.973837863337	28
78	2104	16.680281660668	28
78	2148	16.99922226794	28
78	2232	17.564467656854	28
78	2296	18.180181703399	28
78	2340	18.358954412732	28
78	2424	19.207165899555	28
78	2487	19.580498284995	28
78	2532	19.887606106567	28
78	2616	20.462503140195	28
78	2680	21.119516727663	28
78	2744	21.562374538797	28
78	2808	21.949261163137	28
78	2872	22.334612442329	28
78	2936	23.072951893377	28
78	3000	23.70282197982	28
78	3064	24.080358399692	28
78	3128	24.573265822939	28
78	3192	25.217362098358	28
78	3236	25.551982404999	28
78	3320	25.98498970732	28
78	3384	26.509121274165	28
78	3448	27.068646314516	28
78	3512	27.454445319119	28
78	3576	28.089143201019	28
78	3620	28.446122970022	28
78	3704	29.130580464806	28
78	3768	29.699070692676	28
78	3832	30.084253019336	28
78	3876	30.324670928865	28
78	3960	31.06838070942	28
78	4024	31.588706124536	28
78	4088	32.208020271695	28
78	4132	32.670519659537	28
78	4216	33.023092020824	28
78	4260	33.341528149284	28
78	4344	33.999705957676	28
78	4388	34.327237341049	28
78	4472	34.995926640704	28
78	4536	35.711076964307	28
78	4600	35.963020059708	28
78	4664	36.511599686611	28
78	4728	37.094706746618	28
78	4792	37.671432629376	28
78	4856	38.186536461263	28
78	4920	38.405971125382	28
78	4984	39.045317818373	28
78	5048	39.665283297709	28
78	5112	40.022829856499	28
78	5176	40.685931454747	28
78	5240	41.187705316915	28
78	5284	41.352487266771	28
78	5368	41.930329697727	28
78	5432	42.322984952814	28
78	5496	43.156179103776	28
78	5560	43.578111927546	28
78	5624	44.155796720981	28
78	5688	44.425134337842	28
78	5752	44.978370572775	28
78	5816	45.54037086578	28
78	5880	45.88521845635	28
78	5944	46.467165510412	28
78	6008	46.877818977422	28
78	6072	47.547089633866	28
78	6136	48.100737184434	28
78	6180	48.434632845092	28
78	6264	48.992557497657	28
78	6328	49.621684948689	28
78	6392	49.977681583408	28
78	6456	50.677657627835	28
78	6520	51.074810704178	28
78	6584	51.675864044446	28
78	6628	52.091264501269	28
78	6712	52.49892136488	28
78	6776	53.210670641679	28
78	6820	53.365723036098	28
78	6904	54.126051753163	28
78	6948	54.483970328848	28
78	7032	55.089417902994	28
78	7076	55.419160782135	28
78	7160	55.944529604967	28
78	7224	56.705408759563	28
78	7268	57.054628305472	28
78	7352	57.583109637778	28
78	7416	58.032524772789	28
78	7460	58.411455481368	28
78	7544	58.977189988977	28
78	7608	59.566765696517	28
78	7672	60.009189280736	28
78	7736	60.507295147478	28
78	7800	61.105672085527	28
78	7844	61.434438673648	28
78	7928	61.972627162523	28
78	7992	62.618910206537	28
78	8056	63.170623148567	28
78	8120	63.360387616101	28
78	8184	63.85619182676	28
78	8248	64.460860937889	28
78	8312	65.03996877415	28
78	8356	65.332692309617	28
78	8440	66.206826978511	28
78	8484	66.447641169614	28
78	8568	66.907747345193	28
78	8631	67.37574783327	28
78	8696	67.858146242759	28
78	8760	68.712859166282	28
78	8804	68.923378643542	28
78	8888	69.534051279034	28
78	8952	69.99841274159	28
78	9016	70.359069906044	28
78	9080	70.96016693633	28
78	9144	71.506941940784	28
78	9208	72.15569832405	28
78	9272	72.68110136982	28
78	9316	72.834266025908	28
78	9400	73.522568452227	28
78	9464	73.885981279294	28
78	9528	74.630862679388	28
78	9592	75.165215589254	28
78	9636	75.483800961877	28
78	9720	75.875231305379	28
78	9784	76.332531226668	28
78	9848	77.212272254805	28
78	9892	77.468558573219	28
78	9976	77.987272419184	28
78	10020	78.339477517232	28
78	10104	78.965440711993	28
78	10148	79.325893459897	28
78	10232	79.911539208758	28
78	10296	80.625206951293	28
78	10360	81.196891680415	28
78	10424	81.619241971205	28
78	10488	81.955003798529	28
78	10552	82.515061848945	28
78	10616	82.954836318697	28
78	10680	83.391038379315	28
78	10744	83.887636909223	28
78	10808	84.504622662588	28
78	10872	85.169071456938	28
78	10936	85.696890172511	28
78	10980	86.062543419152	28
78	11064	86.557904437239	28
78	11128	87.132699971329	28
78	11192	87.519252789634	28
78	11236	87.839390295613	28
78	11320	88.598881503157	28
78	11384	89.216200830377	28
78	11428	89.426147285718	28
78	11512	90.090878519378	28
78	11576	90.664954849108	28
78	11640	91.119579970892	28
78	11704	91.705038178395	28
78	11768	92.040939246546	28
78	11832	92.404198472909	28
78	11896	92.908219561502	28
78	11960	93.406742019261	28
78	12024	94.047071684859	28
78	12088	94.500085887368	28
78	12152	95.207336946073	28
78	12216	95.59146014979	28
78	12280	95.853360498938	28
78	12344	96.341809605955	28
78	12408	97.014377354513	28
78	12472	97.671644095573	28
78	12536	98.209804028235	28
78	12600	98.566305439788	28
78	12664	99.036241782884	28
78	12728	99.661087705343	28
78	12792	100.116776089053	28
78	12856	100.510680802687	28
78	12920	101.090074902642	28
78	12984	101.562060296497	28
78	13048	102.105121045242	28
78	13092	102.507041147127	28
78	13176	103.001648121475	28
78	13240	103.681809507645	28
78	13284	103.874130440465	28
78	13368	104.410930001325	28
78	13432	105.171876433733	28
78	13496	105.681012263018	28
78	13560	106.077556111998	28
78	13624	106.449115461166	28
78	13688	107.027126749008	28
78	13732	107.319264412261	28
78	13816	107.943986360318	28
78	13880	108.48942288706	28
78	13944	109.173377337828	28
78	14008	109.591194054074	28
78	14052	110.001694181058	28
78	14136	110.512605719137	28
78	14200	111.134738040677	28
78	14244	111.411019003726	28
78	14328	112.171361313909	28
78	14392	112.444719231091	28
78	14456	113.202222614511	28
78	14500	113.507942902445	28
78	14584	114.103875800743	28
78	14648	114.380719993505	28
78	14712	115.111419144328	28
78	14776	115.577748046125	28
78	14840	115.905194566733	28
78	14904	116.393825559559	28
78	14968	117.142274378109	28
78	15032	117.618074060473	28
78	15096	118.089181210156	28
78	15160	118.42999977298	28
78	15224	118.889205821007	28
78	15288	119.601031976807	28
78	15352	120.004502350706	28
78	15416	120.65541368626	28
78	15480	120.901188576742	28
78	15544	121.38522582069	28
78	15608	121.869175496473	28
78	15672	122.608074536416	28
78	15716	122.831423458419	28
78	15800	123.618039967175	28
78	15844	123.856280735563	28
78	15928	124.40622246988	28
78	15992	125.118944038785	28
80	0	0	0
80	0	0	4
81	0	0	1
81	50	0.438032114218	4
81	53	0.438256114218	1
81	94	0.841703462406	4
81	97	0.841927462406	1
81	178	1.428080789922	4
81	181	1.428304789922	1
81	242	2.010084316778	4
81	245	2.010308316778	1
81	306	2.643885762701	4
81	309	2.644109762701	1
81	370	3.011009140676	4
81	373	3.011233140676	1
81	434	3.476132189381	4
81	437	3.476356189381	1
81	498	4.153449779647	4
81	501	4.153673779647	1
81	562	4.453976736768	4
81	565	4.454200736768	1
81	626	5.078287022738	4
81	629	5.078511022738	1
81	690	5.46631488706	4
81	693	5.46653888706	1
81	754	6.201880333843	4
81	757	6.202104333843	1
81	798	6.375158583085	4
81	801	6.375382583085	1
81	882	7.167053172542	4
81	885	7.167277172542	1
81	926	7.508461488123	4
81	929	7.508685488123	1
81	1010	8.139382573115	4
81	1013	8.139606573115	1
81	1074	8.527209264311	4
81	1077	8.527433264311	1
81	1138	9.09057008558	4
81	1141	9.09079408558	1
81	1202	9.607271332751	4
81	1205	9.607495332751	1
81	1266	10.051826188611	4
81	1269	10.052050188611	1
81	1330	10.533967563408	4
81	1333	10.534191563408	1
81	1394	11.122464520289	4
81	1398	11.122688520289	1
81	1439	11.361381314686	4
81	1442	11.361605314686	1
81	1523	12.008458441208	4
81	1526	12.008682441208	1
81	1587	12.393551209933	4
81	1590	12.393775209933	1
81	1651	13.113785543284	4
81	1654	13.114009543284	1
81	1714	13.405638414799	4
81	1717	13.405862414799	1
81	1779	13.873105541422	4
81	1782	13.873329541422	1
81	1843	14.448674673765	4
81	1846	14.448898673765	1
81	1907	14.87888821763	4
81	1910	14.87911221763	1
81	1971	15.407946826323	4
81	1974	15.408170826323	1
81	2035	15.973613863337	4
81	2038	15.973837863337	1
81	2099	16.680057660668	4
81	2102	16.680281660668	1
81	2143	16.99899826794	4
81	2146	16.99922226794	1
81	2227	17.564243656854	4
81	2230	17.564467656854	1
81	2291	18.179957703399	4
81	2294	18.180181703399	1
81	2335	18.358730412732	4
81	2338	18.358954412732	1
81	2419	19.206941899555	4
81	2422	19.207165899555	1
81	2482	19.580274284995	4
81	2485	19.580498284995	1
81	2527	19.887382106567	4
81	2530	19.887606106567	1
81	2611	20.462279140195	4
81	2614	20.462503140195	1
81	2675	21.119292727663	4
81	2678	21.119516727663	1
81	2739	21.562150538797	4
81	2742	21.562374538797	1
81	2803	21.949037163137	4
81	2806	21.949261163137	1
81	2867	22.334388442329	4
81	2870	22.334612442329	1
81	2931	23.072727893377	4
81	2934	23.072951893377	1
81	2995	23.70259797982	4
81	2998	23.70282197982	1
81	3059	24.080134399692	4
81	3062	24.080358399692	1
81	3123	24.573041822939	4
81	3126	24.573265822939	1
81	3187	25.217138098358	4
81	3190	25.217362098358	1
81	3231	25.551758404999	4
81	3234	25.551982404999	1
81	3315	25.98476570732	4
81	3318	25.98498970732	1
81	3379	26.508897274165	4
81	3382	26.509121274165	1
81	3443	27.068422314516	4
81	3446	27.068646314516	1
81	3507	27.454221319119	4
81	3510	27.454445319119	1
81	3571	28.088919201019	4
81	3574	28.089143201019	1
81	3615	28.445898970022	4
81	3618	28.446122970022	1
81	3699	29.130356464806	4
81	3702	29.130580464806	1
81	3763	29.698846692676	4
81	3766	29.699070692676	1
81	3827	30.084029019336	4
81	3830	30.084253019336	1
81	3871	30.324446928865	4
81	3874	30.324670928865	1
81	3955	31.06815670942	4
81	3958	31.06838070942	1
81	4019	31.588482124536	4
81	4022	31.588706124536	1
81	4083	32.207796271695	4
81	4086	32.208020271695	1
81	4127	32.670295659537	4
81	4130	32.670519659537	1
81	4211	33.022868020824	4
81	4214	33.023092020824	1
81	4255	33.341304149284	4
81	4258	33.341528149284	1
81	4339	33.999481957676	4
81	4342	33.999705957676	1
81	4383	34.327013341049	4
81	4386	34.327237341049	1
81	4467	34.995702640704	4
81	4470	34.995926640704	1
81	4531	35.710852964307	4
81	4534	35.711076964307	1
81	4595	35.962796059708	4
81	4598	35.963020059708	1
81	4659	36.511375686611	4
81	4662	36.511599686611	1
81	4723	37.094482746618	4
81	4726	37.094706746618	1
81	4787	37.671208629376	4
81	4790	37.671432629376	1
81	4851	38.186312461263	4
81	4854	38.186536461263	1
81	4915	38.405747125382	4
81	4918	38.405971125382	1
81	4979	39.045093818373	4
81	4982	39.045317818373	1
81	5043	39.665059297709	4
81	5046	39.665283297709	1
81	5107	40.022605856499	4
81	5110	40.022829856499	1
81	5171	40.685707454747	4
81	5174	40.685931454747	1
81	5235	41.187481316915	4
81	5238	41.187705316915	1
81	5279	41.352263266771	4
81	5282	41.352487266771	1
81	5363	41.930105697727	4
81	5366	41.930329697727	1
81	5427	42.322760952814	4
81	5430	42.322984952814	1
81	5491	43.155955103776	4
81	5494	43.156179103776	1
81	5555	43.577887927546	4
81	5558	43.578111927546	1
81	5619	44.155572720981	4
81	5622	44.155796720981	1
81	5683	44.424910337842	4
81	5686	44.425134337842	1
81	5747	44.978146572775	4
81	5750	44.978370572775	1
81	5811	45.54014686578	4
81	5814	45.54037086578	1
81	5875	45.88499445635	4
81	5878	45.88521845635	1
81	5939	46.466941510412	4
81	5942	46.467165510412	1
81	6003	46.877594977422	4
81	6006	46.877818977422	1
81	6067	47.546865633866	4
81	6070	47.547089633866	1
81	6131	48.100513184434	4
81	6134	48.100737184434	1
81	6175	48.434408845092	4
81	6178	48.434632845092	1
81	6259	48.992333497657	4
81	6262	48.992557497657	1
81	6323	49.621460948689	4
81	6326	49.621684948689	1
81	6387	49.977457583408	4
81	6390	49.977681583408	1
81	6451	50.677433627835	4
81	6454	50.677657627835	1
81	6515	51.074586704178	4
81	6518	51.074810704178	1
81	6579	51.675640044446	4
81	6582	51.675864044446	1
81	6623	52.091040501269	4
81	6626	52.091264501269	1
81	6707	52.49869736488	4
81	6710	52.49892136488	1
81	6771	53.210446641679	4
81	6774	53.210670641679	1
81	6815	53.365499036098	4
81	6818	53.365723036098	1
81	6899	54.125827753163	4
81	6902	54.126051753163	1
81	6943	54.483746328848	4
81	6946	54.483970328848	1
81	7027	55.089193902994	4
81	7030	55.089417902994	1
81	7071	55.418936782135	4
81	7074	55.419160782135	1
81	7155	55.944305604967	4
81	7158	55.944529604967	1
81	7219	56.705184759563	4
81	7222	56.705408759563	1
81	7263	57.054404305472	4
81	7266	57.054628305472	1
81	7347	57.582885637778	4
81	7350	57.583109637778	1
81	7411	58.032300772789	4
81	7414	58.032524772789	1
81	7455	58.411231481368	4
81	7458	58.411455481368	1
81	7539	58.976965988977	4
81	7542	58.977189988977	1
81	7603	59.566541696517	4
81	7606	59.566765696517	1
81	7667	60.008965280736	4
81	7670	60.009189280736	1
81	7731	60.507071147478	4
81	7734	60.507295147478	1
81	7795	61.105448085527	4
81	7798	61.105672085527	1
81	7839	61.434214673648	4
81	7842	61.434438673648	1
81	7923	61.972403162523	4
81	7926	61.972627162523	1
81	7987	62.618686206537	4
81	7990	62.618910206537	1
81	8051	63.170399148567	4
81	8054	63.170623148567	1
81	8115	63.360163616101	4
81	8118	63.360387616101	1
81	8179	63.85596782676	4
81	8182	63.85619182676	1
81	8243	64.460636937889	4
81	8246	64.460860937889	1
81	8307	65.03974477415	4
81	8310	65.03996877415	1
81	8351	65.332468309617	4
81	8354	65.332692309617	1
81	8435	66.206602978511	4
81	8438	66.206826978511	1
81	8479	66.447417169614	4
81	8482	66.447641169614	1
81	8563	66.907523345193	4
81	8566	66.907747345193	1
81	8626	67.37552383327	4
81	8629	67.37574783327	1
81	8691	67.857922242759	4
81	8694	67.858146242759	1
81	8755	68.712635166282	4
81	8758	68.712859166282	1
81	8799	68.923154643542	4
81	8802	68.923378643542	1
81	8883	69.533827279034	4
81	8886	69.534051279034	1
81	8947	69.99818874159	4
81	8950	69.99841274159	1
81	9011	70.358845906044	4
81	9014	70.359069906044	1
81	9075	70.95994293633	4
81	9078	70.96016693633	1
81	9139	71.506717940784	4
81	9142	71.506941940784	1
81	9203	72.15547432405	4
81	9206	72.15569832405	1
81	9267	72.68087736982	4
81	9270	72.68110136982	1
81	9311	72.834042025908	4
81	9314	72.834266025908	1
81	9395	73.522344452227	4
81	9398	73.522568452227	1
81	9459	73.885757279294	4
81	9462	73.885981279294	1
81	9523	74.630638679388	4
81	9526	74.630862679388	1
81	9587	75.164991589254	4
81	9590	75.165215589254	1
81	9631	75.483576961877	4
81	9634	75.483800961877	1
81	9715	75.875007305379	4
81	9718	75.875231305379	1
81	9779	76.332307226668	4
81	9782	76.332531226668	1
81	9843	77.212048254805	4
81	9846	77.212272254805	1
81	9887	77.468334573219	4
81	9890	77.468558573219	1
81	9971	77.987048419184	4
81	9974	77.987272419184	1
81	10015	78.339253517232	4
81	10018	78.339477517232	1
81	10099	78.965216711993	4
81	10102	78.965440711993	1
81	10143	79.325669459897	4
81	10146	79.325893459897	1
81	10227	79.911315208758	4
81	10230	79.911539208758	1
81	10291	80.624982951293	4
81	10294	80.625206951293	1
81	10355	81.196667680415	4
81	10358	81.196891680415	1
81	10419	81.619017971205	4
81	10422	81.619241971205	1
81	10483	81.954779798529	4
81	10486	81.955003798529	1
81	10547	82.514837848945	4
81	10550	82.515061848945	1
81	10611	82.954612318697	4
81	10614	82.954836318697	1
81	10675	83.390814379315	4
81	10678	83.391038379315	1
81	10739	83.887412909223	4
81	10742	83.887636909223	1
81	10803	84.504398662588	4
81	10806	84.504622662588	1
81	10867	85.168847456938	4
81	10870	85.169071456938	1
81	10931	85.696666172511	4
81	10934	85.696890172511	1
81	10975	86.062319419152	4
81	10978	86.062543419152	1
81	11059	86.557680437239	4
81	11062	86.557904437239	1
81	11123	87.132475971329	4
81	11126	87.132699971329	1
81	11187	87.519028789634	4
81	11190	87.519252789634	1
81	11231	87.839166295613	4
81	11234	87.839390295613	1
81	11315	88.598657503157	4
81	11318	88.598881503157	1
81	11379	89.215976830377	4
81	11382	89.216200830377	1
81	11423	89.425923285718	4
81	11426	89.426147285718	1
81	11507	90.090654519378	4
81	11510	90.090878519378	1
81	11571	90.664730849108	4
81	11574	90.664954849108	1
81	11635	91.119355970892	4
81	11638	91.119579970892	1
81	11699	91.704814178395	4
81	11702	91.705038178395	1
81	11763	92.040715246546	4
81	11766	92.040939246546	1
81	11827	92.403974472909	4
81	11830	92.404198472909	1
81	11891	92.907995561502	4
81	11894	92.908219561502	1
81	11955	93.406518019261	4
81	11958	93.406742019261	1
81	12019	94.046847684859	4
81	12022	94.047071684859	1
81	12083	94.499861887368	4
81	12086	94.500085887368	1
81	12147	95.207112946073	4
81	12150	95.207336946073	1
81	12211	95.59123614979	4
81	12214	95.59146014979	1
81	12275	95.853136498938	4
81	12278	95.853360498938	1
81	12339	96.341585605955	4
81	12342	96.341809605955	1
81	12403	97.014153354513	4
81	12406	97.014377354513	1
81	12467	97.671420095573	4
81	12470	97.671644095573	1
81	12531	98.209580028235	4
81	12534	98.209804028235	1
81	12595	98.566081439788	4
81	12598	98.566305439788	1
81	12659	99.036017782884	4
81	12662	99.036241782884	1
81	12723	99.660863705343	4
81	12726	99.661087705343	1
81	12787	100.116552089053	4
81	12790	100.116776089053	1
81	12851	100.510456802687	4
81	12854	100.510680802687	1
81	12915	101.089850902642	4
81	12918	101.090074902642	1
81	12979	101.561836296497	4
81	12982	101.562060296497	1
81	13043	102.104897045242	4
81	13046	102.105121045242	1
81	13087	102.506817147127	4
81	13090	102.507041147127	1
81	13171	103.001424121475	4
81	13174	103.001648121475	1
81	13235	103.681585507645	4
81	13238	103.681809507645	1
81	13279	103.873906440465	4
81	13282	103.874130440465	1
81	13363	104.410706001325	4
81	13366	104.410930001325	1
81	13427	105.171652433733	4
81	13430	105.171876433733	1
81	13491	105.680788263018	4
81	13494	105.681012263018	1
81	13555	106.077332111998	4
81	13558	106.077556111998	1
81	13619	106.448891461166	4
81	13622	106.449115461166	1
81	13683	107.026902749008	4
81	13686	107.027126749008	1
81	13727	107.319040412261	4
81	13730	107.319264412261	1
81	13811	107.943762360318	4
81	13814	107.943986360318	1
81	13875	108.48919888706	4
81	13878	108.48942288706	1
81	13939	109.173153337828	4
81	13942	109.173377337828	1
81	14003	109.590970054074	4
81	14006	109.591194054074	1
81	14047	110.001470181058	4
81	14050	110.001694181058	1
81	14131	110.512381719137	4
81	14134	110.512605719137	1
81	14195	111.134514040677	4
81	14198	111.134738040677	1
81	14239	111.410795003726	4
81	14242	111.411019003726	1
81	14323	112.171137313909	4
81	14326	112.171361313909	1
81	14387	112.444495231091	4
81	14390	112.444719231091	1
81	14451	113.201998614511	4
81	14454	113.202222614511	1
81	14495	113.507718902445	4
81	14498	113.507942902445	1
81	14579	114.103651800743	4
81	14582	114.103875800743	1
81	14643	114.380495993505	4
81	14646	114.380719993505	1
81	14707	115.111195144328	4
81	14710	115.111419144328	1
81	14771	115.577524046125	4
81	14774	115.577748046125	1
81	14835	115.904970566733	4
81	14838	115.905194566733	1
81	14899	116.393601559559	4
81	14902	116.393825559559	1
81	14963	117.142050378109	4
81	14966	117.142274378109	1
81	15027	117.617850060473	4
81	15030	117.618074060473	1
81	15091	118.088957210156	4
81	15094	118.089181210156	1
81	15155	118.42977577298	4
81	15158	118.42999977298	1
81	15219	118.888981821007	4
81	15222	118.889205821007	1
81	15283	119.600807976807	4
81	15286	119.601031976807	1
81	15347	120.004278350706	4
81	15350	120.004502350706	1
81	15411	120.65518968626	4
81	15414	120.65541368626	1
81	15475	120.900964576742	4
81	15478	120.901188576742	1
81	15539	121.38500182069	4
81	15542	121.38522582069	1
81	15603	121.868951496473	4
81	15606	121.869175496473	1
81	15667	122.607850536416	4
81	15670	122.608074536416	1
81	15711	122.831199458419	4
81	15714	122.831423458419	1
81	15795	123.617815967175	4
81	15798	123.618039967175	1
81	15839	123.856056735563	4
81	15842	123.856280735563	1
81	15923	124.40599846988	4
81	15926	124.40622246988	1
81	15987	125.118720038785	4
81	15990	125.118944038785	1
82	0	0	1
82	115	0.89496531492	2
82	119	0.89518931492	1
82	155	1.327392568029	2
82	159	1.327616568029	1
82	199	1.68168139845	2
82	203	1.68190539845	1
82	283	2.426998330149	2
82	287	2.427222330149	1
82	347	2.955667731313	2
82	351	2.955891731313	1
82	411	3.338450966178	2
82	415	3.338674966178	1
82	475	3.946594842672	2
82	479	3.946818842672	1
82	539	4.282088203131	2
82	543	4.282312203131	1
82	583	4.589052455555	2
82	587	4.589276455555	1
82	647	5.186598382386	2
82	651	5.186822382386	1
82	731	5.899586824196	2
82	735	5.899810824196	1
82	819	6.613367036598	2
82	823	6.613591036598	1
82	859	6.823387441187	2
82	863	6.823611441187	1
82	947	7.6587245097	2
82	951	7.6589485097	1
82	987	7.928348913657	2
82	991	7.928572913657	1
82	1051	8.424198318234	2
82	1055	8.424422318234	1
82	1115	8.939644934571	2
82	1119	8.939868934571	1
82	1179	9.238103855083	2
82	1183	9.238327855083	1
82	1243	9.963463739547	2
82	1247	9.963687739547	1
82	1287	10.209391502811	2
82	1291	10.209615502811	1
82	1371	11.012059130854	2
82	1375	11.012283130854	1
82	1460	11.43142785156	2
82	1464	11.43165185156	1
82	1480	11.627470091133	2
82	1484	11.627694091133	1
82	1544	12.214504685773	2
82	1548	12.214728685773	1
82	1628	12.803468684534	2
82	1632	12.803692684534	1
82	1692	13.396469677667	2
82	1696	13.396693677667	1
82	1756	13.733235994129	2
82	1760	13.733459994129	1
82	1800	13.98084546063	2
82	1804	13.98106946063	1
82	1884	14.795952874105	2
82	1888	14.796176874105	1
82	1947	15.223950506615	2
82	1951	15.224174506615	1
82	2012	15.754944425783	2
82	2016	15.755168425783	1
82	2076	16.451337093449	2
82	2080	16.451561093449	1
82	2164	17.053009779806	2
82	2168	17.053233779806	1
82	2204	17.243025428763	2
82	2208	17.243249428763	1
82	2268	17.839280437919	2
82	2272	17.839504437919	1
82	2356	18.483044599331	2
82	2360	18.483268599331	1
82	2376	18.559234181567	2
82	2380	18.559458181567	1
82	2460	19.573872584066	2
82	2464	19.574096584066	1
82	2548	19.948753434474	2
82	2552	19.948977434474	1
82	2568	20.071759131233	2
82	2572	20.071983131233	1
82	2632	20.614073659534	2
82	2636	20.614297659534	1
82	2716	21.345688067525	2
82	2720	21.345912067525	1
82	2780	21.807858848161	2
82	2784	21.808082848161	1
82	2844	22.277339873517	2
82	2848	22.277563873517	1
82	2888	22.610053047686	2
82	2892	22.610277047686	1
82	2972	23.568301426115	2
82	2976	23.568525426115	1
82	3036	23.843639902546	2
82	3040	23.843863902546	1
82	3100	24.263909103124	2
82	3104	24.264133103124	1
82	3164	24.737789627406	2
82	3168	24.738013627406	1
82	3252	25.578605427182	2
82	3256	25.578829427182	1
82	3292	25.753299045525	2
82	3296	25.753523045525	1
82	3356	26.271514016444	2
82	3360	26.271738016444	1
82	3400	26.706891509386	2
82	3404	26.707115509386	1
82	3484	27.232234149108	2
82	3488	27.232458149108	1
82	3528	27.598595374784	2
82	3532	27.598819374784	1
82	3635	28.451675037815	2
82	3639	28.451899037815	1
82	3656	28.601396149825	2
82	3660	28.601620149825	1
82	3740	29.309213407486	2
82	3744	29.309437407486	1
82	3804	29.946560758965	2
82	3808	29.946784758965	1
82	3892	30.463511437325	2
82	3896	30.463735437325	1
82	3912	30.5126503117	2
82	3916	30.5128743117	1
82	3996	31.503558672088	2
82	4000	31.503782672088	1
82	4059	31.727145484983	2
82	4063	31.727369484983	1
82	4148	32.698604057783	2
82	4152	32.698828057783	1
82	4188	32.957980138863	2
82	4192	32.958204138863	1
82	4276	33.513796457144	2
82	4280	33.514020457144	1
82	4296	33.683466356489	2
82	4300	33.683690356489	1
82	4404	34.395411390213	2
82	4408	34.395635390213	1
82	4424	34.442912456634	2
82	4428	34.443136456634	1
82	4488	35.209049424491	2
82	4492	35.209273424491	1
82	4572	35.859155590142	2
82	4576	35.859379590142	1
82	4616	36.181476139425	2
82	4620	36.181700139425	1
82	4680	36.659090772326	2
82	4684	36.659314772326	1
82	4764	37.321900015937	2
82	4768	37.322124015937	1
82	4828	37.937137824724	2
82	4832	37.937361824724	1
82	4892	38.31219546167	2
82	4896	38.31241946167	1
82	4956	38.782959973121	2
82	4960	38.783183973121	1
82	5020	39.371958397756	2
82	5024	39.372182397756	1
82	5084	39.871439094151	2
82	5088	39.871663094151	1
82	5148	40.332129077668	2
82	5152	40.332353077668	1
82	5212	40.823507657143	2
82	5216	40.823731657143	1
82	5300	41.518083914982	2
82	5304	41.518307914982	1
82	5340	41.824205745905	2
82	5344	41.824429745905	1
82	5384	42.157757279704	2
82	5388	42.157981279704	1
82	5448	42.689949103313	2
82	5452	42.690173103313	1
82	5532	43.308898248578	2
82	5536	43.309122248578	1
82	5596	43.964642806685	2
82	5600	43.964866806685	1
82	5660	44.37155915737	2
82	5664	44.37178315737	1
82	5704	44.598410883228	2
82	5708	44.598634883228	1
82	5788	45.312975745982	2
82	5792	45.313199745982	1
82	5832	45.648413885998	2
82	5836	45.648637885998	1
82	5916	46.316794467679	2
82	5920	46.317018467679	1
82	5960	46.569043703246	2
82	5964	46.569267703246	1
82	6044	47.248945593143	2
82	6048	47.249169593143	1
82	6108	47.755092821324	2
82	6112	47.755316821324	1
82	6196	48.494814792609	2
82	6200	48.495038792609	1
82	6236	48.919508263058	2
82	6240	48.919732263058	1
82	6280	49.192058753556	2
82	6284	49.192282753556	1
82	6364	49.952147883045	2
82	6368	49.952371883045	1
82	6428	50.314498353991	2
82	6432	50.314722353991	1
82	6492	51.006558388433	2
82	6496	51.006782388433	1
82	6556	51.264043356439	2
82	6560	51.264267356439	1
82	6644	52.156963648143	2
82	6648	52.157187648143	1
82	6684	52.370114652681	2
82	6688	52.370338652681	1
82	6748	52.937484831324	2
82	6752	52.937708831324	1
82	6836	53.584697816761	2
82	6840	53.584921816761	1
82	6855	53.59046235267	2
82	6859	53.59068635267	1
82	6964	54.551570881027	2
82	6968	54.551794881027	1
82	7004	54.742572624384	2
82	7008	54.742796624384	1
82	7092	55.541859183329	2
82	7096	55.542083183329	1
82	7132	55.751669932491	2
82	7136	55.751893932491	1
82	7196	56.397223748787	2
82	7200	56.397447748787	1
82	7284	57.082421396168	2
82	7288	57.082645396168	1
82	7324	57.444730018041	2
82	7328	57.444954018041	1
82	7388	57.883639391008	2
82	7392	57.883863391008	1
82	7476	58.514958228692	2
82	7480	58.515182228692	1
82	7516	58.769051559976	2
82	7520	58.769275559976	1
82	7580	59.246732006556	2
82	7584	59.246956006556	1
82	7644	59.909322983267	2
82	7648	59.909546983267	1
82	7688	60.116866560986	2
82	7692	60.117090560986	1
82	7771	60.727925073969	2
82	7775	60.728149073969	1
82	7860	61.469741500876	2
82	7864	61.469965500876	1
82	7880	61.650469717624	2
82	7884	61.650693717624	1
82	7964	62.319833333286	2
82	7968	62.320057333286	1
82	8028	62.890417685973	2
82	8032	62.890641685973	1
82	8092	63.324812775998	2
82	8096	63.325036775998	1
82	8136	63.579700547232	2
82	8140	63.579924547232	1
82	8200	64.184177791382	2
82	8204	64.184401791382	1
82	8284	64.797210043072	2
82	8288	64.797434043072	1
82	8372	65.369698876476	2
82	8376	65.369922876476	1
82	8392	65.693972635789	2
82	8396	65.694196635789	1
82	8500	66.567668288255	2
82	8504	66.567892288255	1
82	8539	66.720208543407	2
82	8543	66.720432543407	1
82	8604	67.366365984509	2
82	8608	67.366589984509	1
82	8648	67.62277258193	2
82	8652	67.62299658193	1
82	8712	68.132492210491	2
82	8716	68.132716210491	1
82	8820	69.169628509561	2
82	8824	69.169852509561	1
82	8860	69.34585624026	2
82	8864	69.34608024026	1
82	8924	69.915606713257	2
82	8928	69.915830713257	1
82	8968	70.138503496218	2
82	8972	70.138727496218	1
82	9052	70.826862951236	2
82	9056	70.827086951236	1
82	9116	71.345863455682	2
82	9120	71.346087455682	1
82	9180	72.006480741928	2
82	9184	72.006704741928	1
82	9244	72.315477645917	2
82	9248	72.315701645917	1
82	9332	72.999263198449	2
82	9336	72.999487198449	1
82	9352	73.128351794052	2
82	9356	73.128575794052	1
82	9436	73.868792279212	2
82	9440	73.869016279212	1
82	9480	74.035509272254	2
82	9484	74.035733272254	1
82	9564	75.070065970308	2
82	9568	75.070289970308	1
82	9652	75.58814317338	2
82	9656	75.58836717338	1
82	9692	75.811441259606	2
82	9696	75.811665259606	1
82	9736	76.138104624449	2
82	9740	76.138328624449	1
82	9800	76.460198022759	2
82	9804	76.460422022759	1
82	9908	77.591243763788	2
82	9912	77.591467763788	1
82	9948	77.749975645317	2
82	9952	77.750199645317	1
82	10036	78.376094661242	2
82	10040	78.376318661242	1
82	10076	78.786030447631	2
82	10080	78.786254447631	1
82	10164	79.455649316831	2
82	10168	79.455873316831	1
82	10204	79.768214797097	2
82	10208	79.768438797097	1
82	10248	80.016224841363	2
82	10252	80.016448841363	1
82	10332	80.869198174922	2
82	10336	80.869422174922	1
82	10396	81.588887905105	2
82	10400	81.589111905105	1
82	10460	81.787893842215	2
82	10464	81.788117842215	1
82	10524	82.263418439737	2
82	10528	82.263642439737	1
82	10568	82.636797043363	2
82	10572	82.637021043363	1
82	10632	83.134834928865	2
82	10636	83.135058928865	1
82	10696	83.498447096962	2
82	10700	83.498671096962	1
82	10780	84.305115990209	2
82	10784	84.305339990209	1
82	10824	84.694192535671	2
82	10828	84.694416535671	1
82	10908	85.407212128358	2
82	10912	85.407436128358	1
82	10996	86.168122689574	2
82	11000	86.168346689574	1
82	11036	86.444309178888	2
82	11040	86.444533178888	1
82	11080	86.670640006809	2
82	11084	86.670864006809	1
82	11164	87.298577633928	2
82	11168	87.298801633928	1
82	11252	87.867844152318	2
82	11256	87.868068152318	1
82	11272	88.170281729716	2
82	11276	88.170505729716	1
82	11356	88.794038629121	2
82	11360	88.794262629121	1
82	11444	89.689886431078	2
82	11448	89.690110431078	1
82	11484	89.771733666732	2
82	11488	89.771957666732	1
82	11548	90.405131638291	2
82	11552	90.405355638291	1
82	11612	91.000918840206	2
82	11616	91.001142840206	1
82	11676	91.511628781407	2
82	11680	91.511852781407	1
82	11740	91.929816176611	2
82	11744	91.930040176611	1
82	11804	92.3002276735	2
82	11808	92.3004516735	1
82	11848	92.588135974536	2
82	11852	92.588359974536	1
82	11912	93.082696763667	2
82	11916	93.082920763667	1
82	11996	93.884490974674	2
82	12000	93.884714974674	1
82	12060	94.442892003487	2
82	12064	94.443116003487	1
82	12124	94.796269408109	2
82	12128	94.796493408109	1
82	12188	95.398302797748	2
82	12192	95.398526797748	1
82	12252	95.793202742895	2
82	12256	95.793426742895	1
82	12296	95.976572163923	2
82	12300	95.976796163923	1
82	12360	96.615576257518	2
82	12364	96.615800257518	1
82	12444	97.239095705243	2
82	12448	97.239319705243	1
82	12508	98.050181489865	2
82	12512	98.050405489865	1
82	12572	98.460904763135	2
82	12576	98.461128763135	1
82	12636	98.738146910778	2
82	12640	98.738370910778	1
82	12680	99.146113274394	2
82	12684	99.146337274394	1
82	12764	99.787987557667	2
82	12768	99.788211557667	1
82	12828	100.488533199354	2
82	12832	100.488757199354	1
82	12892	100.792159538491	2
82	12896	100.792383538491	1
82	12956	101.404706586114	2
82	12960	101.404930586114	1
82	13020	102.020728812607	2
82	13024	102.020952812607	1
82	13108	102.601256623639	2
82	13112	102.601480623639	1
82	13128	102.693799939527	2
82	13132	102.694023939527	1
82	13212	103.3668794029	2
82	13216	103.3671034029	1
82	13300	103.887138458862	2
82	13304	103.887362458862	1
82	13320	103.982390842362	2
82	13324	103.982614842362	1
82	13404	104.814281462094	2
82	13408	104.814505462094	1
82	13468	105.399883291645	2
82	13472	105.400107291645	1
82	13532	105.934397819507	2
82	13536	105.934621819507	1
82	13596	106.412882958966	2
82	13600	106.413106958966	1
82	13660	106.881534844226	2
82	13664	106.881758844226	1
82	13748	107.378719488586	2
82	13752	107.378943488586	1
82	13788	107.76832467528	2
82	13792	107.76854867528	1
82	13832	108.153403173628	2
82	13836	108.153627173628	1
82	13916	108.908641619197	2
82	13920	108.908865619197	1
82	13980	109.347631715107	2
82	13984	109.347855715107	1
82	14068	110.072310717366	2
82	14072	110.072534717366	1
82	14108	110.376689490172	2
82	14112	110.376913490172	1
82	14152	110.698808790239	2
82	14156	110.699032790239	1
82	14260	111.613686278517	2
82	14264	111.613910278517	1
82	14300	111.803361324741	2
82	14304	111.803585324741	1
82	14364	112.372937972061	2
82	14368	112.373161972061	1
82	14408	112.630044021047	2
82	14412	112.630268021047	1
82	14515	113.509502899049	2
82	14519	113.509726899049	1
82	14536	113.618207987825	2
82	14540	113.618431987825	1
82	14620	114.28686383223	2
82	14624	114.28708783223	1
82	14664	114.650594179573	2
82	14668	114.650818179573	1
82	14748	115.361087135746	2
82	14752	115.361311135746	1
82	14812	115.86317821523	2
82	14816	115.86340221523	1
82	14856	116.116246050092	2
82	14860	116.116470050092	1
82	14939	116.728539297691	2
82	14943	116.728763297691	1
82	15004	117.587816618624	2
82	15008	117.588040618624	1
82	15068	117.765086803454	2
82	15072	117.765310803454	1
82	15132	118.396132854613	2
82	15136	118.396356854613	1
82	15176	118.582827016859	2
82	15180	118.583051016859	1
82	15260	119.275949692967	2
82	15264	119.276173692967	1
82	15324	119.859455858319	2
82	15328	119.859679858319	1
82	15388	120.330670873782	2
82	15392	120.330894873782	1
82	15452	120.82872562209	2
82	15456	120.82894962209	1
82	15496	121.059127681757	2
82	15500	121.059351681757	1
82	15560	121.680448334533	2
82	15564	121.680672334533	1
82	15624	122.111420590485	2
82	15628	122.111644590485	1
82	15732	123.084247317034	2
82	15736	123.084471317034	1
82	15772	123.237553559391	2
82	15776	123.237777559391	1
82	15860	124.017505416981	2
82	15864	124.017729416981	1
82	15900	124.317768631372	2
82	15904	124.317992631372	1
82	15944	124.539591443779	2
82	15948	124.539815443779	1
82	16028	125.439821027367	2
82	16032	125.440045027367	1
